file,T_inf,atmosphere_type,mass_case,flux_case,weighted_mass_loss_kg_s_const,dominant_escaping_species_const,dominant_lambda_j_const,dominant_species_Mdot_kg_s_const,jeans_valid_const,T_exo_K_const,exobase_altitude_km_const,exobase_radius_m_const,exobase_index_const,weighted_mass_loss_kg_s_diss,dominant_escaping_species_diss,dominant_lambda_j_diss,dominant_species_Mdot_kg_s_diss,jeans_valid_diss,T_exo_K_diss,exobase_altitude_km_diss,exobase_radius_m_diss,exobase_index_diss,ratio_diss_const,delta_log10_Mdot,both_jeans_valid
H2_atmosphere_1_M_earth_1_F_earth.csv,200,H2,1_M_earth,1_F_earth,1.2992209038501114e-14,H,25.34905420709377,2.367218516524381e-10,True,199.3869134410463,3173.34433752753,9484971.28372753,338,3.208783220084817e-06,H,25.07713021352359,3.543057492657206e-06,True,199.7727036945128,3257.679190437926,9569306.136637926,420,246977493.24813882,8.392657378346723,True
H2_atmosphere_1_M_earth_1_F_earth.csv,300,H2,1_M_earth,1_F_earth,9.571674835153698e-10,H,16.855868090117813,6.363807288165339e-07,True,296.4094368308889,3283.5122798833363,9595139.226083336,340,0.0092376596502726,H,16.511894221887843,0.0101999907733407,True,298.66883112826645,3409.2989133702927,9720925.859570293,422,9651037.88978041,6.984574020656369,True
H2_atmosphere_1_M_earth_1_F_earth.csv,500,H2,1_M_earth,1_F_earth,0.0004331359175799,H2,19.906542296131427,0.0005582973899828,True,490.65410644397326,3504.793642292414,9816420.588492414,342,4.252354103423225,H,9.624072985635047,4.695342138808313,True,496.6179428775524,3718.654432187764,10030281.378387764,426,9817.59750422637,3.9920052231929977,True
H2_atmosphere_1_M_earth_1_F_earth.csv,1000,H2,1_M_earth,1_F_earth,5.444651216028172,H2,9.429090670924898,7.018238334152502,True,977.9961818651788,4085.5983637003937,10397225.309900394,349,272.93720129722806,H,4.459471450796313,301.3703730523343,True,992.2277335400906,4522.64372289004,10834270.66909004,435,50.129418849410435,1.7000926698642571,True
H2_atmosphere_1_M_earth_1_F_earth.csv,2000,H2,1_M_earth,1_F_earth,356.6661207760379,H2,4.191706218262096,459.7481519269611,True,1959.2688164089395,5362.907296859169,11674534.24305917,364,1302.2084931589711,H,1.9169452952975412,1437.86577078871,True,1986.2925800749956,6278.829970194543,12590456.916394545,454,3.651057438047696,0.5624186652781165,True
H2_atmosphere_1_M_earth_1_F_earth.csv,3000,H2,1_M_earth,1_F_earth,1078.0201924941878,H2,2.485998664705957,1389.5846972879306,True,2946.724021463766,6776.698100252496,13088325.046452496,378,1718.2540042333292,H,1.1063956920682596,1897.251094536954,False,2982.9179819937585,8214.259425921682,14525886.372121682,472,1.593897791708195,0.20246046892941233,False
H2_atmosphere_1_M_earth_1_F_earth.csv,4000,H2,1_M_earth,1_F_earth,1620.9925905639925,H2,1.6621158881858091,2089.469673448904,True,3939.0782493764864,8332.669694000193,14644296.640200194,392,1800.3741307763023,H,0.725221824807758,1987.8333165527376,False,3980.93355868798,10293.363739562006,16604990.685762009,488,1.1106615423515893,0.045581734293392934,False
H2_atmosphere_1_M_earth_1_F_earth.csv,5000,H2,1_M_earth,1_F_earth,1922.5689767416704,H2,1.1908097724534086,2477.792213009184,False,4934.3192699495785,10005.916958183752,16317543.904383752,405,1739.225523437416,H,0.5107096283419571,1919.5957595191685,False,4980.176993316986,12536.821567678437,18848448.513878435,504,0.9046362156457028,-0.04352602996589555,False
H2_atmosphere_1_M_earth_1_F_earth.csv,6000,H2,1_M_earth,1_F_earth,2044.4584421107284,H2,0.8917870760305858,2632.0250060197955,False,5932.236498443048,11811.986716325742,18123613.662525743,418,1647.8844238642157,H,0.3776856104556521,1816.7081886331453,False,5980.037408412508,14913.978708829736,21225605.655029736,519,0.8060249061178842,-0.09365153831594525,False
H2_atmosphere_1_M_earth_1_F_earth.csv,7000,H2,1_M_earth,1_F_earth,2061.5234043497508,H2,0.6893899386705722,2644.997806880032,False,6932.1516718330495,13751.167772830458,20062794.71903046,431,1577.1909837528742,H,0.2899760009998017,1735.2966913153807,False,6980.012419164133,17373.525223349476,23685152.169549476,532,0.7650609158377973,-0.11630398398498526,False
H2_atmosphere_10_M_earth_1_F_earth.csv,200,H2,10_M_earth,1_F_earth,0.0312733675538969,H,9.027614590521765,0.6351200733359776,True,199.97548078824448,147048.4007509079,265549000.7509079,676,88.68689637562638,H,8.809624988285664,88.68689637855526,True,199.98723010012935,153603.28595096947,272103885.95096946,728,2835.8601363534744,3.4526848077847356,True
H2_atmosphere_10_M_earth_1_F_earth.csv,300,H2,10_M_earth,1_F_earth,23.860350998826537,H2,10.547019188489315,23.937716562654614,True,299.9485600852664,184572.8613552789,303073461.3552789,692,1825.5299124674943,H,5.104297885504343,1825.5299125277827,True,299.9735434759134,194593.91964079428,313094519.6407943,745,76.5089295022221,1.8837121254441545,True
H2_atmosphere_10_M_earth_1_F_earth.csv,500,H2,10_M_earth,1_F_earth,2433.430255312352,H2,5.008707094107084,2451.423881167862,True,499.9196272985365,264411.0708594644,382911670.8594644,720,11842.510555665698,H,2.397603184362592,11842.510556056795,True,499.9591781513258,281428.10667896585,399928706.67896587,774,4.866591318905751,0.6872248770846154,True
H2_atmosphere_10_M_earth_1_F_earth.csv,1000,H2,10_M_earth,1_F_earth,22781.67806388758,H2,1.589385653027979,22955.51657275287,True,999.9030928369816,484804.8192528238,603305419.2528238,774,22380.6848530054,H,0.7507325104320777,22380.684853744515,False,999.9519997944568,520101.0763844778,638601676.3844779,830,0.9823984339626933,-0.007712338509404721,False
H2_atmosphere_10_M_earth_1_F_earth.csv,2000,H2,10_M_earth,1_F_earth,28267.66673788793,H2,0.4355080974951651,28483.9388583322,False,1999.915273348856,982320.1192783671,1100820719.2783673,846,18696.205227180195,H,0.2044067156127909,18696.205227797636,False,1999.958556271883,1054176.0417966298,1172676641.7966297,903,0.6613989545207549,-0.17953649591494664,False
H2_atmosphere_10_M_earth_1_F_earth.csv,3000,H2,10_M_earth,1_F_earth,24412.650608271804,H2,0.1944400159926522,24599.472076024635,False,2999.9287101180867,1525219.4176029975,1643720017.6029975,894,15479.853539783133,H,0.0912361100084139,15479.853540294353,False,2999.9651288178675,1633004.733634153,1751505333.634153,951,0.6340914711874036,-0.19784808822789104,False
H2_atmosphere_10_M_earth_1_F_earth.csv,4000,H2,10_M_earth,1_F_earth,21298.831196342733,H2,0.1081259096391114,21461.83119394745,False,3999.93877187534,2098374.9264494707,2216875526.4494705,930,13567.12908202055,H,0.0508254525694311,13567.129082468606,False,3999.9696723908,2239568.231616968,2358068831.616967,986,0.6369893707759039,-0.19586781452789326,False
H2_atmosphere_10_M_earth_1_F_earth.csv,5000,H2,10_M_earth,1_F_earth,19225.856119554453,H2,0.0682372652516416,19372.99357632148,False,4999.945755873932,2691701.283900423,2810201883.900423,958,12018.988836848304,H,0.0320684486097835,12018.988837245228,False,4999.973466686311,2871345.1347019044,2989845734.7019043,1015,0.6251471332204496,-0.2040177560550025,False
H2_atmosphere_10_M_earth_1_F_earth.csv,6000,H2,10_M_earth,1_F_earth,17456.97132136079,H2,0.0466746536642002,17590.571962120495,False,5999.951605989746,3305198.392286787,3423698992.286787,982,11044.220949884211,H,0.0219776855335349,11044.220950248946,False,5999.976029404154,3516989.45176712,3635490051.76712,1038,0.6326538977795205,-0.19883381192847713,False
H2_atmosphere_10_M_earth_1000_F_earth.csv,200,H2,10_M_earth,1000_F_earth,50.76441519574366,H,8.31467337844168,87.12610310826348,True,199.9788339038749,169813.0508950321,288313650.8950321,689,154.5151590300892,H,8.18066177687477,154.51515957348772,True,199.98510416466013,174526.87639682973,293027476.3968297,717,3.0437691133501823,0.48341170571976166,True
H2_atmosphere_10_M_earth_1000_F_earth.csv,300,H2,10_M_earth,1000_F_earth,956.8679824899835,H,4.693249294302655,1623.1039234528796,True,299.9582052668366,222033.07161768957,340533671.61768955,709,2787.4501492523905,H,4.597595198517287,2787.4501590552886,True,299.97058657110904,229103.6102032569,347604210.20325685,737,2.9130979406363084,0.4643550861940468,True
H2_atmosphere_10_M_earth_1000_F_earth.csv,500,H2,10_M_earth,1000_F_earth,6036.2126416958745,H,2.1189053741489965,9037.869196458158,True,499.9396577331614,334048.0564755326,452548656.4755326,743,14829.11679635864,H,2.0631830569513805,14829.116848509642,True,499.95806307523566,346253.3519224792,464753951.9224792,772,2.4566922467119046,0.3903507552077702,True
H2_atmosphere_10_M_earth_1000_F_earth.csv,1000,H2,10_M_earth,1000_F_earth,13376.163744797272,H,0.6280900627796974,14937.486644348472,False,999.9343129064114,644809.5494145417,763310149.4145417,805,23669.47417804878,H,0.6079631444606141,23669.474261289528,False,999.9549177205728,670063.0573104891,788563657.3104892,835,1.7695263477359227,0.24785703354100042,False
H2_atmosphere_10_M_earth_1000_F_earth.csv,2000,H2,10_M_earth,1000_F_earth,11891.22589065303,H,0.1637365828770597,11982.4172366726,False,1999.946776578321,1345462.9716403598,1463963571.64036,883,18907.7178296224,H,0.158274537219076,18907.71789611701,False,1999.9634717714373,1395971.632213788,1514472232.213788,913,1.5900562316694875,0.20141248323362163,False
H2_atmosphere_10_M_earth_1000_F_earth.csv,3000,H2,10_M_earth,1000_F_earth,9915.619814071371,H2,0.1436265722309251,9954.566086369325,False,2999.9563394234174,2106728.3253684803,2225228925.36848,933,15579.323696166532,H,0.0694484052565184,15579.323750955862,False,2999.970034930669,2182492.077567824,2300992677.5678244,963,1.5711901009009777,0.19622873423002807,False
H2_atmosphere_10_M_earth_1000_F_earth.csv,4000,H2,10_M_earth,1000_F_earth,8587.660915129847,H2,0.0791899469143946,8645.162209184538,False,3999.9629749932137,2908401.700082428,3026902300.082428,970,13447.00841547069,H,0.0383161099935986,13447.008462761098,False,3999.974589046181,3009420.4822994843,3127921082.2994843,1000,1.5658522790274105,0.19475078873770132,False
H2_atmosphere_10_M_earth_1000_F_earth.csv,5000,H2,10_M_earth,1000_F_earth,7686.128233734367,H2,0.0497147546701659,7743.527937134878,False,4999.96761060454,3738697.418061356,3857198018.061356,999,12013.489797142378,H,0.0240693638266282,12013.48983939139,False,4999.977770552831,3864971.188204474,3983471788.204474,1029,1.5630092852751596,0.19396155801393214,False
H2O_atmosphere_1_M_earth_1_F_earth.csv,200,H2O,1_M_earth,1_F_earth,11.972734694153573,H,7.519293773754879,47.12536912755875,True,199.55931316231897,25636.09822345991,31948123.59685991,456,69.42871546244393,H,7.378360444333399,88.45015345979216,True,199.852257559129,26198.611954219403,32510637.327619404,543,5.798902024977367,0.7633457712122363,True
H2O_atmosphere_1_M_earth_1_F_earth.csv,300,H2O,1_M_earth,1_F_earth,97.45685778257966,H,4.849733921409723,375.69694126371263,True,299.0207462646724,26745.86813343671,33057893.50683671,461,553.024666161567,H,4.718833394022835,704.5372546968779,True,299.6717003442837,27589.09358396553,33901118.95736553,548,5.67455876112209,0.7539320975726641,True
H2O_atmosphere_1_M_earth_1_F_earth.csv,500,H2O,1_M_earth,1_F_earth,471.665149926996,H,2.7246813239317547,1576.190506172217,True,498.0675734614865,29013.64614171768,35325671.515117675,468,2217.6454217691157,H,2.610155592959694,2825.2154251793377,True,499.3761045608065,30467.003285166564,36779028.65856656,558,4.701736861653572,0.6722583196571327,True
H2O_atmosphere_1_M_earth_1_F_earth.csv,1000,H2O,1_M_earth,1_F_earth,1361.9521233833125,H,1.160071559397709,3045.916555849683,False,996.4830432276336,35158.51712665257,41470542.50005257,488,4152.925417205422,H,1.0790830313438315,5290.704249936865,False,998.9065234463288,38162.84557412424,44474870.94752424,581,3.0492447905502535,0.48419229052405605,False
H2O_atmosphere_1_M_earth_1_F_earth.csv,2000,H2O,1_M_earth,1_F_earth,1804.258653459029,H2,0.8688887303701088,3753.046435149433,False,1995.0778784784632,48997.558023704005,55309583.39710401,522,3985.108043003057,H,0.3895250875317578,5054.006038823738,False,1998.5446315818533,55268.74590096992,61580771.274369925,619,2.20872325337779,0.3441413034403364,False
H2O_atmosphere_1_M_earth_1_F_earth.csv,3000,H2O,1_M_earth,1_F_earth,2471.640690889487,H2,0.4511793827896571,3596.785638473504,False,2994.820707412466,64646.45916668087,70958484.54008088,552,3516.714408333588,H,0.1982101875986375,4252.883897787216,False,2998.525228664902,74348.44112330998,80660466.49670999,652,1.4228259072187401,0.15315176434316757,False
H2O_atmosphere_1_M_earth_1_F_earth.csv,4000,H2O,1_M_earth,1_F_earth,4011.634199670963,H2O,2.457340190621459,5364.4690378306,True,3994.899789090096,81589.36426412997,87901389.63752997,577,3304.4157567940856,H,0.1185874908767853,3721.188376919757,False,3998.583777588726,94787.54948301298,101099574.85641298,679,0.8237081429471103,-0.08422664068195111,False
H2O_atmosphere_1_M_earth_1_F_earth.csv,5000,H2O,1_M_earth,1_F_earth,5257.233173918378,H2O,1.62757577544962,8291.505993195295,True,4995.193189935841,99826.5875466644,106138612.9200644,600,3133.748494441034,H,0.0782007322312388,3343.773510681453,False,4998.665248896594,116327.23869464934,122639264.06804934,702,0.5960832230131718,-0.22469310138028123,False
H2O_atmosphere_1_M_earth_1_F_earth.csv,6000,H2O,1_M_earth,1_F_earth,6015.48252406181,H2O,1.1506147445185262,10083.90187432722,False,5995.4368594335165,118776.11776465947,125088143.13805948,619,2965.0220804713945,H,0.055082057503072,3060.340151899792,False,5998.74872802845,138773.33208148583,145085357.45488584,722,0.49289846136388316,-0.30724253754058556,False
H2O_atmosphere_1_M_earth_1_F_earth.csv,7000,H2O,1_M_earth,1_F_earth,6255.9507109754095,H2O,0.8504373053724759,10784.944074133124,False,6995.740586334812,138729.0178478251,145041043.2212251,637,2829.9341678006967,H,0.0407363194110851,2864.4693998644198,False,6998.8172494828,161834.5275023673,168146552.8757673,739,0.4523587698406693,-0.34451698563579874,False
H2O_atmosphere_1_M_earth_1000_F_earth.csv,200,H2O,1_M_earth,1000_F_earth,2.629366186236301e-07,H,23.705638810480004,4.613765649734122e-06,True,258.8206749954309,1501.7111561369366,7813469.240536937,221,2.1263089097450187e-07,H,27.78049946521401,4.449587091649917e-07,True,220.3152640788256,1520.9131549832168,7832671.239383217,309,0.8086773614399586,-0.09222471459844946,True
H2O_atmosphere_1_M_earth_1000_F_earth.csv,300,H2O,1_M_earth,1000_F_earth,6.969431424024701e-05,H,17.704368469342192,0.0012229305832627,True,346.1494582762882,1510.8295895813387,7822587.673981339,221,0.0005732131346793,H,19.34231155182748,0.0011995255031591,True,315.74752835870163,1537.8179643052313,7849576.048705231,310,8.224675727539928,0.9151187841276366,True
H2O_atmosphere_1_M_earth_1000_F_earth.csv,500,H2O,1_M_earth,1000_F_earth,0.0148374323506532,H,11.744586425932376,0.2603531721386647,True,520.5571691364769,1529.547429105443,7841305.513505443,222,0.4533076269964919,H,11.992524061455462,0.9486071174258136,True,507.0999579612619,1571.220782150805,7882978.866550805,310,30.55162215964783,1.4850342743586276,True
H2O_atmosphere_1_M_earth_1000_F_earth.csv,1000,H2O,1_M_earth,1000_F_earth,1.4119614273917829,H,6.344799049900841,24.77166103883073,True,957.9618804567104,1575.543291282869,7887301.375682869,222,63.53585555129786,H,6.102776939027397,132.9573146320919,True,985.8276328053804,1656.548795898214,7968306.880298214,312,44.99829408843213,1.653196049730372,True
H2O_atmosphere_1_M_earth_1000_F_earth.csv,2000,H2O,1_M_earth,1000_F_earth,12.772639300158216,H,3.269583541832193,223.36086819902408,True,1836.763432999791,1670.9247069707726,7982682.791370773,224,561.2546935804227,H,3.0277592856413547,1174.5008583832036,True,1944.9678388983657,1828.9234650915616,8140681.549491562,314,43.94195125931962,1.6428793380269122,True
H2O_atmosphere_1_M_earth_1000_F_earth.csv,3000,H2O,1_M_earth,1000_F_earth,23.52633119775961,H,2.183231736687984,408.8743473093517,True,2717.989053974931,1767.044506078873,8078802.590478873,225,962.3083491417118,H,1.9821399339703611,2013.7595195242827,True,2907.1949246659838,2007.5282511016064,8319286.335501607,317,40.90346008702587,1.6117600472039855,True
H2O_atmosphere_1_M_earth_1000_F_earth.csv,4000,H2O,1_M_earth,1000_F_earth,29.407760521389307,H,1.624864929281474,507.7986570684485,True,3606.8689440895087,1868.121448651064,8179879.533051064,227,1156.8764228975076,H,1.4559798723003186,2420.9193213359995,False,3872.1806989072447,2191.4645128217267,8503222.597221727,320,39.33915410036308,1.59482501716201,False
H2O_atmosphere_1_M_earth_1000_F_earth.csv,5000,H2O,1_M_earth,1000_F_earth,32.607127688108214,H,1.287999369312529,559.9017302914091,False,4495.152600844637,1968.3202455042156,8280078.329904215,228,1249.9988390720523,H,1.1405717006833436,2615.787397476297,False,4837.829247314864,2376.273832331301,8688031.916731302,322,38.33514104733382,1.5835970655045024,False
H2O_atmosphere_1_M_earth_1000_F_earth.csv,6000,H2O,1_M_earth,1000_F_earth,33.60704969039011,H,1.0597878202797175,574.3368374118387,False,5393.546923839927,2075.135832973415,8386893.917373415,230,1264.798728671405,H,0.9294020124256211,2646.696585998969,False,5807.530048894498,2570.010660080848,8881768.744480848,325,37.634923039170324,1.5755910322688482,False
H2O_atmosphere_1_M_earth_1000_F_earth.csv,7000,H2O,1_M_earth,1000_F_earth,34.17793135200079,H,0.8977924297655936,581.2315292924417,False,6288.536648925166,2179.440540163815,8491198.624563815,231,1249.9616199401223,H,0.7786881499978304,2615.1607495992453,False,6779.593238552982,2769.1092659758665,9080867.350375868,328,36.57218475473792,1.5631509050628418,False
H2O_atmosphere_10_M_earth_1_F_earth.csv,200,H2O,10_M_earth,1_F_earth,0.0001013248306423,H,16.960869281235794,0.0072269418296648,True,199.7554786965869,22996.56180530274,141497161.80530274,466,0.1107283082407634,H,16.831925874830233,0.1617499850353209,True,199.9444647329141,23945.75468396693,142446354.68396693,584,1092.8052634172157,3.038542778090338,True
H2O_atmosphere_10_M_earth_1_F_earth.csv,300,H2O,10_M_earth,1_F_earth,0.0177025679947792,H,11.213624784249124,1.261296570094117,True,299.23420059809666,24368.16346986729,142868763.4698673,467,19.437061933090543,H,11.081133722400644,28.39332169666973,True,299.8260729281036,25790.964734134704,144291564.7341347,585,1097.97979246982,3.04059434730933,True
H2O_atmosphere_10_M_earth_1_F_earth.csv,500,H2O,10_M_earth,1_F_earth,0.947757172110305,H,6.6068654787409375,61.27366163073687,True,498.23055726018697,27135.389543127745,145635989.54312775,469,913.0400089672178,H,6.481379581097723,1333.7529502029222,True,499.6080978052576,29545.71768400514,148046317.68400514,589,963.3691369849674,2.983792728908222,True
H2O_atmosphere_10_M_earth_1_F_earth.csv,1000,H2O,10_M_earth,1_F_earth,42.60210975929227,H,3.151402125508937,745.1291274302108,True,995.9880208470244,34233.70628365764,152734306.28365764,475,10934.933684860309,H,3.044641305051712,15973.560763183816,True,999.1225055870304,39093.392696762174,157593992.69676217,596,256.67587231346465,2.4093850466472846,True
H2O_atmosphere_10_M_earth_1_F_earth.csv,2000,H2O,10_M_earth,1_F_earth,397.1188021772562,H2,2.8717830612544644,4947.663232980829,True,1992.3757886683768,49071.47438764572,167572074.38764572,486,24534.844895548013,H,1.3512401120320874,35840.07384350357,False,1998.3941160866752,59033.124400830566,177533724.40083057,610,61.78212857470482,1.7908628669360342,False
H2O_atmosphere_10_M_earth_1_F_earth.csv,3000,H2O,10_M_earth,1_F_earth,698.9979013206244,H2,1.7508468935327164,8896.563778563588,True,2989.6333399205,64671.123989984575,183171723.98998457,496,26282.207612481758,H,0.8051852670039988,38391.17455180069,False,2997.923479993982,80098.90971282133,198599509.71282133,624,37.59983765734703,1.5751859698034438,False
H2O_atmosphere_10_M_earth_1_F_earth.csv,4000,H2O,10_M_earth,1_F_earth,942.792002005101,H2,1.203756103331743,10547.149636214885,False,3987.798850297399,81233.7612479606,199734361.2479606,507,25517.40678387511,H,0.5439357363485181,37218.88487309836,False,3997.586526542933,101969.18059210468,220469780.59210467,636,27.065786228145207,1.4324206473363916,False
H2O_atmosphere_10_M_earth_1_F_earth.csv,5000,H2O,10_M_earth,1_F_earth,2297.006461345657,H2,0.8861654690758463,11069.883637708344,False,4986.44127808034,98479.04731122058,216979647.3112206,517,24093.44721562565,H,0.3942755195189968,34779.619382999845,False,4997.384531194607,124804.91572623428,243305515.7262343,648,10.489063753660913,1.0207367251082446,False
H2O_atmosphere_10_M_earth_1_F_earth.csv,6000,H2O,10_M_earth,1_F_earth,7450.843621156991,H2,0.6822714208326892,11127.666277196233,False,5985.391893240218,116286.78568932904,234787385.68932903,526,23221.59502194759,H,0.2995365916414038,32551.537285533115,False,5997.2520188793005,148364.85072823768,266865450.7282377,659,3.1166396991622363,0.4936865983274967,False
H2O_atmosphere_10_M_earth_1_F_earth.csv,7000,H2O,10_M_earth,1_F_earth,18622.356890480085,H2O,4.876983750380799,19603.74419398201,True,6984.721805533483,134817.7313294362,253318331.3294362,535,23039.091341635205,H,0.2354162542770312,30726.02425394864,False,6997.161843404626,172528.33549066223,291028935.4906622,669,1.237173762544149,0.09243070109583401,False
H2O_atmosphere_10_M_earth_1000_F_earth.csv,200,H2O,10_M_earth,1000_F_earth,34.33390865906322,H,9.834275272654171,34.78198953460275,True,199.9808647890673,125260.12487605184,243760724.87605184,673,35.33159984090757,H,9.828023626946177,35.335452095158395,True,199.98110303095467,125414.8914800095,243915491.4800095,674,1.0290584795267983,0.012440055631370617,True
H2O_atmosphere_10_M_earth_1000_F_earth.csv,300,H2O,10_M_earth,1000_F_earth,1288.466494607036,H,5.496874715901612,1305.279552043493,True,299.95435366967314,172251.946266786,290752546.266786,694,1323.7465495071915,H,5.492479105000571,1323.8908794638116,True,299.9549219867889,172484.0831416546,290984683.1416546,695,1.0273814298220578,0.011731711477187786,True
H2O_atmosphere_10_M_earth_1000_F_earth.csv,500,H2O,10_M_earth,1000_F_earth,11161.09524711954,H,2.4452118397746463,11306.35856659675,True,499.93151158038825,273663.2281505847,392163828.1505847,730,11447.651044563523,H,2.4427976560323588,11448.899198131348,True,499.9323642916757,274050.1287784921,392550728.7784921,731,1.0256745230731668,0.01100956812603101,True
H2O_atmosphere_10_M_earth_1000_F_earth.csv,1000,H2O,10_M_earth,1000_F_earth,22223.5246270738,H,0.7101666872545078,22509.84966981109,False,999.9260225873812,556596.6953430639,675097295.343064,795,22767.09581811297,H,0.7093529169062264,22769.578146429656,False,999.9269436390732,557370.5450510363,675871145.0510362,796,1.024459270082522,0.010494696626881874,False
H2O_atmosphere_10_M_earth_1000_F_earth.csv,2000,H2O,10_M_earth,1000_F_earth,18350.34218388269,H,0.1823568853863635,18585.59462746313,False,1999.940810600079,1195983.1654125273,1314483765.412527,875,18793.44244623272,H,0.18214235069384,18795.491405782297,False,1999.9415475344351,1197530.9330969718,1316031533.0969718,876,1.0241467029829672,0.010362171222388049,False
H2O_atmosphere_10_M_earth_1000_F_earth.csv,3000,H2O,10_M_earth,1000_F_earth,15347.448861733948,H,0.0795805839773698,15544.094407792654,False,2999.9512398975808,1889543.3669508875,2008043966.9508877,925,15492.3057722105,H,0.0793969558634254,15493.99467408616,False,2999.9524465090294,1894186.732035144,2012687332.035144,927,1.0094385009379458,0.004079865115342339,False
H2O_atmosphere_10_M_earth_1000_F_earth.csv,4000,H2O,10_M_earth,1000_F_earth,13162.15172465524,H,0.0437114986088683,13330.779066542407,False,3999.959072432071,2623346.8722616564,2741847472.2616563,963,13478.139981730064,H,0.0436621976366852,13479.609245787487,False,3999.959581998496,2626442.4671974247,2744943067.197425,964,1.0240073404170624,0.010303069814811067,False
H2O_atmosphere_10_M_earth_1000_F_earth.csv,5000,H2O,10_M_earth,1000_F_earth,11821.863486321849,H,0.0273970620959586,11973.315119480234,False,4999.9641439723455,3381141.6528230184,3499642252.8230186,992,12105.091158255282,H,0.0273668005615926,12106.41072172932,False,4999.964590395838,3385011.1582624284,3503511758.2624283,993,1.0239579548741309,0.010282124275514636,False
H2O_atmosphere_10_M_earth_1000_F_earth.csv,6000,H2O,10_M_earth,1000_F_earth,10807.466238719271,H,0.0186720717564185,10945.920789620266,False,5999.96797954618,4160605.894621443,4279106494.621443,1016,11065.930526303697,H,0.0186518307319146,11067.136802632913,False,5999.968378215073,4165249.309613925,4283749909.6139255,1017,1.02391534536175,0.010264051794073381,False
H2O_atmosphere_10_M_earth_1000_F_earth.csv,7000,H2O,10_M_earth,1000_F_earth,10073.789863412969,H,0.0134971991251031,10202.844694358975,False,6999.97081452352,4955548.330292234,5074048930.292234,1036,10165.126974846886,H,0.0134684384931333,10166.235052209782,False,6999.971536743702,4966382.978123718,5084883578.123718,1038,1.009066807296194,0.003919920527891963,False
CO2_atmosphere_1_M_earth_1_F_earth.csv,200,CO2,1_M_earth,1_F_earth,6.219822071456687e-19,H,36.95988583603254,1.5401432777787835e-14,True,195.6461560616075,320.1776430757549,6629686.445875755,176,4.3242118462717333e-13,H,36.27502079483728,1.0928800525527549e-11,True,199.07486462140767,329.00450560871604,6638513.308408716,304,695230.7954460504,5.842129001064422,True
CO2_atmosphere_1_M_earth_1_F_earth.csv,300,CO2,1_M_earth,1_F_earth,1.472390909188964e-14,H,26.39407114344553,3.6459100217150047e-10,True,273.87693636964514,322.3166199962497,6631825.422796249,176,3.158795745965653e-08,H,24.50272268899189,7.983385142961441e-07,True,294.449187728446,335.1123415221144,6644621.144322114,304,2145351.2964879754,6.33149841709621,True
CO2_atmosphere_1_M_earth_1_F_earth.csv,500,CO2,1_M_earth,1_F_earth,1.1655972750716422e-10,H,16.753942239022688,2.851819505459256e-06,True,431.1763620665636,326.7447610558104,6636253.56385581,177,0.0002405835046701,H,14.842537849188846,0.0060803892726476,True,485.19783394252266,347.32801334891,6656836.81614891,304,2064036.265487261,6.314717323654126,True
CO2_atmosphere_1_M_earth_1_F_earth.csv,1000,CO2,1_M_earth,1_F_earth,4.922480303352656e-06,H,8.756419614595496,0.0033827747840199,True,823.6394277955692,337.5762529976731,6647085.055797673,177,0.1472633382890086,H,7.4474068567633935,3.721861245700689,True,962.5256653559916,378.2027060926454,6687711.508892645,305,29916.491121093746,4.475910654161981,True
CO2_atmosphere_1_M_earth_1_F_earth.csv,2000,CO2,1_M_earth,1_F_earth,0.0098046736751509,H2,8.93803086560692,0.8427902324604415,True,1608.5655592535802,359.2392368813995,6668748.039681399,177,2.461046883692293,H,3.703356155957719,62.19928956309971,True,1917.8256550276344,440.2821845806847,6749790.987380684,306,251.00752612803467,2.399686743420773,True
CO2_atmosphere_1_M_earth_1_F_earth.csv,3000,CO2,1_M_earth,1_F_earth,0.1085806934077116,H2,5.968487975664077,9.33630285476544,True,2400.786568249474,381.7380035832701,6691246.80638327,178,5.182635062708111,H,2.448319745493114,130.98337128670215,True,2874.206339230529,503.02784114621954,6812536.643946219,307,47.730723575762596,1.6787980181202564,True
CO2_atmosphere_1_M_earth_1_F_earth.csv,4000,CO2,1_M_earth,1_F_earth,0.3305254276008354,H2,4.479579659395763,28.421598314696237,True,3188.299535713826,403.6751095580533,6713183.912358053,178,6.8990235149211205,H,1.8196030390926692,174.36190371917291,True,3831.6481880180095,566.440238519608,6875949.041319608,308,20.872897934051966,1.3195827494677739,True
CO2_atmosphere_1_M_earth_1_F_earth.csv,5000,CO2,1_M_earth,1_F_earth,0.611929357552385,H2,3.5805820177328456,52.62013507325913,True,3975.8125031781783,425.6122155328374,6735121.018332837,178,7.815908132474658,H,1.4420694647240406,197.4930200887447,False,4790.131984904318,630.5199303992372,6940028.733199237,309,12.77256604216046,1.1062781569343918,False
CO2_atmosphere_1_M_earth_1_F_earth.csv,6000,CO2,1_M_earth,1_F_earth,0.8835042558864048,H2,2.9689034256791493,75.97358139082452,True,4778.199775095945,449.2126882186318,6758721.491018632,179,8.150457247013486,H,1.189346503041533,205.30753403378537,False,5752.650082019623,697.2726467093435,7006781.449509343,311,9.22514769194436,0.9649733278157059,False
CO2_atmosphere_1_M_earth_1_F_earth.csv,7000,CO2,1_M_earth,1_F_earth,1.1288801842876293,H2,2.539307330579723,97.07413068444474,True,5568.2684649749735,471.424812782702,6780933.615582702,179,8.478315200431206,H,1.0096298376345236,209.32315419740144,False,6713.636313070701,763.0235264188713,7072532.329218871,312,7.5103764938361275,0.8756617086549126,False
CO2_atmosphere_1_M_earth_1000_F_earth.csv,200,CO2,1_M_earth,1000_F_earth,1.1864880933831086e-09,H,22.85849746169746,5.479123761081636e-07,True,289.8187355112853,926.861658873872,7236370.461673872,189,5.266582605261078e-12,H,30.088026247247168,7.471696701976012e-10,True,219.7923485172654,939.6674742024568,7249176.277002457,314,0.004438799373236134,-2.3527344839598854,True
CO2_atmosphere_1_M_earth_1000_F_earth.csv,300,CO2,1_M_earth,1000_F_earth,1.2539324302900018e-07,H,17.83888227958395,5.790577168649347e-05,True,371.2166773865356,929.8451422521044,7239353.945052104,189,2.9601437332421397e-08,H,20.92574351003714,4.199553643561211e-06,True,315.6932213646992,947.3517005803772,7256860.503380377,314,0.236068839256158,-0.6269613353788225,True
CO2_atmosphere_1_M_earth_1000_F_earth.csv,500,CO2,1_M_earth,1000_F_earth,1.7298473954639227e-05,H,12.390414367227407,0.0079882918136567,True,534.0125611370362,935.8121090085692,7245320.911808569,189,4.183530919900766e-05,H,12.989596066534103,0.0059351721067873,True,507.49496705956665,962.7201533362175,7272228.956136217,314,2.418439297518957,0.38353519113179146,True
CO2_atmosphere_1_M_earth_1000_F_earth.csv,1000,CO2,1_M_earth,1000_F_earth,0.0016902798887734,H,7.017030766425232,0.7799579788301492,True,941.0022705132876,950.7295258997316,7260238.328699731,189,0.0093033554670803,H,6.64245909367879,1.3198663264344388,True,987.155691312538,1001.5518538212488,7311060.656621248,315,5.504032514894055,0.7406809908156377,True
CO2_atmosphere_1_M_earth_1000_F_earth.csv,2000,CO2,1_M_earth,1000_F_earth,0.0195782711202883,H,3.74040219755931,8.868123484882908,True,1757.928542832536,981.2949459852334,7290803.748785233,190,0.103417057983779,H,3.3317319864089603,14.671770082680764,True,1947.298980022902,1079.6029468616862,7389111.749661686,316,5.282236482904325,0.7228178404379999,True
CO2_atmosphere_1_M_earth_1000_F_earth.csv,3000,CO2,1_M_earth,1000_F_earth,0.0420322724589675,H,2.5438576317460795,18.277506052952884,True,2574.145245042323,1011.468814607272,7320977.617407272,190,0.1938843807809564,H,2.207182712474116,27.506308237771677,True,2908.402845970511,1158.4529063750124,7467961.709175012,317,4.612750380561248,0.6639599533557116,True
CO2_atmosphere_1_M_earth_1000_F_earth.csv,4000,CO2,1_M_earth,1000_F_earth,0.0584852435748235,H,1.918986348570166,24.29450393747093,True,3397.6941097536824,1043.054407541288,7352563.210341288,191,0.2415357133822051,H,1.6400478452016234,34.23497644374758,True,3872.0080567483874,1239.7125414739196,7549221.344273919,319,4.129857355782313,0.6159350514950291,True
CO2_atmosphere_1_M_earth_1000_F_earth.csv,5000,CO2,1_M_earth,1000_F_earth,0.0701000746976365,H,1.5400841227777826,27.95194801131733,True,4216.121187445116,1073.5682359907246,7383077.038790724,191,0.2756128554382394,H,1.2993660765839148,37.70679119600961,False,4835.426656783584,1320.5626478753873,7630071.450675387,320,3.9317055884325893,0.5945809898044948,False
CO2_atmosphere_1_M_earth_1000_F_earth.csv,6000,CO2,1_M_earth,1000_F_earth,0.0766324456544102,H,1.2810984776328902,29.51083576121275,False,5046.15982543128,1106.1785675588585,7415687.370358858,192,0.3966687810237026,H,1.0718517722319347,39.14986944677472,False,5799.743705393346,1402.2137564826066,7711722.5592826065,321,5.176251098817363,0.7140153357027101,False
CO2_atmosphere_1_M_earth_1000_F_earth.csv,7000,CO2,1_M_earth,1000_F_earth,0.0814477570242363,H,1.0973398927657474,30.492922164884963,False,5866.77069425296,1137.033269698482,7446542.072498482,192,0.9927149419860868,H,0.9084946723201472,38.90695008491782,False,6767.769932227822,1487.4808511009608,7796989.65390096,323,12.188364397692203,1.0859454299238898,False
CO2_atmosphere_10_M_earth_1_F_earth.csv,200,CO2,10_M_earth,1_F_earth,1.964249306687015e-08,H,18.802856076908565,5.352392085586619e-05,True,199.5778048308624,9248.799115211516,127749399.11521152,426,1.2751244711138662e-05,H,18.72450256909108,0.0008810291698222,True,199.90670543202992,9572.310284475088,128072910.28447507,546,649.1663083565214,2.8123559719142923,True
CO2_atmosphere_10_M_earth_1_F_earth.csv,300,CO2,10_M_earth,1_F_earth,5.822893566249703e-06,H,12.522420223749249,0.0157880731520932,True,298.7227220592771,9655.238857022136,128155838.85702214,427,0.003796375847516,H,12.43381820579567,0.2623052052595837,True,299.71775353588043,10139.967498137044,128640567.49813704,547,651.9741094909101,2.814230349829335,True
CO2_atmosphere_10_M_earth_1_F_earth.csv,500,CO2,10_M_earth,1_F_earth,0.0007762569975451,H,7.479465235438861,1.2041523725457142,True,497.00199988621887,10462.731931320264,128963331.93132026,427,0.2831462744602526,H,7.397671549594666,19.563590282921368,True,499.3457994036376,11276.624976879371,129777224.97687936,548,364.7584180956797,2.562005323568408,True
CO2_atmosphere_10_M_earth_1_F_earth.csv,1000,CO2,10_M_earth,1_F_earth,0.2521180954140082,H2,7.3710067427942,29.685786946558785,True,992.8815788883294,12508.258723328903,131008858.7233289,429,4.864127359834203,H,3.620008662411514,336.0799817448908,True,998.4466727285944,14135.103595685125,132635703.59568512,550,19.29305134503226,1.2854009201016585,True
CO2_atmosphere_10_M_earth_1_F_earth.csv,2000,CO2,10_M_earth,1_F_earth,4.21717920189085,H2,3.5726949710243634,509.51202185599215,True,1985.2528673924835,16679.621712414562,135180221.71241456,433,13.44922111704341,H,1.7339231874573926,929.1813522318724,True,1996.8222255517303,19959.82905684051,138460429.0568405,555,3.1891509639934683,0.5036750778122724,True
CO2_atmosphere_10_M_earth_1_F_earth.csv,3000,CO2,10_M_earth,1_F_earth,8.758974134534343,H2,2.308328831837529,1060.5715093627225,True,2978.3901098608794,20958.117775289,139458717.775289,437,16.937987833845085,H,1.108186590559091,1094.199646488576,False,2995.4016265951623,25919.279180723875,144419879.18072388,560,1.933786716764356,0.286408572725146,False
CO2_atmosphere_10_M_earth_1_F_earth.csv,4000,CO2,10_M_earth,1_F_earth,11.644835850257094,H2,1.6787929485676434,1410.8554857301506,True,3971.8850022358015,25290.207541393786,143790807.5413938,440,49.67159571858207,H,0.7974284043029608,1101.0043798751906,False,3994.166057908493,32013.474151851296,150514074.1518513,565,4.265547093777662,0.6299747411473736,False
CO2_atmosphere_10_M_earth_1_F_earth.csv,5000,CO2,10_M_earth,1_F_earth,12.981662329561717,H2,1.302075484326491,1571.2897818317294,False,4966.3178580728245,29769.728874745662,148270328.87474567,444,277.48136499782424,H,0.612542989476021,1059.908437184633,False,4993.098238387556,38242.43250628632,156743032.50628632,570,21.37487156524988,1.3299035138717499,False
CO2_atmosphere_10_M_earth_1_F_earth.csv,6000,CO2,10_M_earth,1_F_earth,13.629437194642689,H2,1.052188311645368,1631.344357151863,False,5961.364885511904,34356.54608673274,152857146.08673275,448,1032.554075045745,C,5.885985212872601,1708.244985626813,True,5992.182306326644,44606.17125761682,163106771.25761682,575,75.75911318272263,1.8794348822821205,False
CO2_atmosphere_10_M_earth_1_F_earth.csv,7000,CO2,10_M_earth,1_F_earth,14.811455758011126,H2,0.8753365312942966,1661.852651033372,False,6956.434550599685,38956.83334856492,157457433.34856492,451,2643.814050736792,C,4.851458937829766,3759.733883175412,True,6991.403710579176,51104.70601369834,169605306.01369834,580,178.4979203888735,2.251633160678476,False
CO2_atmosphere_10_M_earth_1000_F_earth.csv,200,CO2,10_M_earth,1000_F_earth,7.241683254971224e-15,H,18.483481734864768,3.1110103009849896e-08,True,199.47672092096772,11522.023958689406,130022623.9586894,429,1.1396561168970278e-05,H,18.399004736599867,0.0009722791842287,True,199.87972184981555,11855.650978444084,130356250.97844408,546,1573744772.8256881,9.196934300614423,True
CO2_atmosphere_10_M_earth_1000_F_earth.csv,300,CO2,10_M_earth,1000_F_earth,2.8203375344841057e-10,H,12.304540277192617,8.292739996727163e-06,True,298.65028407350184,11956.165020294726,130456765.02029473,430,0.0030512920423566,H,12.215050391573747,0.2603160456738167,True,299.6897614649263,12456.11136496751,130956711.36496753,547,10818889.601151021,7.034182689158778,True
CO2_atmosphere_10_M_earth_1000_F_earth.csv,500,CO2,10_M_earth,1000_F_earth,2.700870679449352e-06,H2,14.689165276292425,0.004053720393129,True,497.0220007144903,12825.846919081749,131326446.91908176,431,0.2090874809485093,H,7.264788384387366,17.837960275469737,True,499.3154928991732,13658.453429582372,132159053.42958236,548,77414.84349451993,4.888824240136418,True
CO2_atmosphere_10_M_earth_1000_F_earth.csv,1000,CO2,10_M_earth,1000_F_earth,0.0017374241822167,H2,7.230985544410444,2.6077766067877874,True,993.0851504356268,15017.746001534984,133518346.00153498,433,3.3216525710936105,H,3.551486299524198,283.38141692305936,True,998.4304381243068,16696.374630424023,135196974.63042402,551,1911.8259116525394,3.281448343457427,True
CO2_atmosphere_10_M_earth_1000_F_earth.csv,2000,CO2,10_M_earth,1000_F_earth,0.0284519899179393,H2,3.500098148351602,42.7047472442703,True,1985.6162426039573,19458.192799319684,137958792.79931968,436,8.935608530491193,H,1.6982110618929316,762.1897751642397,True,1996.8161490570888,22871.979921859325,141372579.92185932,556,314.05917674873035,2.497011487926713,True
CO2_atmosphere_10_M_earth_1000_F_earth.csv,3000,CO2,10_M_earth,1000_F_earth,0.0583252339030191,H2,2.2581953123344194,87.23359153251303,True,2978.9753538964205,24026.19305150032,142526793.05150032,440,11.919233524656986,H,1.0836430579734526,891.757960801978,False,2995.4043027743883,29190.12652902624,147690726.52902624,561,204.35809215057444,2.310391839536036,False
CO2_atmosphere_10_M_earth_1000_F_earth.csv,4000,CO2,10_M_earth,1000_F_earth,0.0903964264820967,H2,1.63935141825097,113.34465375281708,True,3973.020167065526,28707.63131605324,147208231.31605324,444,52.79074145016504,H,0.7786102790865345,895.9770917881573,False,3994.1762287652737,35650.83566386682,154151435.66386682,566,583.9914640942185,2.7664064992975517,False
CO2_atmosphere_10_M_earth_1000_F_earth.csv,5000,CO2,10_M_earth,1000_F_earth,0.2877051408590946,H2,1.2697463772488675,125.78094446626804,False,4967.699410478254,33502.5658437095,152003165.8437095,448,326.9519985672472,H,0.5972547715754039,862.835027251127,False,4993.114779769556,42254.12680772749,160754726.8077275,571,1136.4134738467326,3.0555363742788075,False
CO2_atmosphere_10_M_earth_1000_F_earth.csv,6000,CO2,10_M_earth,1000_F_earth,1.3187424268190246,H2,1.0247252996100875,130.3944262812987,False,5962.965191615585,38411.05104612085,156911651.04612085,452,1208.6084758135628,C,5.731564133398995,1966.277448372891,True,5992.204215490964,49000.01784347451,167500617.8434745,576,916.4856239052542,2.962125656960443,False
CO2_atmosphere_10_M_earth_1000_F_earth.csv,7000,CO2,10_M_earth,1000_F_earth,5.081394912813289,H2,0.8508537712808033,130.76696319805706,False,6958.772788980142,43433.13773227787,161933737.73227787,456,3046.0768673439816,C,4.718356558745707,4245.827462818787,True,6991.430094824624,55888.52517793709,174389125.1779371,581,599.4568262472511,2.7777579100407537,False
N2_atmosphere_1_M_earth_1_F_earth.csv,200,N2,1_M_earth,1_F_earth,6.230935898961937e-19,H,35.618391662863424,2.1477269721676724e-14,True,197.4124151926966,510.4972573414901,6817835.45924149,219,4.153491774533436e-12,H,35.32393611731992,5.341588997532125e-11,True,198.8357431177655,518.1188039554088,6825457.0058554085,285,6665919.601621003,6.82386007128327,True
N2_atmosphere_1_M_earth_1_F_earth.csv,300,N2,1_M_earth,1_F_earth,2.0196409272156035e-14,H,24.69706977540424,6.960153609213904e-10,True,284.4744911561797,516.151253685045,6823489.455585045,219,2.0552248234119705e-07,H,23.93078338158406,2.643117381742129e-06,True,293.0984788194981,527.4459335093703,6834784.13540937,286,10176189.22114747,7.007585173868035,True
N2_atmosphere_1_M_earth_1_F_earth.csv,500,N2,1_M_earth,1_F_earth,3.970530721580443e-10,H,15.294555816569266,4.226503227846361e-06,True,458.5986430831458,527.4592463721549,6834797.448272155,219,0.001220406276019,H,14.525083279747903,0.0156950081771493,True,481.5959435186616,545.868508488737,6853206.710388737,286,3073660.3280410473,6.487655871684136,True
N2_atmosphere_1_M_earth_1_F_earth.csv,1000,N2,1_M_earth,1_F_earth,0.0003297694547396,H2,15.604907998012626,0.0060036805029958,True,895.1850551362468,556.2503744646795,6863588.576364679,220,0.6422652124738116,H,7.287513277347219,8.259837694834772,True,953.4068371422002,592.4802177001285,6899818.419600128,287,1947.6188690094768,3.2895039734457394,True
N2_atmosphere_1_M_earth_1_F_earth.csv,2000,N2,1_M_earth,1_F_earth,0.298187971900907,H2,7.825319209347221,5.4300775894299935,True,1770.160056224155,614.328445641011,6921666.647541011,221,9.96939104326296,H,3.609012002347829,128.2111351111815,True,1899.0586171947684,687.3536454539047,6994691.8473539045,289,33.43324339915347,1.5241785100663414,True
N2_atmosphere_1_M_earth_1_F_earth.csv,3000,N2,1_M_earth,1_F_earth,2.393987567344308,H2,5.186548554907774,43.59528548915701,True,2648.157751046831,673.4261509915525,6980764.352891552,222,20.69374292447057,H,2.3762224651398705,266.13142748650984,True,2845.47749814422,782.7727222216726,7090110.924121672,290,8.644047783183142,0.9367171589418156,True
N2_atmosphere_1_M_earth_1_F_earth.csv,4000,N2,1_M_earth,1_F_earth,6.151493338496797,H2,3.858612891619144,112.02075706751552,True,3529.1235142585324,733.5461204685922,7040884.322368592,223,27.05385989390322,H,1.756895239977001,347.92537279201406,True,3795.687232002356,881.50477511938,7188842.97701938,292,4.397933705722618,0.6432486785364027,True
N2_atmosphere_1_M_earth_1_F_earth.csv,5000,N2,1_M_earth,1_F_earth,10.23428328180544,H2,3.0592047634705635,186.3697782750257,True,4413.003597268971,794.69094181279,7102029.14371279,224,30.221753953100084,H,1.384956894000613,388.64035197135394,False,4748.36635719219,982.4482636828134,7289786.465582813,294,2.95299173580904,0.4702622315578473,False
N2_atmosphere_1_M_earth_1_F_earth.csv,6000,N2,1_M_earth,1_F_earth,13.851814356493488,H2,2.525239135004493,252.246279384867,True,5299.745115055012,856.8631611881246,7164201.363088124,225,32.05079530426268,H,1.1381832795016815,411.56130359582784,False,5699.81470623524,1082.2858457070618,7389624.047607061,295,2.313833731769429,0.36433214806023667,False
N2_atmosphere_1_M_earth_1_F_earth.csv,7000,N2,1_M_earth,1_F_earth,16.767929624352284,H2,2.143392576126121,305.3497544943248,True,6189.296033162778,920.0652838076855,7227403.485707685,226,32.75058061926484,H,0.9609487263524448,415.2893475432016,False,6656.647412976178,1187.107428027803,7494445.629927803,297,1.9531678241123305,0.29073956123692474,False
N2_atmosphere_1_M_earth_1000_F_earth.csv,200,N2,1_M_earth,1000_F_earth,4.417100638492263e-12,H,24.87816041817038,9.776617716633728e-09,True,257.7313165887359,1169.359585740272,7476697.787640272,229,2.112974625602182e-13,H,28.334201576807565,3.4653236644737435e-10,True,225.97554283006733,1179.9209471099823,7487259.149009982,295,0.04783623463746633,-1.3202430125591165,True
N2_atmosphere_1_M_earth_1000_F_earth.csv,300,N2,1_M_earth,1000_F_earth,1.6946874920741602e-09,H,18.499627077853894,3.750947267361297e-06,True,346.2680245785584,1176.422971806894,7483761.173706894,229,5.67670838960096e-10,H,19.92826296370632,9.309923403928508e-07,True,320.81776625093363,1191.041472846401,7498379.674746401,295,0.3349708082552217,-0.47499303883203786,True
N2_atmosphere_1_M_earth_1000_F_earth.csv,500,N2,1_M_earth,1000_F_earth,5.018637550501915e-07,H,12.217186723446543,0.0011107965989679,True,523.3414405582034,1190.5497439401383,7497887.945840138,229,4.975590705837094e-07,H,12.486593294123915,0.0008160075378453,True,510.50221309266624,1213.28252431924,7520620.72621924,295,0.9914226033994993,-0.003741183857566886,True
N2_atmosphere_1_M_earth_1000_F_earth.csv,1000,N2,1_M_earth,1000_F_earth,5.893574548563108e-05,H,6.584249763189541,0.1302318289429799,True,966.4336236535032,1226.511548119354,7533849.750019354,230,8.457739700662012e-05,H,6.424124328274242,0.1387087434820016,True,984.8971944871824,1269.5424246819018,7576880.626581902,296,1.4350780890222326,0.15687553361965562,True
N2_atmosphere_1_M_earth_1000_F_earth.csv,2000,N2,1_M_earth,1000_F_earth,0.0006204128038885,H,3.3977388290601613,1.323262220571861,True,1854.9454009775127,1298.9741993382795,7606312.401238279,231,0.0008426615774021,H,3.2203117999165025,1.3819830440562804,True,1935.519348318605,1383.9634081642553,7691301.610064255,298,1.3582272514697202,0.13297243990203578,True
N2_atmosphere_1_M_earth_1000_F_earth.csv,3000,N2,1_M_earth,1000_F_earth,0.0012550636320015,H,2.273070637977457,2.500205736075354,True,2746.14393987615,1372.6234860373029,7679961.6879373025,232,0.0015236675137397,H,2.125528025245209,2.4986006040838515,True,2888.51146834626,1500.9233258838626,7808261.527783862,300,1.214016146185231,0.08422446281215389,True
N2_atmosphere_1_M_earth_1000_F_earth.csv,4000,N2,1_M_earth,1000_F_earth,0.0017153555962602,H,1.6983436811561865,3.191145499704934,True,3639.980737589072,1447.462083419972,7754800.285319972,233,0.0021077512675139,H,1.5732039685798922,3.0921110582384004,True,3843.788449517153,1620.4268718692344,7927765.073769234,302,1.2287547095827809,0.08946519541141815,True
N2_atmosphere_1_M_earth_1000_F_earth.csv,5000,N2,1_M_earth,1000_F_earth,0.001987025188987,H,1.3473296093313694,3.4881089067062003,False,4541.984038711338,1526.5221415209417,7833860.343420941,235,0.0187721998981918,H,1.2403759787019042,3.354326570683687,False,4801.267901668192,1742.4785904072382,8049816.792307238,304,9.447388992467681,0.975311797626155,False
N2_atmosphere_1_M_earth_1000_F_earth.csv,6000,N2,1_M_earth,1000_F_earth,0.0021836570770245,H,1.1134074909343454,3.638366464610614,False,5442.1700993432905,1604.3476051004006,7911685.8070004,236,0.2876313123811131,H,1.018999542275517,3.491671554979936,False,5757.958857246322,1863.2389733359869,8170577.175235987,305,131.7200010053987,2.1196517253547738,False
N2_atmosphere_1_M_earth_1000_F_earth.csv,7000,N2,1_M_earth,1000_F_earth,0.0024067957956645,H,0.9455627777080348,3.682683804006305,False,6344.823494537472,1683.3718068097542,7990710.008709754,237,2.092320714964461,H,0.8599148884694303,3.4857005788135558,False,6719.139628793972,1989.7584329285053,8297096.634828505,307,869.3386945138756,2.9391890106269685,False
N2_atmosphere_10_M_earth_1_F_earth.csv,200,N2,10_M_earth,1_F_earth,5.288940043206304e-06,H,18.30268425496357,0.0007731797583977,True,199.6529657560062,12690.60747487183,131191207.47487184,472,0.0068922857015775,H,18.23728714643924,0.0242525457601076,True,199.84276898486476,13035.998839155018,131536598.83915502,535,1303.1506587847803,3.114994627912507,True
N2_atmosphere_10_M_earth_1_F_earth.csv,300,N2,10_M_earth,1_F_earth,0.0014362445655713,H,12.126347631828631,0.2062220005839314,True,299.1720760535104,13642.415567308888,132143015.56730887,473,1.839865076169913,H,12.0607687802889,6.4741094441313605,True,299.6248919960658,14160.135466857404,132660735.4668574,536,1281.024917534197,3.1075575773967996,True
N2_atmosphere_10_M_earth_1_F_earth.csv,500,N2,10_M_earth,1_F_earth,0.3399452543301979,H,7.178039809128653,14.199574295757955,True,498.2240873440612,15548.746125097769,134049346.12509777,474,124.28123741969615,H,7.117412473521664,437.3202923021733,True,499.2054343156076,16424.840078843266,134925440.07884327,538,365.5919176297089,2.5629965859468644,True
N2_atmosphere_10_M_earth_1_F_earth.csv,1000,N2,10_M_earth,1_F_earth,148.8364043471451,H2,6.928351243622089,613.193778373691,True,996.08232834996,20430.71498756796,138931314.98756796,479,1939.773244301585,H,3.413621604657925,6825.665883364185,True,998.2471843728188,22182.461382413985,140683061.38241398,543,13.032921971006973,1.1150417951155034,True
N2_atmosphere_10_M_earth_1_F_earth.csv,2000,N2,10_M_earth,1_F_earth,2261.588175249896,H2,3.2298120038276936,9396.90039851259,True,1992.3876011042569,30495.260847979425,148995860.84797943,487,5012.641754125834,H,1.573281159946391,17638.45802825584,True,1996.678652079354,34108.61771793982,152609217.71793982,553,2.216425522994238,0.3456531425850228,True
N2_atmosphere_10_M_earth_1_F_earth.csv,3000,N2,10_M_earth,1_F_earth,4453.348000948195,H2,2.0108566624931123,18517.305448933723,True,2989.4354840570945,40997.30346711916,159497903.46711916,495,5761.556413311714,H,0.9699433519231968,20262.686854794985,False,2995.4481834296785,46500.59923475364,165001199.23475364,562,1.2937584065033723,0.11185318474199035,False
N2_atmosphere_10_M_earth_1_F_earth.csv,4000,N2,10_M_earth,1_F_earth,5617.051774864116,H2,1.4109142107356791,23361.041086424542,False,3987.117721864151,51937.07926965916,170437679.26965916,503,5814.51551306759,H,0.6746643135042948,20032.1473332622,False,3994.5188695680654,59385.93145166055,177886531.45166054,571,1.0351543382753048,0.015005106569951902,False
N2_atmosphere_10_M_earth_1_F_earth.csv,5000,N2,10_M_earth,1_F_earth,6075.622291346862,H2,1.057790947533763,25262.02107350679,False,4985.339974037972,63314.79429086673,181815394.29086676,511,6329.514817992242,H,0.5019083092199649,18987.998387137,False,4993.840371490916,72764.72430671942,191265324.30671945,580,1.0417887278817486,0.017779654070723308,False
N2_atmosphere_10_M_earth_1_F_earth.csv,6000,N2,10_M_earth,1_F_earth,6271.059775023636,H2,0.8282091066837731,25952.01820518164,False,5983.81806099851,74966.39969640574,193466999.6964057,518,8410.969103114277,H,0.3902413113434399,18018.285679702083,False,5993.285825003601,86472.58539605826,204973185.39605823,588,1.3412356770403415,0.12750509719912764,False
N2_atmosphere_10_M_earth_1_F_earth.csv,7000,N2,10_M_earth,1_F_earth,6422.437286811175,H2,0.6681722773325885,25813.58111566784,False,6982.656423912998,87001.44703786644,205502047.03786644,525,12321.399697606246,H,0.3128648060755648,17010.04225364911,False,6992.8937077806095,100619.21033248896,219119810.33248892,596,1.9184928006862616,0.28296017380897864,False
N2_atmosphere_10_M_earth_1000_F_earth.csv,200,N2,10_M_earth,1000_F_earth,7.319849149196113e-09,H,18.3657630896084,2.90165326234105e-05,True,199.61896129871576,12262.290941487105,130762890.9414871,467,2.200252201034933e-07,H,18.315564321816264,0.0001405848756866,True,199.79672388422748,12504.021220214456,131004621.22021446,517,30.058709628962383,1.4779703331021994,True
N2_atmosphere_10_M_earth_1000_F_earth.csv,300,N2,10_M_earth,1000_F_earth,2.000646702643576e-06,H,12.181053985719842,0.0079281757617896,True,299.09572202060804,13082.530182077571,131583130.18207756,467,5.921297801914547e-05,H,12.129586995052298,0.03783406806702,True,299.5236111745236,13452.07717041506,131952677.17041506,518,29.59691880675572,1.4712465010969389,True
N2_atmosphere_10_M_earth_1000_F_earth.csv,500,N2,10_M_earth,1000_F_earth,0.0001425917941751,H,7.223056044290869,0.5408798409027289,True,498.0976616583028,14747.122664772674,133247722.66477267,469,0.004025212424045,H,7.1768719040562425,2.571905111516176,True,498.9978162148002,15362.674077535048,133863274.07753503,520,28.228920516296444,1.4506942708929538,True
N2_atmosphere_10_M_earth_1000_F_earth.csv,1000,N2,10_M_earth,1000_F_earth,0.0059975421879133,H,3.502131698789273,8.610464568789416,True,995.7647348273164,18968.8095519048,137469409.5519048,473,0.0639196834778696,H,3.464084925124564,40.84141241369485,True,997.7687911823832,20199.51989380765,138700119.89380765,524,10.65764632830518,1.027661304175301,True
N2_atmosphere_10_M_earth_1000_F_earth.csv,2000,N2,10_M_earth,1000_F_earth,0.0655467184264928,H2,3.293792971160301,49.01747817796573,True,1991.6776194938457,27653.141194873573,146153741.19487357,480,0.1706782853753531,H,1.615852847237296,107.9368719893852,True,1995.670382561734,30163.005988580764,148663605.98858076,532,2.6039180827452073,0.4156273175415755,True
N2_atmosphere_10_M_earth_1000_F_earth.csv,3000,N2,10_M_earth,1000_F_earth,0.4797025949230105,H2,2.067646951847497,97.68082071743407,True,2988.3088800134533,36674.99080211568,155175590.80211568,487,4.7954314397460855,H,1.0069551530759224,124.36502504272649,False,2993.993791297132,40512.99585747376,159013595.85747376,540,9.99667604573981,0.9998556185034659,False
N2_atmosphere_10_M_earth_1000_F_earth.csv,4000,N2,10_M_earth,1000_F_earth,15.60126622330285,H2,1.4620982721953106,124.36433462493764,False,3985.566511405406,46034.53560522318,164535135.60522318,494,190.41551994659025,N,9.902589321530716,190.58739203661105,True,3992.677523950065,51249.60795689979,169750207.9568998,548,12.205132405354115,1.0865424951504021,False
N2_atmosphere_10_M_earth_1000_F_earth.csv,5000,N2,10_M_earth,1000_F_earth,132.0720354862677,N,7.729849353704445,460.89424466504994,True,4983.368909862694,55731.932799736,174232532.799736,501,1560.2923340401017,N,7.438784402620656,1563.0974191140251,True,4991.562624765551,62252.11213375777,180752712.13375777,555,11.813949321636178,1.0723951035303139,True
N2_atmosphere_10_M_earth_1000_F_earth.csv,6000,N2,10_M_earth,1000_F_earth,522.5193795400315,N,6.0941240329945,1772.296603196797,True,5981.411640454114,65622.52520213848,184123125.20213848,507,5708.451631688502,N,5.827703682092431,5719.221384483123,True,5990.803715435441,73738.07597293878,192238675.9729388,563,10.924861077331894,1.038415923104082,True
N2_atmosphere_10_M_earth_1000_F_earth.csv,7000,N2,10_M_earth,1000_F_earth,1366.232137148253,N,4.944301297681032,4306.586859182456,True,6980.078330607769,75971.85379908988,194472453.79908988,514,13549.428102784364,N,4.707928387604763,13575.239905341688,True,6990.144082360803,85441.7140103671,203942314.0103671,570,9.917368896815875,0.9963964680051982,True
