file,T_inf,atmosphere_type,mass_case,flux_case,weighted_mass_loss_kg_s,dominant_escaping_species,dominant_lambda_j,dominant_species_Mdot_kg_s,jeans_valid,T_exo_K,exobase_altitude_km,exobase_radius_m,exobase_index,unphysical_extension,case,log10_weighted_mass_loss,M_atm_1bar_kg,lifetime_s,lifetime_yr,log10_lifetime_yr
H2_atmosphere_1_M_earth_1_F_earth.csv,200,H2,1_M_earth,1_F_earth,1.2992209038501114e-14,H,25.34905420709377,2.367218516524381e-10,True,199.3869134410463,3173.34433752753,9484971.28372753,338.0,False,Constant VMR,-13.886317000453793,5.003184691166465e+18,3.850911478055831e+32,1.220280210806852e+25,25.086459568407474
H2_atmosphere_1_M_earth_1_F_earth.csv,300,H2,1_M_earth,1_F_earth,9.571674835153698e-10,H,16.855868090117813,6.363807288165339e-07,True,296.4094368308889,3283.5122798833363,9595139.226083336,340.0,False,Constant VMR,-9.019012063474513,5.003184691166465e+18,5.227073398681879e+27,1.6563596086780615e+20,20.219154631428193
H2_atmosphere_1_M_earth_1_F_earth.csv,500,H2,1_M_earth,1_F_earth,0.0004331359175799,H2,19.906542296131427,0.0005582973899828,True,490.65410644397326,3504.793642292414,9816420.588492414,342.0,False,Constant VMR,-3.3633758011235995,5.003184691166465e+18,1.1551073203813752e+22,366031422028726.9,14.563518369077281
H2_atmosphere_1_M_earth_1_F_earth.csv,1000,H2,1_M_earth,1_F_earth,5.444651216028172,H2,9.429090670924898,7.018238334152502,True,977.9961818651788,4085.5983637003937,10397225.309900394,349.0,False,Constant VMR,0.7359700641090619,5.003184691166465e+18,9.189173911522374e+17,29118734984.67049,10.464172503844619
H2_atmosphere_1_M_earth_1_F_earth.csv,2000,H2,1_M_earth,1_F_earth,356.6661207760379,H2,4.191706218262096,459.7481519269611,True,1959.2688164089395,5362.907296859169,11674534.24305917,364.0,False,Constant VMR,2.5522618582623626,5.003184691166465e+18,1.4027642099228496e+16,444509154.664122,8.647880709691318
H2_atmosphere_1_M_earth_1_F_earth.csv,3000,H2,1_M_earth,1_F_earth,1078.0201924941878,H2,2.485998664705957,1389.5846972879306,True,2946.724021463766,6776.698100252496,13088325.046452496,378.0,False,Constant VMR,3.0326268957363136,5.003184691166465e+18,4641086248663603.0,147067148.60013446,8.167515672217368
H2_atmosphere_1_M_earth_1_F_earth.csv,4000,H2,1_M_earth,1_F_earth,1620.9925905639925,H2,1.6621158881858091,2089.469673448904,True,3939.0782493764864,8332.669694000193,14644296.640200194,392.0,False,Constant VMR,3.2097810297254266,5.003184691166465e+18,3086494485101690.0,97805108.28141843,7.990361538228254
H2_atmosphere_1_M_earth_1_F_earth.csv,5000,H2,1_M_earth,1_F_earth,1922.5689767416704,H2,1.1908097724534086,2477.792213009184,False,4934.3192699495785,10005.916958183752,16317543.904383752,405.0,False,Constant VMR,3.283881930102028,5.003184691166465e+18,2602343401819454.0,82463286.23911369,7.916260637851653
H2_atmosphere_1_M_earth_1_F_earth.csv,6000,H2,1_M_earth,1_F_earth,2044.4584421107284,H2,0.8917870760305858,2632.0250060197955,False,5932.236498443048,11811.986716325742,18123613.662525743,418.0,False,Constant VMR,3.3105782870373717,5.003184691166465e+18,2447193148128315.5,77546871.37578002,7.889564280916309
H2_atmosphere_1_M_earth_1_F_earth.csv,7000,H2,1_M_earth,1_F_earth,2061.5234043497508,H2,0.6893899386705722,2644.997806880032,False,6932.1516718330495,13751.167772830458,20062794.71903046,431.0,False,Constant VMR,3.3141882696841884,5.003184691166465e+18,2426935673206474.5,76904950.73156624,7.885954298269493
H2_atmosphere_10_M_earth_1_F_earth.csv,200,H2,10_M_earth,1_F_earth,0.0312733675538969,H,9.027614590521765,0.6351200733359776,True,199.97548078824448,147048.4007509079,265549000.7509079,676.0,False,Constant VMR,-1.5048253508859544,6.2167506108509625e+22,1.987873739576315e+24,6.299191762289639e+16,16.799284829501893
H2_atmosphere_10_M_earth_1_F_earth.csv,300,H2,10_M_earth,1_F_earth,23.860350998826537,H2,10.547019188489315,23.937716562654614,True,299.9485600852664,184572.8613552789,303073461.3552789,692.0,False,Constant VMR,1.3776768280909157,6.2167506108509625e+22,2.6054732435229917e+21,82562464937859.39,13.916782650525024
H2_atmosphere_10_M_earth_1_F_earth.csv,500,H2,10_M_earth,1_F_earth,2433.430255312352,H2,5.008707094107084,2451.423881167862,True,499.9196272985365,264411.0708594644,382911670.8594644,720.0,False,Constant VMR,3.386218903418214,6.2167506108509625e+22,2.554727260943416e+19,809544217856.6863,11.908240575197725
H2_atmosphere_10_M_earth_1_F_earth.csv,1000,H2,10_M_earth,1_F_earth,22781.67806388758,H2,1.589385653027979,22955.51657275287,True,999.9030928369816,484804.8192528238,603305419.2528238,774.0,False,Constant VMR,4.357585710394785,6.2167506108509625e+22,2.7288378816595855e+18,86471654424.27768,10.936873768221153
H2_atmosphere_10_M_earth_1_F_earth.csv,2000,H2,10_M_earth,1_F_earth,28267.66673788793,H2,0.4355080974951651,28483.9388583322,False,1999.915273348856,982320.1192783671,1100820719.2783673,846.0,False,Constant VMR,4.451289962551081,6.2167506108509625e+22,2.1992443410684764e+18,69689847804.28412,10.843169516064858
H2_atmosphere_10_M_earth_1_F_earth.csv,3000,H2,10_M_earth,1_F_earth,24412.650608271804,H2,0.1944400159926522,24599.472076024635,False,2999.9287101180867,1525219.4176029975,1643720017.6029975,894.0,False,Constant VMR,4.387614935584784,6.2167506108509625e+22,2.546528318700684e+18,80694612983.89877,10.906844543031154
H2_atmosphere_10_M_earth_1_F_earth.csv,4000,H2,10_M_earth,1_F_earth,21298.831196342733,H2,0.1081259096391114,21461.83119394745,False,3999.93877187534,2098374.9264494707,2216875526.4494705,930.0,False,Constant VMR,4.328355771565203,6.2167506108509625e+22,2.9188224243584097e+18,92491901296.62616,10.966103707050737
H2_atmosphere_10_M_earth_1_F_earth.csv,5000,H2,10_M_earth,1_F_earth,,,,,False,,,,,True,Constant VMR,,6.2167506108509625e+22,,,
H2_atmosphere_10_M_earth_1_F_earth.csv,6000,H2,10_M_earth,1_F_earth,,,,,False,,,,,True,Constant VMR,,6.2167506108509625e+22,,,
H2_atmosphere_10_M_earth_1_F_earth.csv,7000,H2,10_M_earth,1_F_earth,,,,,False,,,,,True,Constant VMR,,6.2167506108509625e+22,,,
H2_atmosphere_10_M_earth_1000_F_earth.csv,200,H2,10_M_earth,1000_F_earth,50.76441519574366,H,8.31467337844168,87.12610310826348,True,199.9788339038749,169813.0508950321,288313650.8950321,689.0,False,Constant VMR,1.7055593874919983,6.2167506108509625e+22,1.224627642587756e+21,38806108277808.08,13.58890009112394
H2_atmosphere_10_M_earth_1000_F_earth.csv,300,H2,10_M_earth,1000_F_earth,956.8679824899835,H,4.693249294302655,1623.1039234528796,True,299.9582052668366,222033.07161768957,340533671.61768955,709.0,False,Constant VMR,2.9808520230107987,6.2167506108509625e+22,6.4969783968250175e+19,2058768219644.4019,12.313607455605139
H2_atmosphere_10_M_earth_1000_F_earth.csv,500,H2,10_M_earth,1000_F_earth,6036.2126416958745,H,2.1189053741489965,9037.869196458158,True,499.9396577331614,334048.0564755326,452548656.4755326,743.0,False,Constant VMR,3.780764530554927,6.2167506108509625e+22,1.0299091466572931e+19,326358514797.47925,11.513694948061012
H2_atmosphere_10_M_earth_1000_F_earth.csv,1000,H2,10_M_earth,1000_F_earth,13376.163744797272,H,0.6280900627796974,14937.486644348472,False,999.9343129064114,644809.5494145417,763310149.4145417,805.0,False,Constant VMR,4.126331576559252,6.2167506108509625e+22,4.647633454150111e+18,147274617022.5274,11.168127902056685
H2_atmosphere_10_M_earth_1000_F_earth.csv,2000,H2,10_M_earth,1000_F_earth,11891.22589065303,H,0.1637365828770597,11982.4172366726,False,1999.946776578321,1345462.9716403598,1463963571.64036,883.0,False,Constant VMR,4.075226629227784,6.2167506108509625e+22,5.228014897721834e+18,165665795172.06107,11.219232849388154
H2_atmosphere_10_M_earth_1000_F_earth.csv,3000,H2,10_M_earth,1000_F_earth,9915.619814071371,H2,0.1436265722309251,9954.566086369325,False,2999.9563394234174,2106728.3253684803,2225228925.36848,933.0,False,Constant VMR,3.9963198666419473,6.2167506108509625e+22,6.269654068451373e+18,198673348684.671,11.29813961197399
H2_atmosphere_10_M_earth_1000_F_earth.csv,4000,H2,10_M_earth,1000_F_earth,,,,,False,,,,,True,Constant VMR,,6.2167506108509625e+22,,,
H2_atmosphere_10_M_earth_1000_F_earth.csv,5000,H2,10_M_earth,1000_F_earth,,,,,False,,,,,True,Constant VMR,,6.2167506108509625e+22,,,
H2_atmosphere_10_M_earth_1000_F_earth.csv,6000,H2,10_M_earth,1000_F_earth,,,,,False,,,,,True,Constant VMR,,6.2167506108509625e+22,,,
H2_atmosphere_10_M_earth_1000_F_earth.csv,7000,H2,10_M_earth,1000_F_earth,,,,,False,,,,,True,Constant VMR,,6.2167506108509625e+22,,,
H2O_atmosphere_1_M_earth_1_F_earth.csv,200,H2O,1_M_earth,1_F_earth,11.972734694153573,H,7.519293773754879,47.12536912755875,True,199.55931316231897,25636.09822345991,31948123.59685991,456.0,False,Constant VMR,1.0781933590056727,5.004448383545655e+18,4.179870774209493e+17,13245211214.444359,10.122058888155054
H2O_atmosphere_1_M_earth_1_F_earth.csv,300,H2O,1_M_earth,1_F_earth,97.45685778257966,H,4.849733921409723,375.69694126371263,True,299.0207462646724,26745.86813343671,33057893.50683671,461.0,False,Constant VMR,1.9888124046885558,5.004448383545655e+18,5.135039747239005e+16,1627195904.390386,9.21143984247217
H2O_atmosphere_1_M_earth_1_F_earth.csv,500,H2O,1_M_earth,1_F_earth,471.665149926996,H,2.7246813239317547,1576.190506172217,True,498.0675734614865,29013.64614171768,35325671.515117675,468.0,False,Constant VMR,2.6736337885765575,5.004448383545655e+18,1.0610172034801046e+16,336216063.16072977,8.526618458584169
H2O_atmosphere_1_M_earth_1_F_earth.csv,1000,H2O,1_M_earth,1_F_earth,1361.9521233833125,H,1.160071559397709,3045.916555849683,False,996.4830432276336,35158.51712665257,41470542.50005257,488.0,False,Constant VMR,3.1341618411186936,5.004448383545655e+18,3674467183996001.5,116436838.79623297,8.066090406042033
H2O_atmosphere_1_M_earth_1_F_earth.csv,2000,H2O,1_M_earth,1_F_earth,1804.258653459029,H2,0.8688887303701088,3753.046435149433,False,1995.0778784784632,48997.558023704005,55309583.39710401,522.0,False,Constant VMR,3.256298796907593,5.004448383545655e+18,2773686784847279.5,87892830.40685222,7.943953450253134
H2O_atmosphere_1_M_earth_1_F_earth.csv,3000,H2O,1_M_earth,1_F_earth,2471.640690889487,H2,0.4511793827896571,3596.785638473504,False,2994.820707412466,64646.45916668087,70958484.54008088,552.0,False,Constant VMR,3.392985336438681,5.004448383545655e+18,2024747529846123.8,64160377.52700217,7.807266910722046
H2O_atmosphere_1_M_earth_1_F_earth.csv,4000,H2O,1_M_earth,1_F_earth,4011.634199670963,H2O,2.457340190621459,5364.4690378306,True,3994.899789090096,81589.36426412997,87901389.63752997,577.0,False,Constant VMR,3.6033213250694165,5.004448383545655e+18,1247483727194300.0,39530373.89390511,7.59693092209131
H2O_atmosphere_1_M_earth_1_F_earth.csv,5000,H2O,1_M_earth,1_F_earth,5257.233173918378,H2O,1.62757577544962,8291.505993195295,True,4995.193189935841,99826.5875466644,106138612.9200644,600.0,False,Constant VMR,3.7207572396968187,5.004448383545655e+18,951916762675315.2,30164421.967301544,7.479495007463909
H2O_atmosphere_1_M_earth_1_F_earth.csv,6000,H2O,1_M_earth,1_F_earth,6015.48252406181,H2O,1.1506147445185262,10083.90187432722,False,5995.4368594335165,118776.11776465947,125088143.13805948,619.0,False,Constant VMR,3.77927046943688,5.004448383545655e+18,831928006361578.1,26362207.72053572,7.420981777723847
H2O_atmosphere_1_M_earth_1_F_earth.csv,7000,H2O,1_M_earth,1_F_earth,,,,,False,,,,,True,Constant VMR,,5.004448383545655e+18,,,
H2O_atmosphere_1_M_earth_1000_F_earth.csv,200,H2O,1_M_earth,1000_F_earth,2.629366186236301e-07,H,23.705638810480004,4.613765649734122e-06,True,258.8206749954309,1501.7111561369366,7813469.240536937,221.0,False,Constant VMR,-6.5801489264127735,5.003599310925315e+18,1.9029678472010448e+25,6.030141224938034e+17,17.7803274833662
H2O_atmosphere_1_M_earth_1000_F_earth.csv,300,H2O,1_M_earth,1000_F_earth,6.969431424024701e-05,H,17.704368469342192,0.0012229305832627,True,346.1494582762882,1510.8295895813387,7822587.673981339,221.0,False,Constant VMR,-4.156802650808843,5.003599310925315e+18,7.179350805687161e+22,2274998987783342.5,15.35698120776227
H2O_atmosphere_1_M_earth_1000_F_earth.csv,500,H2O,1_M_earth,1000_F_earth,0.0148374323506532,H,11.744586425932376,0.2603531721386647,True,520.5571691364769,1529.547429105443,7841305.513505443,222.0,False,Constant VMR,-1.8286412481421541,5.003599310925315e+18,3.3722811283483545e+20,10686114052869.53,13.028819805095582
H2O_atmosphere_1_M_earth_1000_F_earth.csv,1000,H2O,1_M_earth,1000_F_earth,1.4119614273917829,H,6.344799049900841,24.77166103883073,True,957.9618804567104,1575.543291282869,7887301.375682869,222.0,False,Constant VMR,0.14982283262250107,5.003599310925315e+18,3.543722380694289e+18,112293785987.98036,11.050355724330927
H2O_atmosphere_1_M_earth_1000_F_earth.csv,2000,H2O,1_M_earth,1000_F_earth,12.772639300158216,H,3.269583541832193,223.36086819902408,True,1836.763432999791,1670.9247069707726,7982682.791370773,224.0,False,Constant VMR,1.1062806478553888,5.003599310925315e+18,3.917435694644047e+17,12413604629.769205,10.093897909098038
H2O_atmosphere_1_M_earth_1000_F_earth.csv,3000,H2O,1_M_earth,1000_F_earth,23.52633119775961,H,2.183231736687984,408.8743473093517,True,2717.989053974931,1767.044506078873,8078802.590478873,225.0,False,Constant VMR,1.3715542066151163,5.003599310925315e+18,2.1268081575769888e+17,6739448366.089274,9.82862435033831
H2O_atmosphere_1_M_earth_1000_F_earth.csv,4000,H2O,1_M_earth,1000_F_earth,29.407760521389307,H,1.624864929281474,507.7986570684485,True,3606.8689440895087,1868.121448651064,8179879.533051064,227.0,False,Constant VMR,1.4684619530948015,5.003599310925315e+18,1.701455405720548e+17,5391586830.812697,9.731716603858626
H2O_atmosphere_1_M_earth_1000_F_earth.csv,5000,H2O,1_M_earth,1000_F_earth,32.607127688108214,H,1.287999369312529,559.9017302914091,False,4495.152600844637,1968.3202455042156,8280078.329904215,228.0,False,Constant VMR,1.5133125441556854,5.003599310925315e+18,1.5345109077945933e+17,4862571639.778035,9.686866012797742
H2O_atmosphere_1_M_earth_1000_F_earth.csv,6000,H2O,1_M_earth,1000_F_earth,33.60704969039011,H,1.0597878202797175,574.3368374118387,False,5393.546923839927,2075.135832973415,8386893.917373415,230.0,False,Constant VMR,1.5264303881188788,5.003599310925315e+18,1.4888540818136995e+17,4717893888.678796,9.67374816883455
H2O_atmosphere_1_M_earth_1000_F_earth.csv,7000,H2O,1_M_earth,1000_F_earth,34.17793135200079,H,0.8977924297655936,581.2315292924417,False,6288.536648925166,2179.440540163815,8491198.624563815,231.0,False,Constant VMR,1.5337457731419215,5.003599310925315e+18,1.4639854177811152e+17,4639089847.710584,9.666432783811507
H2O_atmosphere_10_M_earth_1_F_earth.csv,200,H2O,10_M_earth,1_F_earth,0.0001013248306423,H,16.960869281235794,0.0072269418296648,True,199.7554786965869,22996.56180530274,141497161.80530274,466.0,False,Constant VMR,-3.9942841134799387,6.2167491165308355e+22,6.135464601443443e+26,1.9442114107040596e+19,19.288743487704515
H2O_atmosphere_10_M_earth_1_F_earth.csv,300,H2O,10_M_earth,1_F_earth,0.0177025679947792,H,11.213624784249124,1.261296570094117,True,299.23420059809666,24368.16346986729,142868763.4698673,467.0,False,Constant VMR,-1.7519637288321983,6.2167491165308355e+22,3.5117781320564705e+24,1.11281533831992e+17,17.046423103056775
H2O_atmosphere_10_M_earth_1_F_earth.csv,500,H2O,10_M_earth,1_F_earth,0.947757172110305,H,6.6068654787409375,61.27366163073687,True,498.23055726018697,27135.389543127745,145635989.54312775,469.0,False,Constant VMR,-0.02330292038489003,6.2167491165308355e+22,6.559432415255094e+22,2078558703847914.2,15.317762294609466
H2O_atmosphere_10_M_earth_1_F_earth.csv,1000,H2O,10_M_earth,1_F_earth,42.60210975929227,H,3.151402125508937,745.1291274302108,True,995.9880208470244,34233.70628365764,152734306.28365764,475.0,False,Constant VMR,1.6294311069461644,6.2167491165308355e+22,1.4592585089462273e+21,46241111774857.0,13.665028267278412
H2O_atmosphere_10_M_earth_1_F_earth.csv,2000,H2O,10_M_earth,1_F_earth,397.1188021772562,H2,2.8717830612544644,4947.663232980829,True,1992.3757886683768,49071.47438764572,167572074.38764572,486.0,False,Constant VMR,2.598920449865492,6.2167491165308355e+22,1.565463302781608e+20,4960653860818.338,12.695538924359084
H2O_atmosphere_10_M_earth_1_F_earth.csv,3000,H2O,10_M_earth,1_F_earth,698.9979013206244,H2,1.7508468935327164,8896.563778563588,True,2989.6333399205,64671.123989984575,183171723.98998457,496.0,False,Constant VMR,2.844475871816868,6.2167491165308355e+22,8.893802262904457e+19,2818275871075.2583,12.449983502407708
H2O_atmosphere_10_M_earth_1_F_earth.csv,4000,H2O,10_M_earth,1_F_earth,942.792002005101,H2,1.203756103331743,10547.149636214885,False,3987.798850297399,81233.7612479606,199734361.2479606,507.0,False,Constant VMR,2.974415889614076,6.2167491165308355e+22,6.5939773601274135e+19,2089505336314.3628,12.3200434846105
H2O_atmosphere_10_M_earth_1_F_earth.csv,5000,H2O,10_M_earth,1_F_earth,2297.006461345657,H2,0.8861654690758463,11069.883637708344,False,4986.44127808034,98479.04731122058,216979647.3112206,517.0,False,Constant VMR,3.3611622168418775,6.2167491165308355e+22,2.7064569565419823e+19,857624457037.9187,11.933297157382698
H2O_atmosphere_10_M_earth_1_F_earth.csv,6000,H2O,10_M_earth,1_F_earth,7450.843621156991,H2,0.6822714208326892,11127.666277196233,False,5985.391893240218,116286.78568932904,234787385.68932903,526.0,False,Constant VMR,3.8722054484893453,6.2167491165308355e+22,8.343684866607735e+18,264395418745.65033,11.42225392573523
H2O_atmosphere_10_M_earth_1_F_earth.csv,7000,H2O,10_M_earth,1_F_earth,18622.356890480085,H2O,4.876983750380799,19603.74419398201,True,6984.721805533483,134817.7313294362,253318331.3294362,535.0,False,Constant VMR,4.270034645482786,6.2167491165308355e+22,3.3383256228479293e+18,105785155488.62808,11.02442472874179
H2O_atmosphere_10_M_earth_1000_F_earth.csv,200,H2O,10_M_earth,1000_F_earth,34.33390865906322,H,9.834275272654171,34.78198953460275,True,199.9808647890673,125260.12487605184,243760724.87605184,673.0,False,Constant VMR,1.5357232474232674,6.2167491165308355e+22,1.8106732846129894e+21,57376774045332.64,13.75873612680131
H2O_atmosphere_10_M_earth_1000_F_earth.csv,300,H2O,10_M_earth,1000_F_earth,1288.466494607036,H,5.496874715901612,1305.279552043493,True,299.95435366967314,172251.946266786,290752546.266786,694.0,False,Constant VMR,3.110073129602894,6.2167491165308355e+22,4.8249210534782706e+19,1528925220383.7651,12.184386244621683
H2O_atmosphere_10_M_earth_1000_F_earth.csv,500,H2O,10_M_earth,1000_F_earth,11161.09524711954,H,2.4452118397746463,11306.35856659675,True,499.93151158038825,273663.2281505847,392163828.1505847,730.0,False,Constant VMR,4.04770681435435,6.2167491165308355e+22,5.570017080658152e+18,176503190377.5367,11.246752559870226
H2O_atmosphere_10_M_earth_1000_F_earth.csv,1000,H2O,10_M_earth,1000_F_earth,22223.5246270738,H,0.7101666872545078,22509.84966981109,False,999.9260225873812,556596.6953430639,675097295.343064,795.0,False,Constant VMR,4.346812938704613,6.2167491165308355e+22,2.7973731533823775e+18,88643406132.98785,10.947646435519964
H2O_atmosphere_10_M_earth_1000_F_earth.csv,2000,H2O,10_M_earth,1000_F_earth,18350.34218388269,H,0.1823568853863635,18585.59462746313,False,1999.940810600079,1195983.1654125273,1314483765.412527,875.0,False,Constant VMR,4.263644167072385,6.2167491165308355e+22,3.387811003323456e+18,107353252570.6472,11.030815207152193
H2O_atmosphere_10_M_earth_1000_F_earth.csv,3000,H2O,10_M_earth,1000_F_earth,15347.448861733948,H,0.0795805839773698,15544.094407792654,False,2999.9512398975808,1889543.3669508875,2008043966.9508877,925.0,False,Constant VMR,4.186036194969503,6.2167491165308355e+22,4.0506726378682783e+18,128358070254.6543,11.108423179255073
H2O_atmosphere_10_M_earth_1000_F_earth.csv,4000,H2O,10_M_earth,1000_F_earth,,,,,False,,,,,True,Constant VMR,,6.2167491165308355e+22,,,
H2O_atmosphere_10_M_earth_1000_F_earth.csv,5000,H2O,10_M_earth,1000_F_earth,,,,,False,,,,,True,Constant VMR,,6.2167491165308355e+22,,,
H2O_atmosphere_10_M_earth_1000_F_earth.csv,6000,H2O,10_M_earth,1000_F_earth,,,,,False,,,,,True,Constant VMR,,6.2167491165308355e+22,,,
H2O_atmosphere_10_M_earth_1000_F_earth.csv,7000,H2O,10_M_earth,1000_F_earth,,,,,False,,,,,True,Constant VMR,,6.2167491165308355e+22,,,
CO2_atmosphere_1_M_earth_1_F_earth.csv,200,CO2,1_M_earth,1_F_earth,6.219822071456687e-19,H,36.95988583603254,1.5401432777787835e-14,True,195.6461560616075,320.1776430757549,6629686.445875755,176.0,False,Constant VMR,-18.206222038860595,4.996466183931688e+18,8.033133627505058e+36,2.545546438102092e+29,29.405781024228407
CO2_atmosphere_1_M_earth_1_F_earth.csv,300,CO2,1_M_earth,1_F_earth,1.472390909188964e-14,H,26.39407114344553,3.6459100217150047e-10,True,273.87693636964514,322.3166199962497,6631825.422796249,176.0,False,Constant VMR,-13.831976872630735,4.996466183931688e+18,3.39343726774562e+32,1.0753153813172168e+25,25.031535857998545
CO2_atmosphere_1_M_earth_1_F_earth.csv,500,CO2,1_M_earth,1_F_earth,1.1655972750716422e-10,H,16.753942239022688,2.851819505459256e-06,True,431.1763620665636,326.7447610558104,6636253.56385581,177.0,False,Constant VMR,-9.933451476528674,4.996466183931688e+18,4.286614502959082e+28,1.3583461679465746e+21,21.133010461896486
CO2_atmosphere_1_M_earth_1_F_earth.csv,1000,CO2,1_M_earth,1_F_earth,4.922480303352656e-06,H,8.756419614595496,0.0033827747840199,True,823.6394277955692,337.5762529976731,6647085.055797673,177.0,False,Constant VMR,-5.30781601295772,4.996466183931688e+18,1.0150302034786488e+24,3.2164366221723096e+16,16.50737499832553
CO2_atmosphere_1_M_earth_1_F_earth.csv,2000,CO2,1_M_earth,1_F_earth,0.0098046736751509,H2,8.93803086560692,0.8427902324604415,True,1608.5655592535802,359.2392368813995,6668748.039681399,177.0,False,Constant VMR,-2.0085668561970813,4.996466183931688e+18,5.096004568305828e+20,16148264026116.777,13.208125841564893
CO2_atmosphere_1_M_earth_1_F_earth.csv,3000,CO2,1_M_earth,1_F_earth,0.1085806934077116,H2,5.968487975664077,9.33630285476544,True,2400.786568249474,381.7380035832701,6691246.80638327,178.0,False,Constant VMR,-0.9642473892213107,4.996466183931688e+18,4.60161565295072e+19,1458164008971.1257,12.163806374589122
CO2_atmosphere_1_M_earth_1_F_earth.csv,4000,CO2,1_M_earth,1_F_earth,0.3305254276008354,H2,4.479579659395763,28.421598314696237,True,3188.299535713826,403.6751095580533,6713183.912358053,178.0,False,Constant VMR,-0.48079512425112847,4.996466183931688e+18,1.5116737674917265e+19,479020510904.41815,11.680354109618941
CO2_atmosphere_1_M_earth_1_F_earth.csv,5000,CO2,1_M_earth,1_F_earth,0.611929357552385,H2,3.5805820177328456,52.62013507325913,True,3975.8125031781783,425.6122155328374,6735121.018332837,178.0,False,Constant VMR,-0.21329871085440666,4.996466183931688e+18,8.165102919586529e+18,258736498326.4421,11.412857696222218
CO2_atmosphere_1_M_earth_1_F_earth.csv,6000,CO2,1_M_earth,1_F_earth,0.8835042558864048,H2,2.9689034256791493,75.97358139082452,True,4778.199775095945,449.2126882186318,6758721.491018632,179.0,False,Constant VMR,-0.05379135413284869,4.996466183931688e+18,5.655282530494228e+18,179205089439.44498,11.25335033950066
CO2_atmosphere_1_M_earth_1_F_earth.csv,7000,CO2,1_M_earth,1_F_earth,1.1288801842876293,H2,2.539307330579723,97.07413068444474,True,5568.2684649749735,471.424812782702,6780933.615582702,179.0,False,Constant VMR,0.05264784975130969,4.996466183931688e+18,4.4260376375413724e+18,140252669326.60825,11.146911135616502
CO2_atmosphere_1_M_earth_1000_F_earth.csv,200,CO2,1_M_earth,1000_F_earth,1.1864880933831086e-09,H,22.85849746169746,5.479123761081636e-07,True,289.8187355112853,926.861658873872,7236370.461673872,189.0,False,Constant VMR,-8.925736615646356,4.996466183931688e+18,4.211138916434423e+27,1.3344293978104871e+20,20.125295601014166
CO2_atmosphere_1_M_earth_1000_F_earth.csv,300,CO2,1_M_earth,1000_F_earth,1.2539324302900018e-07,H,17.83888227958395,5.790577168649347e-05,True,371.2166773865356,929.8451422521044,7239353.945052104,189.0,False,Constant VMR,-6.90172586537359,4.996466183931688e+18,3.984637499786281e+25,1.2626554300030044e+18,18.1012848507414
CO2_atmosphere_1_M_earth_1000_F_earth.csv,500,CO2,1_M_earth,1000_F_earth,1.7298473954639227e-05,H,12.390414367227407,0.0079882918136567,True,534.0125611370362,935.8121090085692,7245320.911808569,189.0,False,Constant VMR,-4.761992207987505,4.996466183931688e+18,2.888385528708271e+23,9152741427447814.0,15.961551193355318
CO2_atmosphere_1_M_earth_1000_F_earth.csv,1000,CO2,1_M_earth,1000_F_earth,0.0016902798887734,H,7.017030766425232,0.7799579788301492,True,941.0022705132876,950.7295258997316,7260238.328699731,189.0,False,Constant VMR,-2.772041375809184,4.996466183931688e+18,2.9559993094146773e+21,93669965694941.23,13.971600361176996
CO2_atmosphere_1_M_earth_1000_F_earth.csv,2000,CO2,1_M_earth,1000_F_earth,0.0195782711202883,H,3.74040219755931,8.868123484882908,True,1757.928542832536,981.2949459852334,7290803.748785233,190.0,False,Constant VMR,-1.7082256616682066,4.996466183931688e+18,2.5520466813609597e+20,8086947934446.726,12.907784647036019
CO2_atmosphere_1_M_earth_1000_F_earth.csv,3000,CO2,1_M_earth,1000_F_earth,0.0420322724589675,H,2.5438576317460795,18.277506052952884,True,2574.145245042323,1011.468814607272,7320977.617407272,190.0,False,Constant VMR,-1.3764171293923544,4.996466183931688e+18,1.188721401825064e+20,3766830816744.8223,12.575976114760167
CO2_atmosphere_1_M_earth_1000_F_earth.csv,4000,CO2,1_M_earth,1000_F_earth,0.0584852435748235,H,1.918986348570166,24.29450393747093,True,3397.6941097536824,1043.054407541288,7352563.210341288,191.0,False,Constant VMR,-1.2329536970364647,4.996466183931688e+18,8.543122809327834e+19,2707152257880.141,12.432512682404276
CO2_atmosphere_1_M_earth_1000_F_earth.csv,5000,CO2,1_M_earth,1000_F_earth,0.0701000746976365,H,1.5400841227777826,27.95194801131733,True,4216.121187445116,1073.5682359907246,7383077.038790724,191.0,False,Constant VMR,-1.1542815192551095,4.996466183931688e+18,7.127618915504735e+19,2258606140994.4785,12.353840504622921
CO2_atmosphere_1_M_earth_1000_F_earth.csv,6000,CO2,1_M_earth,1000_F_earth,0.0766324456544102,H,1.2810984776328902,29.51083576121275,False,5046.15982543128,1106.1785675588585,7415687.370358858,192.0,False,Constant VMR,-1.1155873141109858,4.996466183931688e+18,6.520040096937897e+19,2066076031427.579,12.315146299478798
CO2_atmosphere_1_M_earth_1000_F_earth.csv,7000,CO2,1_M_earth,1000_F_earth,0.0814477570242363,H,1.0973398927657474,30.492922164884963,False,5866.77069425296,1137.033269698482,7446542.072498482,192.0,False,Constant VMR,-1.089120871151789,4.996466183931688e+18,6.134565722227189e+19,1943926573068.6711,12.2886798565196
CO2_atmosphere_10_M_earth_1_F_earth.csv,200,CO2,10_M_earth,1_F_earth,1.964249306687015e-08,H,18.802856076908565,5.352392085586619e-05,True,199.5778048308624,9248.799115211516,127749399.11521152,426.0,False,Constant VMR,-7.706803391474175,6.216743475700035e+22,3.1649462492036994e+30,1.0029109467144838e+23,23.00126237163704
CO2_atmosphere_10_M_earth_1_F_earth.csv,300,CO2,10_M_earth,1_F_earth,5.822893566249703e-06,H,12.522420223749249,0.0157880731520932,True,298.7227220592771,9655.238857022136,128155838.85702214,427.0,False,Constant VMR,-5.234861148070386,6.216743475700035e+22,1.0676381776464438e+28,3.383141232687035e+20,20.529320128233252
CO2_atmosphere_10_M_earth_1_F_earth.csv,500,CO2,10_M_earth,1_F_earth,0.0007762569975451,H,7.479465235438861,1.2041523725457142,True,497.00199988621887,10462.731931320264,128963331.93132026,427.0,False,Constant VMR,-3.109994471863317,6.216743475700035e+22,8.008615053210965e+25,2.537776970749032e+18,18.404453452026182
CO2_atmosphere_10_M_earth_1_F_earth.csv,1000,CO2,10_M_earth,1_F_earth,0.2521180954140082,H2,7.3710067427942,29.685786946558785,True,992.8815788883294,12508.258723328903,131008858.7233289,429.0,False,Constant VMR,-0.598395982342515,6.216743475700035e+22,2.4658061395757394e+23,7813668148324776.0,15.89285496250538
CO2_atmosphere_10_M_earth_1_F_earth.csv,2000,CO2,10_M_earth,1_F_earth,4.21717920189085,H2,3.5726949710243634,509.51202185599215,True,1985.2528673924835,16679.621712414562,135180221.71241456,433.0,False,Constant VMR,0.6250220560157572,6.216743475700035e+22,1.4741473335808551e+22,467129101573267.6,14.669436924147107
CO2_atmosphere_10_M_earth_1_F_earth.csv,3000,CO2,10_M_earth,1_F_earth,8.758974134534343,H2,2.308328831837529,1060.5715093627225,True,2978.3901098608794,20958.117775289,139458717.775289,437.0,False,Constant VMR,0.9424532438621035,6.216743475700035e+22,7.097570309277479e+21,224908431226629.38,14.352005736300761
CO2_atmosphere_10_M_earth_1_F_earth.csv,4000,CO2,10_M_earth,1_F_earth,11.644835850257094,H2,1.6787929485676434,1410.8554857301506,True,3971.8850022358015,25290.207541393786,143790807.5413938,440.0,False,Constant VMR,1.0661333709445502,6.216743475700035e+22,5.338626972197966e+21,169170880301352.62,14.228325609218313
CO2_atmosphere_10_M_earth_1_F_earth.csv,5000,CO2,10_M_earth,1_F_earth,12.981662329561717,H2,1.302075484326491,1571.2897818317294,False,4966.3178580728245,29769.728874745662,148270328.87474567,444.0,False,Constant VMR,1.1133303083604036,6.216743475700035e+22,4.788865491858717e+21,151749990235591.97,14.18112867180246
CO2_atmosphere_10_M_earth_1_F_earth.csv,6000,CO2,10_M_earth,1_F_earth,13.629437194642689,H2,1.052188311645368,1631.344357151863,False,5961.364885511904,34356.54608673274,152857146.08673275,448.0,False,Constant VMR,1.1344779227233364,6.216743475700035e+22,4.56126205867374e+21,144537672658051.94,14.159981057439527
CO2_atmosphere_10_M_earth_1_F_earth.csv,7000,CO2,10_M_earth,1_F_earth,14.811455758011126,H2,0.8753365312942966,1661.852651033372,False,6956.434550599685,38956.83334856492,157457433.34856492,451.0,False,Constant VMR,1.1705977456650742,6.216743475700035e+22,4.197253515973649e+21,133002937991914.75,14.12386123449779
CO2_atmosphere_10_M_earth_1000_F_earth.csv,200,CO2,10_M_earth,1000_F_earth,7.241683254971224e-15,H,18.483481734864768,3.1110103009849896e-08,True,199.47672092096772,11522.023958689406,130022623.9586894,429.0,False,Constant VMR,-14.1401604747726,6.216743475700035e+22,8.584666377713228e+36,2.720316620311186e+29,29.434619454935465
CO2_atmosphere_10_M_earth_1000_F_earth.csv,300,CO2,10_M_earth,1000_F_earth,2.8203375344841057e-10,H,12.304540277192617,8.292739996727163e-06,True,298.65028407350184,11956.165020294726,130456765.02029473,430.0,False,Constant VMR,-9.5496989127474,6.216743475700035e+22,2.2042551289298773e+32,6.984863009005366e+24,24.844157892910264
CO2_atmosphere_10_M_earth_1000_F_earth.csv,500,CO2,10_M_earth,1000_F_earth,2.700870679449352e-06,H2,14.689165276292425,0.004053720393129,True,497.0220007144903,12825.846919081749,131326446.91908176,431.0,False,Constant VMR,-5.568496209794814,6.216743475700035e+22,2.301755327644007e+28,7.293822494879228e+20,20.862955189957678
CO2_atmosphere_10_M_earth_1000_F_earth.csv,1000,CO2,10_M_earth,1000_F_earth,0.0017374241822167,H2,7.230985544410444,2.6077766067877874,True,993.0851504356268,15017.746001534984,133518346.00153498,433.0,False,Constant VMR,-2.7600941380836597,6.216743475700035e+22,3.5781379926279005e+25,1.1338435092110619e+18,18.054553118246524
CO2_atmosphere_10_M_earth_1000_F_earth.csv,2000,CO2,10_M_earth,1000_F_earth,0.0284519899179393,H2,3.500098148351602,42.7047472442703,True,1985.6162426039573,19458.192799319684,137958792.79931968,436.0,False,Constant VMR,-1.5458873538679063,6.216743475700035e+22,2.1849942635401778e+24,6.923829009621067e+16,16.84034633403077
CO2_atmosphere_10_M_earth_1000_F_earth.csv,3000,CO2,10_M_earth,1000_F_earth,0.0583252339030191,H2,2.2581953123344194,87.23359153251303,True,2978.9753538964205,24026.19305150032,142526793.05150032,440.0,False,Constant VMR,-1.2341435108696268,6.216743475700035e+22,1.065875446986975e+24,3.377555476294062e+16,16.52860249103249
CO2_atmosphere_10_M_earth_1000_F_earth.csv,4000,CO2,10_M_earth,1000_F_earth,0.0903964264820967,H2,1.63935141825097,113.34465375281708,True,3973.020167065526,28707.63131605324,147208231.31605324,444.0,False,Constant VMR,-1.0438487375531955,6.216743475700035e+22,6.877200479746046e+23,2.179253327168747e+16,16.33830771771606
CO2_atmosphere_10_M_earth_1000_F_earth.csv,5000,CO2,10_M_earth,1000_F_earth,0.2877051408590946,H2,1.2697463772488675,125.78094446626804,False,4967.699410478254,33502.5658437095,152003165.8437095,448.0,False,Constant VMR,-0.541052377849716,6.216743475700035e+22,2.160803751068433e+23,6847173901273966.0,15.83551135801258
CO2_atmosphere_10_M_earth_1000_F_earth.csv,6000,CO2,10_M_earth,1000_F_earth,1.3187424268190246,H2,1.0247252996100875,130.3944262812987,False,5962.965191615585,38411.05104612085,156911651.04612085,452.0,False,Constant VMR,0.12015997861321666,6.216743475700035e+22,4.714145347318214e+22,1493822517339155.8,15.174299001549647
CO2_atmosphere_10_M_earth_1000_F_earth.csv,7000,CO2,10_M_earth,1000_F_earth,5.081394912813289,H2,0.8508537712808033,130.76696319805706,False,6958.772788980142,43433.13773227787,161933737.73227787,456.0,False,Constant VMR,0.7059829484609502,6.216743475700035e+22,1.223432459465774e+22,387682352100848.6,14.588476031701914
N2_atmosphere_1_M_earth_1_F_earth.csv,200,N2,1_M_earth,1_F_earth,6.230935898961937e-19,H,35.618391662863424,2.1477269721676724e-14,True,197.4124151926966,510.4972573414901,6817835.45924149,219.0,False,Constant VMR,-18.205446716546604,4.989590122115886e+18,8.007769945036896e+36,2.5375091721287096e+29,29.404407620733167
N2_atmosphere_1_M_earth_1_F_earth.csv,300,N2,1_M_earth,1_F_earth,2.0196409272156035e-14,H,24.69706977540424,6.960153609213904e-10,True,284.4744911561797,516.151253685045,6823489.455585045,219.0,False,Constant VMR,-13.694725837083405,4.989590122115886e+18,2.470533278900636e+32,7.828647548928423e+24,24.893686741269967
N2_atmosphere_1_M_earth_1_F_earth.csv,500,N2,1_M_earth,1_F_earth,3.970530721580443e-10,H,15.294555816569266,4.226503227846361e-06,True,458.5986430831458,527.4592463721549,6834797.448272155,219.0,False,Constant VMR,-9.40115143932028,4.989590122115886e+18,1.2566557148133118e+28,3.9821016643005546e+20,20.60011234350684
N2_atmosphere_1_M_earth_1_F_earth.csv,1000,N2,1_M_earth,1_F_earth,0.0003297694547396,H2,15.604907998012626,0.0060036805029958,True,895.1850551362468,556.2503744646795,6863588.576364679,220.0,False,Constant VMR,-3.481789573835203,4.989590122115886e+18,1.5130540595568133e+22,479457899066092.9,14.680750478021764
N2_atmosphere_1_M_earth_1_F_earth.csv,2000,N2,1_M_earth,1_F_earth,0.298187971900907,H2,7.825319209347221,5.4300775894299935,True,1770.160056224155,614.328445641011,6921666.647541011,221.0,False,Constant VMR,-0.5255098787985782,4.989590122115886e+18,1.6733036179521059e+19,530237919851.9868,11.72447078298514
N2_atmosphere_1_M_earth_1_F_earth.csv,3000,N2,1_M_earth,1_F_earth,2.393987567344308,H2,5.186548554907774,43.59528548915701,True,2648.157751046831,673.4261509915525,6980764.352891552,222.0,False,Constant VMR,0.3791218906619613,4.989590122115886e+18,2.0842172240898163e+18,66044858420.46976,10.8198390135246
N2_atmosphere_1_M_earth_1_F_earth.csv,4000,N2,1_M_earth,1_F_earth,6.151493338496797,H2,3.858612891619144,112.02075706751552,True,3529.1235142585324,733.5461204685922,7040884.322368592,223.0,False,Constant VMR,0.7889805580423208,4.989590122115886e+18,8.111185118075999e+17,25702794629.743702,10.409980346144241
N2_atmosphere_1_M_earth_1_F_earth.csv,5000,N2,1_M_earth,1_F_earth,10.23428328180544,H2,3.0592047634705635,186.3697782750257,True,4413.003597268971,794.69094181279,7102029.14371279,224.0,False,Constant VMR,1.010057433939814,4.989590122115886e+18,4.875368391440174e+17,15449110171.36973,10.188903470246746
N2_atmosphere_1_M_earth_1_F_earth.csv,6000,N2,1_M_earth,1_F_earth,13.851814356493488,H2,2.525239135004493,252.246279384867,True,5299.745115055012,856.8631611881246,7164201.363088124,225.0,False,Constant VMR,1.1415066624550478,4.989590122115886e+18,3.602120266488305e+17,11414430332.117477,10.057454241731513
N2_atmosphere_1_M_earth_1_F_earth.csv,7000,N2,1_M_earth,1_F_earth,16.767929624352284,H2,2.143392576126121,305.3497544943248,True,6189.296033162778,920.0652838076855,7227403.485707685,226.0,False,Constant VMR,1.2244794425567576,4.989590122115886e+18,2.9756745369860326e+17,9429343603.398335,9.974481461629804
N2_atmosphere_1_M_earth_1000_F_earth.csv,200,N2,1_M_earth,1000_F_earth,4.417100638492263e-12,H,24.87816041817038,9.776617716633728e-09,True,257.7313165887359,1169.359585740272,7476697.787640272,229.0,False,Constant VMR,-11.354862705735055,4.989590122115886e+18,1.1296075254964165e+30,3.5795102463318393e+22,22.553823609921615
N2_atmosphere_1_M_earth_1000_F_earth.csv,300,N2,1_M_earth,1000_F_earth,1.6946874920741602e-09,H,18.499627077853894,3.750947267361297e-06,True,346.2680245785584,1176.422971806894,7483761.173706894,229.0,False,Constant VMR,-8.77091037591559,4.989590122115886e+18,2.9442538199234787e+27,9.329777359252537e+19,19.969871280102154
N2_atmosphere_1_M_earth_1000_F_earth.csv,500,N2,1_M_earth,1000_F_earth,5.018637550501915e-07,H,12.217186723446543,0.0011107965989679,True,523.3414405582034,1190.5497439401383,7497887.945840138,229.0,False,Constant VMR,-6.299414168235252,4.989590122115886e+18,9.942120888201772e+24,3.1504679976302925e+17,17.498375072421812
N2_atmosphere_1_M_earth_1000_F_earth.csv,1000,N2,1_M_earth,1000_F_earth,5.893574548563108e-05,H,6.584249763189541,0.1302318289429799,True,966.4336236535032,1226.511548119354,7533849.750019354,230.0,False,Constant VMR,-4.2296212186524365,4.989590122115886e+18,8.466152554789318e+22,2682761856031294.5,15.428582122838998
N2_atmosphere_1_M_earth_1000_F_earth.csv,2000,N2,1_M_earth,1000_F_earth,0.0006204128038885,H,3.3977388290601613,1.323262220571861,True,1854.9454009775127,1298.9741993382795,7606312.401238279,231.0,False,Constant VMR,-3.207319247930092,4.989590122115886e+18,8.042371290281447e+21,254847367679463.8,14.406280152116654
N2_atmosphere_1_M_earth_1000_F_earth.csv,3000,N2,1_M_earth,1000_F_earth,0.0012550636320015,H,2.273070637977457,2.500205736075354,True,2746.14393987615,1372.6234860373029,7679961.6879373025,232.0,False,Constant VMR,-2.901334254799229,4.989590122115886e+18,3.9755674492446153e+21,125978130442258.45,14.10029515898579
N2_atmosphere_1_M_earth_1000_F_earth.csv,4000,N2,1_M_earth,1000_F_earth,0.0017153555962602,H,1.6983436811561865,3.191145499704934,True,3639.980737589072,1447.462083419972,7754800.285319972,233.0,False,Constant VMR,-2.7656458362711724,4.989590122115886e+18,2.9087788753504735e+21,92173640433698.17,13.964606740457734
N2_atmosphere_1_M_earth_1000_F_earth.csv,5000,N2,1_M_earth,1000_F_earth,0.001987025188987,H,1.3473296093313694,3.4881089067062003,False,4541.984038711338,1526.5221415209417,7833860.343420941,235.0,False,Constant VMR,-2.7017966274202703,4.989590122115886e+18,2.511085490898893e+21,79571497544138.11,13.900757531606832
N2_atmosphere_1_M_earth_1000_F_earth.csv,6000,N2,1_M_earth,1000_F_earth,0.0021836570770245,H,1.1134074909343454,3.638366464610614,False,5442.1700993432905,1604.3476051004006,7911685.8070004,236.0,False,Constant VMR,-2.6608155625100496,4.989590122115886e+18,2.2849696386004038e+21,72406318560359.6,13.85977646669661
N2_atmosphere_1_M_earth_1000_F_earth.csv,7000,N2,1_M_earth,1000_F_earth,0.0024067957956645,H,0.9455627777080348,3.682683804006305,False,6344.823494537472,1683.3718068097542,7990710.008709754,237.0,False,Constant VMR,-2.618560755831413,4.989590122115886e+18,2.0731256598935073e+21,65693387960222.17,13.817521660017974
N2_atmosphere_10_M_earth_1_F_earth.csv,200,N2,10_M_earth,1_F_earth,5.288940043206304e-06,H,18.30268425496357,0.0007731797583977,True,199.6529657560062,12690.60747487183,131191207.47487184,472.0,False,Constant VMR,-5.2766313562278,6.2167384169906914e+22,1.1754223655789318e+28,3.724688713903883e+20,20.57108998299496
N2_atmosphere_10_M_earth_1_F_earth.csv,300,N2,10_M_earth,1_F_earth,0.0014362445655713,H,12.126347631828631,0.2062220005839314,True,299.1720760535104,13642.415567308888,132143015.56730887,473.0,False,Constant VMR,-2.8427716015738844,6.2167384169906914e+22,4.3284678431614035e+25,1.3716086911429903e+18,18.137230228341043
N2_atmosphere_10_M_earth_1_F_earth.csv,500,N2,10_M_earth,1_F_earth,0.3399452543301979,H,7.178039809128653,14.199574295757955,True,498.2240873440612,15548.746125097769,134049346.12509777,474.0,False,Constant VMR,-0.4685910172420218,6.2167384169906914e+22,1.8287469343379058e+23,5794949344493579.0,15.76304964400918
N2_atmosphere_10_M_earth_1_F_earth.csv,1000,N2,10_M_earth,1_F_earth,148.8364043471451,H2,6.928351243622089,613.193778373691,True,996.08232834996,20430.71498756796,138931314.98756796,479.0,False,Constant VMR,2.1727091696063083,6.2167384169906914e+22,4.176893713779063e+20,13235777479209.645,13.12174945716085
N2_atmosphere_10_M_earth_1_F_earth.csv,2000,N2,10_M_earth,1_F_earth,2261.588175249896,H2,3.2298120038276936,9396.90039851259,True,1992.3876011042569,30495.260847979425,148995860.84797943,487.0,False,Constant VMR,3.3544135247717244,6.2167384169906914e+22,2.748837513843018e+19,871054045251.5458,11.940045101995434
N2_atmosphere_10_M_earth_1_F_earth.csv,3000,N2,10_M_earth,1_F_earth,4453.348000948195,H2,2.0108566624931123,18517.305448933723,True,2989.4354840570945,40997.30346711916,159497903.46711916,495.0,False,Constant VMR,3.648686633821146,6.2167384169906914e+22,1.3959695976301517e+19,442356071954.1891,11.645771992946013
N2_atmosphere_10_M_earth_1_F_earth.csv,4000,N2,10_M_earth,1_F_earth,5617.051774864116,H2,1.4109142107356791,23361.041086424542,False,3987.117721864151,51937.07926965916,170437679.26965916,503.0,False,Constant VMR,3.749508426979962,6.2167384169906914e+22,1.1067618149453648e+19,350711655812.0278,11.544950199787197
N2_atmosphere_10_M_earth_1_F_earth.csv,5000,N2,10_M_earth,1_F_earth,6075.622291346862,H2,1.057790947533763,25262.02107350679,False,4985.339974037972,63314.79429086673,181815394.29086676,511.0,False,Constant VMR,3.7835907668558852,6.2167384169906914e+22,1.0232266126623461e+19,324240947556.9581,11.510867859911274
N2_atmosphere_10_M_earth_1_F_earth.csv,6000,N2,10_M_earth,1_F_earth,6271.059775023636,H2,0.8282091066837731,25952.01820518164,False,5983.81806099851,74966.39969640574,193466999.6964057,518.0,False,Constant VMR,3.797340940440347,6.2167384169906914e+22,9.913377706509361e+18,314135983297.50555,11.497117686326812
N2_atmosphere_10_M_earth_1_F_earth.csv,7000,N2,10_M_earth,1_F_earth,6422.437286811175,H2,0.6681722773325885,25813.58111566784,False,6982.656423912998,87001.44703786644,205502047.03786644,525.0,False,Constant VMR,3.807699872202716,6.2167384169906914e+22,9.679718367600261e+18,306731765647.58606,11.486758754564443
N2_atmosphere_10_M_earth_1000_F_earth.csv,200,N2,10_M_earth,1000_F_earth,7.319849149196113e-09,H,18.3657630896084,2.90165326234105e-05,True,199.61896129871576,12262.290941487105,130762890.9414871,467.0,False,Constant VMR,-8.135497868988983,6.2167384169906914e+22,8.492987068829733e+30,2.691265200404889e+23,23.42995649575614
N2_atmosphere_10_M_earth_1000_F_earth.csv,300,N2,10_M_earth,1000_F_earth,2.000646702643576e-06,H,12.181053985719842,0.0079281757617896,True,299.09572202060804,13082.530182077571,131583130.18207756,467.0,False,Constant VMR,-5.698829597340421,6.2167384169906914e+22,3.1073644380970104e+28,9.84664371846088e+20,20.99328822410758
N2_atmosphere_10_M_earth_1000_F_earth.csv,500,N2,10_M_earth,1000_F_earth,0.0001425917941751,H,7.223056044290869,0.5408798409027289,True,498.0976616583028,14747.122664772674,133247722.66477267,469.0,False,Constant VMR,-3.8459054663986985,6.2167384169906914e+22,4.3598149900243594e+26,1.3815420025681164e+19,19.140364093165857
N2_atmosphere_10_M_earth_1000_F_earth.csv,1000,N2,10_M_earth,1000_F_earth,0.0059975421879133,H,3.502131698789273,8.610464568789416,True,995.7647348273164,18968.8095519048,137469409.5519048,473.0,False,Constant VMR,-2.222026688434995,6.2167384169906914e+22,1.036547676066228e+25,3.2846213782614266e+17,17.516485315202154
N2_atmosphere_10_M_earth_1000_F_earth.csv,2000,N2,10_M_earth,1000_F_earth,0.0655467184264928,H2,3.293792971160301,49.01747817796573,True,1991.6776194938457,27653.141194873573,146153741.19487357,480.0,False,Constant VMR,-1.183449046230813,6.2167384169906914e+22,9.484438834207141e+23,3.0054373064514228e+16,16.477907672997972
N2_atmosphere_10_M_earth_1000_F_earth.csv,3000,N2,10_M_earth,1000_F_earth,0.4797025949230105,H2,2.067646951847497,97.68082071743407,True,2988.3088800134533,36674.99080211568,155175590.80211568,487.0,False,Constant VMR,-0.3190279322372584,6.2167384169906914e+22,1.2959568038168404e+23,4106639300253633.0,15.613486559004416
N2_atmosphere_10_M_earth_1000_F_earth.csv,4000,N2,10_M_earth,1000_F_earth,15.60126622330285,H2,1.4620982721953106,124.36433462493764,False,3985.566511405406,46034.53560522318,164535135.60522318,494.0,False,Constant VMR,1.1931598478080994,6.2167384169906914e+22,3.984765292771591e+21,126269592515640.95,14.101298778959059
N2_atmosphere_10_M_earth_1000_F_earth.csv,5000,N2,10_M_earth,1000_F_earth,132.0720354862677,N,7.729849353704445,460.89424466504994,True,4983.368909862694,55731.932799736,174232532.799736,501.0,False,Constant VMR,2.1208108712128118,6.2167384169906914e+22,4.7070815514440086e+20,14915841354995.338,13.173647755554347
N2_atmosphere_10_M_earth_1000_F_earth.csv,6000,N2,10_M_earth,1000_F_earth,522.5193795400315,N,6.0941240329945,1772.296603196797,True,5981.411640454114,65622.52520213848,184123125.20213848,507.0,False,Constant VMR,2.7181024024792038,6.2167384169906914e+22,1.1897622672795835e+20,3770129120337.3623,12.576356224287954
N2_atmosphere_10_M_earth_1000_F_earth.csv,7000,N2,10_M_earth,1000_F_earth,1366.232137148253,N,4.944301297681032,4306.586859182456,True,6980.078330607769,75971.85379908988,194472453.79908988,514.0,False,Constant VMR,3.1355244967958864,6.2167384169906914e+22,4.550279742333494e+19,1441896640534.608,12.158934129971273
H2_atmosphere_1_M_earth_1_F_earth.csv,200,H2,1_M_earth,1_F_earth,3.208783220084817e-06,H,25.07713021352359,3.543057492657206e-06,True,199.7727036945128,3257.679190437926,9569306.136637926,420.0,False,Full dissociation,-5.493659622107071,5.003184691166465e+18,1.5592155493240882e+24,4.9408559247981096e+16,16.69380219006075
H2_atmosphere_1_M_earth_1_F_earth.csv,300,H2,1_M_earth,1_F_earth,0.0092376596502726,H,16.511894221887843,0.0101999907733407,True,298.66883112826645,3409.2989133702927,9720925.859570293,422.0,False,Full dissociation,-2.0344380428181434,5.003184691166465e+18,5.4160738548305605e+20,17162502391913.709,13.234580610771824
H2_atmosphere_1_M_earth_1_F_earth.csv,500,H2,1_M_earth,1_F_earth,4.252354103423225,H,9.624072985635047,4.695342138808313,True,496.6179428775524,3718.654432187764,10030281.378387764,426.0,False,Full dissociation,0.6286294220693983,5.003184691166465e+18,1.17656821832848e+18,37283197021.58846,10.571513145884282
H2_atmosphere_1_M_earth_1_F_earth.csv,1000,H2,1_M_earth,1_F_earth,272.93720129722806,H,4.459471450796313,301.3703730523343,True,992.2277335400906,4522.64372289004,10834270.66909004,435.0,False,Full dissociation,2.4360627339733187,5.003184691166465e+18,1.8330900541908932e+16,580871186.082241,8.764079833980361
H2_atmosphere_1_M_earth_1_F_earth.csv,2000,H2,1_M_earth,1_F_earth,1302.2084931589711,H,1.9169452952975412,1437.86577078871,True,1986.2925800749956,6278.829970194543,12590456.916394545,454.0,False,Full dissociation,3.114680523540479,5.003184691166465e+18,3842076531868914.5,121748058.53008196,8.085462044413202
H2_atmosphere_1_M_earth_1_F_earth.csv,3000,H2,1_M_earth,1_F_earth,1718.2540042333292,H,1.1063956920682596,1897.251094536954,False,2982.9179819937585,8214.259425921682,14525886.372121682,472.0,False,Full dissociation,3.235087364665726,5.003184691166465e+18,2911784101093275.0,92268870.29093705,7.965055203287955
H2_atmosphere_1_M_earth_1_F_earth.csv,4000,H2,1_M_earth,1_F_earth,1800.3741307763028,H,0.725221824807758,1987.8333165527376,False,3980.93355868798,10293.363739562006,16604990.685762009,488.0,False,Full dissociation,3.2553627640188196,5.003184691166465e+18,2778969440651284.5,88060227.66786082,7.944779803934861
H2_atmosphere_1_M_earth_1_F_earth.csv,5000,H2,1_M_earth,1_F_earth,1739.225523437416,H,0.5107096283419571,1919.5957595191685,False,4980.176993316986,12536.821567678437,18848448.513878435,504.0,False,Full dissociation,3.2403559001361324,5.003184691166465e+18,2876673912465440.5,91156295.5505311,7.959786667817548
H2_atmosphere_1_M_earth_1_F_earth.csv,6000,H2,1_M_earth,1_F_earth,1647.8844238642157,H,0.3776856104556521,1816.7081886331453,False,5980.037408412508,14913.978708829736,21225605.655029736,519.0,False,Full dissociation,3.216926748721426,5.003184691166465e+18,3036125967763090.5,96209026.28093044,7.983215819232254
H2_atmosphere_1_M_earth_1_F_earth.csv,7000,H2,1_M_earth,1_F_earth,1577.1909837528744,H,0.2899760009998017,1735.2966913153807,False,6980.012419164133,17373.525223349476,23685152.169549476,532.0,False,Full dissociation,3.197884285699203,5.003184691166465e+18,3172212333639868.0,100521342.99312584,8.002258282254477
H2_atmosphere_1_M_earth_1000_F_earth.csv,200,H2,1_M_earth,1000_F_earth,,,,,False,,,,,True,Full dissociation,,5.003184691166465e+18,,,
H2_atmosphere_1_M_earth_1000_F_earth.csv,300,H2,1_M_earth,1000_F_earth,,,,,False,,,,,True,Full dissociation,,5.003184691166465e+18,,,
H2_atmosphere_1_M_earth_1000_F_earth.csv,500,H2,1_M_earth,1000_F_earth,,,,,False,,,,,True,Full dissociation,,5.003184691166465e+18,,,
H2_atmosphere_1_M_earth_1000_F_earth.csv,1000,H2,1_M_earth,1000_F_earth,,,,,False,,,,,True,Full dissociation,,5.003184691166465e+18,,,
H2_atmosphere_1_M_earth_1000_F_earth.csv,2000,H2,1_M_earth,1000_F_earth,,,,,False,,,,,True,Full dissociation,,5.003184691166465e+18,,,
H2_atmosphere_1_M_earth_1000_F_earth.csv,3000,H2,1_M_earth,1000_F_earth,,,,,False,,,,,True,Full dissociation,,5.003184691166465e+18,,,
H2_atmosphere_1_M_earth_1000_F_earth.csv,4000,H2,1_M_earth,1000_F_earth,,,,,False,,,,,True,Full dissociation,,5.003184691166465e+18,,,
H2_atmosphere_1_M_earth_1000_F_earth.csv,5000,H2,1_M_earth,1000_F_earth,,,,,False,,,,,True,Full dissociation,,5.003184691166465e+18,,,
H2_atmosphere_1_M_earth_1000_F_earth.csv,6000,H2,1_M_earth,1000_F_earth,,,,,False,,,,,True,Full dissociation,,5.003184691166465e+18,,,
H2_atmosphere_1_M_earth_1000_F_earth.csv,7000,H2,1_M_earth,1000_F_earth,,,,,False,,,,,True,Full dissociation,,5.003184691166465e+18,,,
H2_atmosphere_10_M_earth_1_F_earth.csv,200,H2,10_M_earth,1_F_earth,88.68689637562638,H,8.809624988285664,88.68689637855526,True,199.98723010012935,153603.28595096947,272103885.95096946,728.0,False,Full dissociation,1.9478594568987813,6.2167506108509625e+22,7.009773557212335e+20,22212632003740.258,13.346600021717157
H2_atmosphere_10_M_earth_1_F_earth.csv,300,H2,10_M_earth,1_F_earth,1825.5299124674943,H,5.104297885504343,1825.5299125277827,True,299.9735434759134,194593.91964079428,313094519.6407943,745.0,False,Full dissociation,3.26138895353507,6.2167506108509625e+22,3.4054498742494085e+19,1079121946614.891,12.033070525080868
H2_atmosphere_10_M_earth_1_F_earth.csv,500,H2,10_M_earth,1_F_earth,11842.510555665698,H,2.397603184362592,11842.510556056795,True,499.9591781513258,281428.10667896585,399928706.67896587,774.0,False,Full dissociation,4.07344378050283,6.2167506108509625e+22,5.24952085254992e+18,166347277757.17798,11.22101569811311
H2_atmosphere_10_M_earth_1_F_earth.csv,1000,H2,10_M_earth,1_F_earth,22380.68485300539,H,0.7507325104320777,22380.684853744515,False,999.9519997944568,520101.0763844778,638601676.3844779,830.0,False,Full dissociation,4.34987337188538,6.2167506108509625e+22,2.7777302846995523e+18,88020961185.24706,10.944586106730558
H2_atmosphere_10_M_earth_1_F_earth.csv,2000,H2,10_M_earth,1_F_earth,18696.20522718019,H,0.2044067156127909,18696.205227797636,False,1999.958556271883,1054176.0417966298,1172676641.7966297,903.0,False,Full dissociation,4.271753466636134,6.2167506108509625e+22,3.3251403347954094e+18,105367338922.96655,11.022706011979805
H2_atmosphere_10_M_earth_1_F_earth.csv,3000,H2,10_M_earth,1_F_earth,15479.853539783133,H,0.0912361100084139,15479.853540294353,False,2999.9651288178675,1633004.733634153,1751505333.634153,951.0,False,Full dissociation,4.189766847356893,6.2167506108509625e+22,4.0160267633501507e+18,127260208740.53003,11.104692631259045
H2_atmosphere_10_M_earth_1_F_earth.csv,4000,H2,10_M_earth,1_F_earth,,,,,False,,,,,True,Full dissociation,,6.2167506108509625e+22,,,
H2_atmosphere_10_M_earth_1_F_earth.csv,5000,H2,10_M_earth,1_F_earth,,,,,False,,,,,True,Full dissociation,,6.2167506108509625e+22,,,
H2_atmosphere_10_M_earth_1_F_earth.csv,6000,H2,10_M_earth,1_F_earth,,,,,False,,,,,True,Full dissociation,,6.2167506108509625e+22,,,
H2_atmosphere_10_M_earth_1_F_earth.csv,7000,H2,10_M_earth,1_F_earth,,,,,False,,,,,True,Full dissociation,,6.2167506108509625e+22,,,
H2_atmosphere_10_M_earth_1000_F_earth.csv,200,H2,10_M_earth,1000_F_earth,154.5151590300892,H,8.18066177687477,154.51515957348772,True,199.98510416466013,174526.87639682973,293027476.3968297,717.0,False,Full dissociation,2.18897109321176,6.2167506108509625e+22,4.023392041191477e+20,12749360031154.07,13.105488385404179
H2_atmosphere_10_M_earth_1000_F_earth.csv,300,H2,10_M_earth,1000_F_earth,2787.4501492523905,H,4.597595198517287,2787.4501590552886,True,299.97058657110904,229103.6102032569,347604210.20325685,737.0,False,Full dissociation,3.4452071092048455,6.2167506108509625e+22,2.230264319711091e+19,706728116115.006,11.849252369411092
H2_atmosphere_10_M_earth_1000_F_earth.csv,500,H2,10_M_earth,1000_F_earth,14829.11679635864,H,2.0631830569513805,14829.116848509642,True,499.95806307523566,346253.3519224792,464753951.9224792,772.0,False,Full dissociation,4.171115285762697,6.2167506108509625e+22,4.1922595230873866e+18,132844687906.79224,11.12334419285324
H2_atmosphere_10_M_earth_1000_F_earth.csv,1000,H2,10_M_earth,1000_F_earth,23669.47417804878,H,0.6079631444606141,23669.474261289528,False,999.9549177205728,670063.0573104891,788563657.3104892,835.0,False,Full dissociation,4.374188610100252,6.2167506108509625e+22,2.626484460147584e+18,83228270215.33907,10.920270868515686
H2_atmosphere_10_M_earth_1000_F_earth.csv,2000,H2,10_M_earth,1000_F_earth,18907.7178296224,H,0.158274537219076,18907.71789611701,False,1999.9634717714373,1395971.632213788,1514472232.213788,913.0,False,Full dissociation,4.276639112461406,6.2167506108509625e+22,3.2879434032547727e+18,104188639289.89444,11.017820366154533
H2_atmosphere_10_M_earth_1000_F_earth.csv,3000,H2,10_M_earth,1000_F_earth,,,,,False,,,,,True,Full dissociation,,6.2167506108509625e+22,,,
H2_atmosphere_10_M_earth_1000_F_earth.csv,4000,H2,10_M_earth,1000_F_earth,,,,,False,,,,,True,Full dissociation,,6.2167506108509625e+22,,,
H2_atmosphere_10_M_earth_1000_F_earth.csv,5000,H2,10_M_earth,1000_F_earth,,,,,False,,,,,True,Full dissociation,,6.2167506108509625e+22,,,
H2_atmosphere_10_M_earth_1000_F_earth.csv,6000,H2,10_M_earth,1000_F_earth,,,,,False,,,,,True,Full dissociation,,6.2167506108509625e+22,,,
H2_atmosphere_10_M_earth_1000_F_earth.csv,7000,H2,10_M_earth,1000_F_earth,,,,,False,,,,,True,Full dissociation,,6.2167506108509625e+22,,,
H2O_atmosphere_1_M_earth_1_F_earth.csv,200,H2O,1_M_earth,1_F_earth,69.42871546244393,H,7.378360444333399,88.45015345979216,True,199.852257559129,26198.611954219403,32510637.327619404,543.0,False,Full dissociation,1.8415391302179092,5.004448383545655e+18,7.208038273807198e+16,2284089497.8728414,9.358713116942818
H2O_atmosphere_1_M_earth_1_F_earth.csv,300,H2O,1_M_earth,1_F_earth,553.024666161567,H,4.718833394022835,704.5372546968779,True,299.6717003442837,27589.09358396553,33901118.95736553,548.0,False,Full dissociation,2.74274450226122,5.004448383545655e+18,9049231778901518.0,286752851.2593327,8.457507744899507
H2O_atmosphere_1_M_earth_1_F_earth.csv,500,H2O,1_M_earth,1_F_earth,2217.645421769116,H,2.610155592959694,2825.2154251793377,True,499.3761045608065,30467.003285166564,36779028.65856656,558.0,False,Full dissociation,3.3458921082336905,5.004448383545655e+18,2256649478054693.0,71508906.82607971,7.854360138927037
H2O_atmosphere_1_M_earth_1_F_earth.csv,1000,H2O,1_M_earth,1_F_earth,4152.925417205422,H,1.0790830313438315,5290.704249936865,False,998.9065234463288,38162.84557412424,44474870.94752424,581.0,False,Full dissociation,3.6183541316427497,5.004448383545655e+18,1205041718980168.8,38185467.810611986,7.581898115517977
H2O_atmosphere_1_M_earth_1_F_earth.csv,2000,H2O,1_M_earth,1_F_earth,3985.108043003057,H,0.3895250875317578,5054.006038823738,False,1998.5446315818533,55268.74590096992,61580771.274369925,619.0,False,Full dissociation,3.6004401003479294,5.004448383545655e+18,1255787378797001.0,39793500.735068604,7.5998121468127975
H2O_atmosphere_1_M_earth_1_F_earth.csv,3000,H2O,1_M_earth,1_F_earth,3516.7144083335875,H,0.1982101875986375,4252.883897787216,False,2998.525228664902,74348.44112330998,80660466.49670999,652.0,False,Full dissociation,3.5461371007818485,5.004448383545655e+18,1423046572018066.8,45093624.737561375,7.654115146378879
H2O_atmosphere_1_M_earth_1_F_earth.csv,4000,H2O,1_M_earth,1_F_earth,,,,,False,,,,,True,Full dissociation,,5.004448383545655e+18,,,
H2O_atmosphere_1_M_earth_1_F_earth.csv,5000,H2O,1_M_earth,1_F_earth,,,,,False,,,,,True,Full dissociation,,5.004448383545655e+18,,,
H2O_atmosphere_1_M_earth_1_F_earth.csv,6000,H2O,1_M_earth,1_F_earth,,,,,False,,,,,True,Full dissociation,,5.004448383545655e+18,,,
H2O_atmosphere_1_M_earth_1_F_earth.csv,7000,H2O,1_M_earth,1_F_earth,,,,,False,,,,,True,Full dissociation,,5.004448383545655e+18,,,
H2O_atmosphere_1_M_earth_1000_F_earth.csv,200,H2O,1_M_earth,1000_F_earth,2.126308909745018e-07,H,27.78049946521401,4.449587091649917e-07,True,220.3152640788256,1520.9131549832168,7832671.239383217,309.0,False,Full dissociation,-6.672373641011223,5.003599310925315e+18,2.3531855075212637e+25,7.456794900503409e+17,17.87255219796465
H2O_atmosphere_1_M_earth_1000_F_earth.csv,300,H2O,1_M_earth,1000_F_earth,0.0005732131346793,H,19.34231155182748,0.0011995255031591,True,315.74752835870163,1537.8179643052313,7849576.048705231,310.0,False,Full dissociation,-3.241683866681207,5.003599310925315e+18,8.729038132953318e+21,276606526889032.03,14.441862423634635
H2O_atmosphere_1_M_earth_1000_F_earth.csv,500,H2O,1_M_earth,1000_F_earth,0.4533076269964919,H,11.992524061455462,0.9486071174258136,True,507.0999579612619,1571.220782150805,7882978.866550805,310.0,False,Full dissociation,-0.34360697378352667,5.003599310925315e+18,1.1037977331372007e+19,349772394965.7771,11.543785530736955
H2O_atmosphere_1_M_earth_1000_F_earth.csv,1000,H2O,1_M_earth,1000_F_earth,63.53585555129786,H,6.102776939027397,132.9573146320919,True,985.8276328053804,1656.548795898214,7968306.880298214,312.0,False,Full dissociation,1.803018882352873,5.003599310925315e+18,7.875237167280272e+16,2495512069.1308184,9.397159674600555
H2O_atmosphere_1_M_earth_1000_F_earth.csv,2000,H2O,1_M_earth,1000_F_earth,561.2546935804227,H,3.0277592856413547,1174.5008583832036,True,1944.9678388983657,1828.9234650915616,8140681.549491562,314.0,False,Full dissociation,2.7491599858823013,5.003599310925315e+18,8915024441053240.0,282500077.3523094,8.451018571071126
H2O_atmosphere_1_M_earth_1000_F_earth.csv,3000,H2O,1_M_earth,1000_F_earth,962.3083491417118,H,1.9821399339703611,2013.7595195242827,True,2907.1949246659838,2007.5282511016064,8319286.335501607,317.0,False,Full dissociation,2.9833142538191018,5.003599310925315e+18,5199580067436860.0,164764749.7730138,8.216864303134326
H2O_atmosphere_1_M_earth_1000_F_earth.csv,4000,H2O,1_M_earth,1000_F_earth,1156.8764228975078,H,1.4559798723003186,2420.9193213359995,False,3872.1806989072447,2191.4645128217267,8503222.597221727,320.0,False,Full dissociation,3.0632869702568115,5.003599310925315e+18,4325094030694584.5,137053959.4485824,8.136891586696615
H2O_atmosphere_1_M_earth_1000_F_earth.csv,5000,H2O,1_M_earth,1000_F_earth,1249.9988390720523,H,1.1405717006833436,2615.787397476297,False,4837.829247314864,2376.273832331301,8688031.916731302,322.0,False,Full dissociation,3.096909609660188,5.003599310925315e+18,4002883166387403.5,126843713.28578229,8.10326894729324
H2O_atmosphere_1_M_earth_1000_F_earth.csv,6000,H2O,1_M_earth,1000_F_earth,1264.798728671405,H,0.9294020124256211,2646.696585998969,False,5807.530048894498,2570.010660080848,8881768.744480848,325.0,False,Full dissociation,3.102021420387727,5.003599310925315e+18,3956043912363270.5,125359466.89112197,8.098157136565701
H2O_atmosphere_1_M_earth_1000_F_earth.csv,7000,H2O,1_M_earth,1000_F_earth,1249.9616199401223,H,0.7786881499978304,2615.1607495992453,False,6779.593238552982,2769.1092659758665,9080867.350375868,328.0,False,Full dissociation,3.096896678204763,5.003599310925315e+18,4003002357116377.5,126847490.21206865,8.103281878748664
H2O_atmosphere_10_M_earth_1_F_earth.csv,200,H2O,10_M_earth,1_F_earth,0.1107283082407634,H,16.831925874830233,0.1617499850353209,True,199.9444647329141,23945.75468396693,142446354.68396693,584.0,False,Full dissociation,-0.9557413353896008,6.2167491165308355e+22,5.614417139845913e+23,1.7791014335202656e+16,16.250200709614177
H2O_atmosphere_10_M_earth_1_F_earth.csv,300,H2O,10_M_earth,1_F_earth,19.437061933090543,H,11.081133722400644,28.39332169666973,True,299.8260729281036,25790.964734134704,144291564.7341347,585.0,False,Full dissociation,1.288630618477132,6.2167491165308355e+22,3.198399602744053e+21,101351167476108.88,14.005828755747444
H2O_atmosphere_10_M_earth_1_F_earth.csv,500,H2O,10_M_earth,1_F_earth,913.0400089672178,H,6.481379581097723,1333.7529502029222,True,499.6080978052576,29545.71768400514,148046317.68400514,589.0,False,Full dissociation,2.9604898085233318,6.2167491165308355e+22,6.8088463325532594e+19,2157593204981.7666,12.333969565701244
H2O_atmosphere_10_M_earth_1_F_earth.csv,1000,H2O,10_M_earth,1_F_earth,10934.933684860309,H,3.044641305051712,15973.560763183816,True,999.1225055870304,39093.392696762174,157593992.69676217,596.0,False,Full dissociation,4.038816153593449,6.2167491165308355e+22,5.685218855179781e+18,180153714324.91003,11.255643220631127
H2O_atmosphere_10_M_earth_1_F_earth.csv,2000,H2O,10_M_earth,1_F_earth,24534.844895548013,H,1.3512401120320874,35840.07384350357,False,1998.3941160866752,59033.124400830566,177533724.40083057,610.0,False,Full dissociation,4.389783316801526,6.2167491165308355e+22,2.5338448818394204e+18,80292699122.85536,10.90467605742305
H2O_atmosphere_10_M_earth_1_F_earth.csv,3000,H2O,10_M_earth,1_F_earth,26282.207612481758,H,0.8051852670039988,38391.17455180069,False,2997.923479993982,80098.90971282133,198599509.71282133,624.0,False,Full dissociation,4.419661841620312,6.2167491165308355e+22,2.36538315509631e+18,74954469132.51672,10.874797532604264
H2O_atmosphere_10_M_earth_1_F_earth.csv,4000,H2O,10_M_earth,1_F_earth,25517.406783875114,H,0.5439357363485181,37218.88487309836,False,3997.586526542933,101969.18059210468,220469780.59210467,636.0,False,Full dissociation,4.406836536950468,6.2167491165308355e+22,2.4362777805694996e+18,77200984250.05386,10.887622837274108
H2O_atmosphere_10_M_earth_1_F_earth.csv,5000,H2O,10_M_earth,1_F_earth,24093.44721562565,H,0.3942755195189968,34779.619382999845,False,4997.384531194607,124804.91572623428,243305515.7262343,648.0,False,Full dissociation,4.381898941950122,6.2167491165308355e+22,2.5802655223612017e+18,81763680456.09303,10.912560432274454
H2O_atmosphere_10_M_earth_1_F_earth.csv,6000,H2O,10_M_earth,1_F_earth,23221.59502194758,H,0.2995365916414038,32551.537285533115,False,5997.2520188793005,148364.85072823768,266865450.7282377,659.0,False,Full dissociation,4.365892046816842,6.2167491165308355e+22,2.6771413034527375e+18,84833488714.37427,10.928567327407734
H2O_atmosphere_10_M_earth_1_F_earth.csv,7000,H2O,10_M_earth,1_F_earth,23039.0913416352,H,0.2354162542770312,30726.02425394864,False,6997.161843404626,172528.33549066223,291028935.4906622,669.0,False,Full dissociation,4.36246534657862,6.2167491165308355e+22,2.6983482223086674e+18,85505495421.34596,10.931994027645956
H2O_atmosphere_10_M_earth_1000_F_earth.csv,200,H2O,10_M_earth,1000_F_earth,35.33159984090757,H,9.828023626946177,35.335452095158395,True,199.98110303095467,125414.8914800095,243915491.4800095,674.0,False,Full dissociation,1.548163303054638,6.2167491165308355e+22,1.7595436222882185e+21,55756572815683.66,13.746296071169938
H2O_atmosphere_10_M_earth_1000_F_earth.csv,300,H2O,10_M_earth,1000_F_earth,1323.7465495071915,H,5.492479105000571,1323.8908794638116,True,299.9549219867889,172484.0831416546,290984683.1416546,695.0,False,Full dissociation,3.121804841080082,6.2167491165308355e+22,4.696328854526742e+19,1488176811458.014,12.172654533144495
H2O_atmosphere_10_M_earth_1000_F_earth.csv,500,H2O,10_M_earth,1000_F_earth,11447.651044563523,H,2.4427976560323588,11448.899198131348,True,499.9323642916757,274050.1287784921,392550728.7784921,731.0,False,Full dissociation,4.058716382480381,6.2167491165308355e+22,5.430589290615355e+18,172084990322.94455,11.235742991744194
H2O_atmosphere_10_M_earth_1000_F_earth.csv,1000,H2O,10_M_earth,1000_F_earth,22767.09581811297,H,0.7093529169062264,22769.578146429656,False,999.9269436390732,557370.5450510363,675871145.0510362,796.0,False,Full dissociation,4.357307635331495,6.2167491165308355e+22,2.7305850364915384e+18,86527018420.01732,10.937151738893082
H2O_atmosphere_10_M_earth_1000_F_earth.csv,2000,H2O,10_M_earth,1000_F_earth,18793.44244623272,H,0.18214235069384,18795.491405782297,False,1999.9415475344351,1197530.9330969718,1316031533.0969718,876.0,False,Full dissociation,4.274006338294773,6.2167491165308355e+22,3.3079352728041733e+18,104822143407.74246,11.020453035929805
H2O_atmosphere_10_M_earth_1000_F_earth.csv,3000,H2O,10_M_earth,1000_F_earth,15492.305772210497,H,0.0793969558634254,15493.99467408616,False,2999.9524465090294,1894186.732035144,2012687332.035144,927.0,False,Full dissociation,4.190116060084845,6.2167491165308355e+22,4.0127978416758344e+18,127157890386.96968,11.104343314139731
H2O_atmosphere_10_M_earth_1000_F_earth.csv,4000,H2O,10_M_earth,1000_F_earth,,,,,False,,,,,True,Full dissociation,,6.2167491165308355e+22,,,
H2O_atmosphere_10_M_earth_1000_F_earth.csv,5000,H2O,10_M_earth,1000_F_earth,,,,,False,,,,,True,Full dissociation,,6.2167491165308355e+22,,,
H2O_atmosphere_10_M_earth_1000_F_earth.csv,6000,H2O,10_M_earth,1000_F_earth,,,,,False,,,,,True,Full dissociation,,6.2167491165308355e+22,,,
H2O_atmosphere_10_M_earth_1000_F_earth.csv,7000,H2O,10_M_earth,1000_F_earth,,,,,False,,,,,True,Full dissociation,,6.2167491165308355e+22,,,
CO2_atmosphere_1_M_earth_1_F_earth.csv,200,CO2,1_M_earth,1_F_earth,4.3242118462717323e-13,H,36.27502079483728,1.0928800525527549e-11,True,199.07486462140767,329.00450560871604,6638513.308408716,304.0,False,Full dissociation,-12.364093037796174,4.996466183931688e+18,1.1554628592582861e+31,3.6614408550025546e+23,23.563652023163986
CO2_atmosphere_1_M_earth_1_F_earth.csv,300,CO2,1_M_earth,1_F_earth,3.158795745965653e-08,H,24.50272268899189,7.983385142961441e-07,True,294.449187728446,335.1123415221144,6644621.144322114,304.0,False,Full dissociation,-7.500478455534524,4.996466183931688e+18,1.5817629836665028e+26,5.012304432740458e+18,18.700037440902335
CO2_atmosphere_1_M_earth_1_F_earth.csv,500,CO2,1_M_earth,1_F_earth,0.0002405835046701,H,14.842537849188846,0.0060803892726476,True,485.19783394252266,347.32801334891,6656836.81614891,304.0,False,Full dissociation,-3.618734152874549,4.996466183931688e+18,2.0768116213050805e+22,658101890291112.2,14.81829313824236
CO2_atmosphere_1_M_earth_1_F_earth.csv,1000,CO2,1_M_earth,1_F_earth,0.1472633382890086,H,7.4474068567633935,3.721861245700689,True,962.5256653559916,378.2027060926454,6687711.508892645,305.0,False,Full dissociation,-0.831905358795738,4.996466183931688e+18,3.3928785276658455e+19,1075138327270.0857,12.031464344163549
CO2_atmosphere_1_M_earth_1_F_earth.csv,2000,CO2,1_M_earth,1_F_earth,2.4610468836922936,H,3.703356155957719,62.19928956309971,True,1917.8256550276344,440.2821845806847,6749790.987380684,306.0,False,Full dissociation,0.39111988722369173,4.996466183931688e+18,2.030219829227926e+18,64333784230.357376,10.80843909814412
CO2_atmosphere_1_M_earth_1_F_earth.csv,3000,CO2,1_M_earth,1_F_earth,5.182635062708111,H,2.448319745493114,130.98337128670215,True,2874.206339230529,503.02784114621954,6812536.643946219,307.0,False,Full dissociation,0.7145506288989458,4.996466183931688e+18,9.640783353402578e+17,30549798949.86494,10.485008356468866
CO2_atmosphere_1_M_earth_1_F_earth.csv,4000,CO2,1_M_earth,1_F_earth,6.8990235149211205,H,1.8196030390926692,174.36190371917291,True,3831.6481880180095,566.440238519608,6875949.041319608,308.0,False,Full dissociation,0.8387876252166455,4.996466183931688e+18,7.242280263468293e+17,22949401296.2592,10.360771360151166
CO2_atmosphere_1_M_earth_1_F_earth.csv,5000,CO2,1_M_earth,1_F_earth,7.815908132474658,H,1.4420694647240406,197.4930200887447,False,4790.131984904318,630.5199303992372,6940028.733199237,309.0,False,Full dissociation,0.8929794460799851,4.996466183931688e+18,6.392687963119286e+17,20257205754.30098,10.306579539287826
CO2_atmosphere_1_M_earth_1_F_earth.csv,6000,CO2,1_M_earth,1_F_earth,8.150457247013486,H,1.189346503041533,205.30753403378537,False,5752.650082019623,697.2726467093435,7006781.449509343,311.0,False,Full dissociation,0.9111819736828572,4.996466183931688e+18,6.130289421200887e+17,19425714950.442642,10.288377011684954
CO2_atmosphere_1_M_earth_1_F_earth.csv,7000,CO2,1_M_earth,1_F_earth,8.478315200431204,H,1.0096298376345236,209.32315419740144,False,6713.636313070701,763.0235264188713,7072532.329218871,312.0,False,Full dissociation,0.9283095584062222,4.996466183931688e+18,5.893230041361955e+17,18674519105.895107,10.271249426961589
CO2_atmosphere_1_M_earth_1000_F_earth.csv,200,CO2,1_M_earth,1000_F_earth,5.266582605261079e-12,H,30.088026247247168,7.471696701976012e-10,True,219.7923485172654,939.6674742024568,7249176.277002457,314.0,False,Full dissociation,-11.278471099606241,4.996466183931688e+18,9.487112532784434e+29,3.0062845504044776e+22,22.47803008497405
CO2_atmosphere_1_M_earth_1000_F_earth.csv,300,CO2,1_M_earth,1000_F_earth,2.9601437332421394e-08,H,20.92574351003714,4.199553643561211e-06,True,315.6932213646992,947.3517005803772,7256860.503380377,314.0,False,Full dissociation,-7.528687200752412,4.996466183931688e+18,1.6879133698211464e+26,5.348674708536601e+18,18.728246186120224
CO2_atmosphere_1_M_earth_1000_F_earth.csv,500,CO2,1_M_earth,1000_F_earth,4.183530919900766e-05,H,12.989596066534103,0.0059351721067873,True,507.49496705956665,962.7201533362175,7272228.956136217,314.0,False,Full dissociation,-4.378457016855713,4.996466183931688e+18,1.1943179767511326e+23,3784565292516327.5,15.578016002223524
CO2_atmosphere_1_M_earth_1000_F_earth.csv,1000,CO2,1_M_earth,1000_F_earth,0.0093033554670803,H,6.64245909367879,1.3198663264344388,True,987.155691312538,1001.5518538212488,7311060.656621248,315.0,False,Full dissociation,-2.031360384993546,4.996466183931688e+18,5.370606553314622e+20,17018425207603.31,13.230919370361358
CO2_atmosphere_1_M_earth_1000_F_earth.csv,2000,CO2,1_M_earth,1000_F_earth,0.103417057983779,H,3.3317319864089603,14.671770082680764,True,1947.298980022902,1079.6029468616862,7389111.749661686,316.0,False,Full dissociation,-0.9854078212302065,4.996466183931688e+18,4.831375288896137e+19,1530970444170.7026,12.184966806598018
CO2_atmosphere_1_M_earth_1000_F_earth.csv,3000,CO2,1_M_earth,1000_F_earth,0.1938843807809564,H,2.207182712474116,27.506308237771677,True,2908.402845970511,1158.4529063750124,7467961.709175012,317.0,False,Full dissociation,-0.7124571760366429,4.996466183931688e+18,2.5770338816392413e+19,816612759411.1217,11.912016161404454
CO2_atmosphere_1_M_earth_1000_F_earth.csv,4000,CO2,1_M_earth,1000_F_earth,0.2415357133822052,H,1.6400478452016234,34.23497644374758,True,3872.0080567483874,1239.7125414739196,7549221.344273919,319.0,False,Full dissociation,-0.6170186455414355,4.996466183931688e+18,2.0686241856190013e+19,655507448481.1904,11.816577630909247
CO2_atmosphere_1_M_earth_1000_F_earth.csv,5000,CO2,1_M_earth,1000_F_earth,0.2756128554382393,H,1.2993660765839148,37.70679119600961,False,4835.426656783584,1320.5626478753873,7630071.450675387,320.0,False,Full dissociation,-0.5597005294506148,4.996466183931688e+18,1.8128567246934243e+19,574459630863.3813,11.759259514818426
CO2_atmosphere_1_M_earth_1000_F_earth.csv,6000,CO2,1_M_earth,1000_F_earth,0.3966687810237026,H,1.0718517722319347,39.14986944677472,False,5799.743705393346,1402.2137564826066,7711722.5592826065,321.0,False,Full dissociation,-0.4015719784082757,4.996466183931688e+18,1.2596066095842134e+19,399145248556.35834,11.601130963776088
CO2_atmosphere_1_M_earth_1000_F_earth.csv,7000,CO2,1_M_earth,1000_F_earth,0.9927149419860868,H,0.9084946723201472,38.90695008491782,False,6767.769932227822,1487.4808511009608,7796989.65390096,323.0,False,Full dissociation,-0.003175441227899446,4.996466183931688e+18,5.033132848726392e+18,159490355690.1156,11.202734426595711
CO2_atmosphere_10_M_earth_1_F_earth.csv,200,CO2,10_M_earth,1_F_earth,1.2751244711138662e-05,H,18.72450256909108,0.0008810291698222,True,199.90670543202992,9572.310284475088,128072910.28447507,546.0,False,Full dissociation,-4.894447419559882,6.216743475700035e+22,4.875401277703886e+27,1.544921438165097e+20,20.188906399722747
CO2_atmosphere_10_M_earth_1_F_earth.csv,300,CO2,10_M_earth,1_F_earth,0.003796375847516,H,12.43381820579567,0.2623052052595837,True,299.71775353588043,10139.967498137044,128640567.49813704,547.0,False,Full dissociation,-2.4206307982410507,6.216743475700035e+22,1.6375468935110052e+25,5.1890729761167046e+17,17.715089778403915
CO2_atmosphere_10_M_earth_1_F_earth.csv,500,CO2,10_M_earth,1_F_earth,0.2831462744602527,H,7.397671549594666,19.563590282921368,True,499.3457994036376,11276.624976879371,129777224.97687936,548.0,False,Full dissociation,-0.5479891482949083,6.216743475700035e+22,2.1955943045871593e+23,6957418512773973.0,15.842448128457772
CO2_atmosphere_10_M_earth_1_F_earth.csv,1000,CO2,10_M_earth,1_F_earth,4.864127359834203,H,3.620008662411514,336.0799817448908,True,998.4466727285944,14135.103595685125,132635703.59568512,550.0,False,Full dissociation,0.6870049377591435,6.216743475700035e+22,1.2780799135802104e+22,404999085348762.4,14.60745404240372
CO2_atmosphere_10_M_earth_1_F_earth.csv,2000,CO2,10_M_earth,1_F_earth,13.44922111704341,H,1.7339231874573926,929.1813522318724,True,1996.8222255517303,19959.82905684051,138460429.0568405,555.0,False,Full dissociation,1.1286971338280296,6.216743475700035e+22,4.6223817882077354e+21,146474440014694.88,14.165761846334835
CO2_atmosphere_10_M_earth_1_F_earth.csv,3000,CO2,10_M_earth,1_F_earth,16.937987833845085,H,1.108186590559091,1094.199646488576,False,2995.4016265951623,25919.279180723875,144419879.18072388,560.0,False,Full dissociation,1.2288618165872496,6.216743475700035e+22,3.670296340205113e+21,116304672731928.7,14.065597163575614
CO2_atmosphere_10_M_earth_1_F_earth.csv,4000,CO2,10_M_earth,1_F_earth,49.67159571858207,H,0.7974284043029608,1101.0043798751906,False,3994.166057908493,32013.474151851296,150514074.1518513,565.0,False,Full dissociation,1.696108112091924,6.216743475700035e+22,1.2515691082125554e+21,39659831806365.36,13.59835086807094
CO2_atmosphere_10_M_earth_1_F_earth.csv,5000,CO2,10_M_earth,1_F_earth,277.48136499782424,H,0.612542989476021,1059.908437184633,False,4993.098238387556,38242.43250628632,156743032.50628632,570.0,False,Full dissociation,2.4432338222321537,6.216743475700035e+22,2.240418370346701e+20,7099457405970.989,12.85122515793071
CO2_atmosphere_10_M_earth_1_F_earth.csv,6000,CO2,10_M_earth,1_F_earth,1032.554075045745,C,5.885985212872601,1708.244985626813,True,5992.182306326644,44606.17125761682,163106771.25761682,575.0,False,Full dissociation,3.013912805005457,6.216743475700035e+22,6.020743732404151e+19,1907858560981.8716,12.280546175157408
CO2_atmosphere_10_M_earth_1_F_earth.csv,7000,CO2,10_M_earth,1_F_earth,2643.814050736791,C,4.851458937829766,3759.733883175412,True,6991.403710579176,51104.70601369834,169605306.01369834,580.0,False,Full dissociation,3.42223090634355,6.216743475700035e+22,2.3514299252504244e+19,745123179598.7098,11.872228073819315
CO2_atmosphere_10_M_earth_1000_F_earth.csv,200,CO2,10_M_earth,1000_F_earth,1.1396561168970278e-05,H,18.399004736599867,0.0009722791842287,True,199.87972184981555,11855.650978444084,130356250.97844408,546.0,False,Full dissociation,-4.943226174158177,6.216743475700035e+22,5.454929240082113e+27,1.7285627677903618e+20,20.237685154321042
CO2_atmosphere_10_M_earth_1000_F_earth.csv,300,CO2,10_M_earth,1000_F_earth,0.0030512920423566,H,12.215050391573747,0.2603160456738167,True,299.6897614649263,12456.11136496751,130956711.36496753,547.0,False,Full dissociation,-2.515516223588622,6.216743475700035e+22,2.0374134594139557e+25,6.456173661539393e+17,17.809975203751485
CO2_atmosphere_10_M_earth_1000_F_earth.csv,500,CO2,10_M_earth,1000_F_earth,0.2090874809485093,H,7.264788384387366,17.837960275469737,True,499.3154928991732,13658.453429582372,132159053.42958236,548.0,False,Full dissociation,-0.6796719696583964,6.216743475700035e+22,2.973273888756159e+23,9421736408206452.0,15.97413094982126
CO2_atmosphere_10_M_earth_1000_F_earth.csv,1000,CO2,10_M_earth,1000_F_earth,3.321652571093611,H,3.551486299524198,283.38141692305936,True,998.4304381243068,16696.374630424023,135196974.63042402,551.0,False,Full dissociation,0.5213542053737674,6.216743475700035e+22,1.871581492236936e+22,593068386771153.8,14.773104774789097
CO2_atmosphere_10_M_earth_1000_F_earth.csv,2000,CO2,10_M_earth,1000_F_earth,8.935608530491193,H,1.6982110618929316,762.1897751642397,True,1996.8161490570888,22871.979921859325,141372579.92185932,556.0,False,Full dissociation,0.9511241340588066,6.216743475700035e+22,6.957269283324679e+21,220462559995838.7,14.343334846104058
CO2_atmosphere_10_M_earth_1000_F_earth.csv,3000,CO2,10_M_earth,1000_F_earth,11.919233524656988,H,1.0836430579734526,891.757960801978,False,2995.4043027743883,29190.12652902624,147690726.52902624,561.0,False,Full dissociation,1.076248328666409,6.216743475700035e+22,5.215724201425898e+21,165276326508539.88,14.218210651496456
CO2_atmosphere_10_M_earth_1000_F_earth.csv,4000,CO2,10_M_earth,1000_F_earth,52.79074145016503,H,0.7786102790865345,895.9770917881573,False,3994.1762287652737,35650.83566386682,154151435.66386682,566.0,False,Full dissociation,1.722557761744356,6.216743475700035e+22,1.1776200342949722e+21,37316527058298.86,13.571901218418509
CO2_atmosphere_10_M_earth_1000_F_earth.csv,5000,CO2,10_M_earth,1000_F_earth,326.9519985672471,H,0.5972547715754039,862.835027251127,False,4993.114779769556,42254.12680772749,160754726.8077275,571.0,False,Full dissociation,2.514483996429091,6.216743475700035e+22,1.9014239102200755e+20,6025248783874.805,12.779974983733773
CO2_atmosphere_10_M_earth_1000_F_earth.csv,6000,CO2,10_M_earth,1000_F_earth,1208.6084758135628,C,5.731564133398995,1966.277448372891,True,5992.204215490964,49000.01784347451,167500617.8434745,576.0,False,Full dissociation,3.0822856355736596,6.216743475700035e+22,5.143719906080665e+19,1629946480746.5286,12.212173344589205
CO2_atmosphere_10_M_earth_1000_F_earth.csv,7000,CO2,10_M_earth,1000_F_earth,3046.076867343981,C,4.718356558745707,4245.827462818787,True,6991.430094824624,55888.52517793709,174389125.1779371,581.0,False,Full dissociation,3.483740858501704,6.216743475700035e+22,2.040901706174181e+19,646722724850.4896,11.81071812166116
N2_atmosphere_1_M_earth_1_F_earth.csv,200,N2,1_M_earth,1_F_earth,4.153491774533436e-12,H,35.32393611731992,5.341588997532125e-11,True,198.8357431177655,518.1188039554088,6825457.0058554085,285.0,False,Full dissociation,-11.381586645263335,4.989590122115886e+18,1.2013001091536696e+30,3.806690334986405e+22,22.580547549449896
N2_atmosphere_1_M_earth_1_F_earth.csv,300,N2,1_M_earth,1_F_earth,2.0552248234119705e-07,H,23.93078338158406,2.643117381742129e-06,True,293.0984788194981,527.4459335093703,6834784.13540937,286.0,False,Full dissociation,-6.68714066321537,4.989590122115886e+18,2.4277587859378053e+25,7.693103360007749e+17,17.88610156740193
N2_atmosphere_1_M_earth_1_F_earth.csv,500,N2,1_M_earth,1_F_earth,0.001220406276019,H,14.525083279747903,0.0156950081771493,True,481.5959435186616,545.868508488737,6853206.710388737,286.0,False,Full dissociation,-2.9134955676361436,4.989590122115886e+18,4.088466455934716e+21,129555684080371.0,14.112456471822705
N2_atmosphere_1_M_earth_1_F_earth.csv,1000,N2,1_M_earth,1_F_earth,0.6422652124738116,H,7.287513277347219,8.259837694834772,True,953.4068371422002,592.4802177001285,6899818.419600128,287.0,False,Full dissociation,-0.19228560038946374,4.989590122115886e+18,7.768737937553074e+18,246176449969.35995,11.391246504576024
N2_atmosphere_1_M_earth_1_F_earth.csv,2000,N2,1_M_earth,1_F_earth,9.96939104326296,H,3.609012002347829,128.2111351111815,True,1899.0586171947684,687.3536454539047,6994691.8473539045,289.0,False,Full dissociation,0.9986686312677633,4.989590122115886e+18,5.004909628344566e+17,15859601580.426159,10.200292272918798
N2_atmosphere_1_M_earth_1_F_earth.csv,3000,N2,1_M_earth,1_F_earth,20.69374292447057,H,2.3762224651398705,266.13142748650984,True,2845.47749814422,782.7727222216726,7090110.924121672,290.0,False,Full dissociation,1.3158390496037768,4.989590122115886e+18,2.411158841746141e+17,7640501311.082405,9.883121854582784
N2_atmosphere_1_M_earth_1_F_earth.csv,4000,N2,1_M_earth,1_F_earth,27.05385989390322,H,1.756895239977001,347.92537279201406,True,3795.687232002356,881.50477511938,7188842.97701938,292.0,False,Full dissociation,1.4322292365787235,4.989590122115886e+18,1.8443172773436022e+17,5844288784.139485,9.766731667607838
N2_atmosphere_1_M_earth_1_F_earth.csv,5000,N2,1_M_earth,1_F_earth,30.221753953100084,H,1.384956894000613,388.64035197135394,False,4748.36635719219,982.4482636828134,7289786.465582813,294.0,False,Full dissociation,1.4803196654976614,4.989590122115886e+18,1.650992900630132e+17,5231680801.550599,9.7186412386889
N2_atmosphere_1_M_earth_1_F_earth.csv,6000,N2,1_M_earth,1_F_earth,32.05079530426268,H,1.1381832795016815,411.56130359582784,False,5699.81470623524,1082.2858457070618,7389624.047607061,295.0,False,Full dissociation,1.5058388105152847,4.989590122115886e+18,1.5567757600861414e+17,4933124699.236132,9.693122093671276
N2_atmosphere_1_M_earth_1_F_earth.csv,7000,N2,1_M_earth,1_F_earth,32.75058061926484,H,0.9609487263524448,415.2893475432016,False,6656.647412976178,1187.107428027803,7494445.629927803,297.0,False,Full dissociation,1.5152190037936824,4.989590122115886e+18,1.523511958496658e+17,4827718072.656532,9.68374190039288
N2_atmosphere_1_M_earth_1000_F_earth.csv,200,N2,1_M_earth,1000_F_earth,2.112974625602182e-13,H,28.334201576807565,3.4653236644737435e-10,True,225.97554283006733,1179.9209471099823,7487259.149009982,295.0,False,Full dissociation,-12.675105718294171,4.989590122115886e+18,2.3614056040516296e+31,7.482842814572812e+23,23.874066622480733
N2_atmosphere_1_M_earth_1000_F_earth.csv,300,N2,1_M_earth,1000_F_earth,5.67670838960096e-10,H,19.92826296370632,9.309923403928508e-07,True,320.81776625093363,1191.041472846401,7498379.674746401,295.0,False,Full dissociation,-9.24590341474763,4.989590122115886e+18,8.789583293121431e+27,2.7852508724115364e+20,20.44486431893419
N2_atmosphere_1_M_earth_1000_F_earth.csv,500,N2,1_M_earth,1000_F_earth,4.975590705837094e-07,H,12.486593294123915,0.0008160075378453,True,510.50221309266624,1213.28252431924,7520620.72621924,295.0,False,Full dissociation,-6.303155352092819,4.989590122115886e+18,1.0028136189462627e+25,3.177724601827334e+17,17.50211625627938
N2_atmosphere_1_M_earth_1000_F_earth.csv,1000,N2,1_M_earth,1000_F_earth,8.457739700662012e-05,H,6.424124328274242,0.1387087434820016,True,984.8971944871824,1269.5424246819018,7576880.626581902,296.0,False,Full dissociation,-4.072745685032781,4.989590122115886e+18,5.899436845668513e+22,1869418728188618.0,15.271706589219342
N2_atmosphere_1_M_earth_1000_F_earth.csv,2000,N2,1_M_earth,1000_F_earth,0.0008426615774021,H,3.2203117999165025,1.3819830440562804,True,1935.519348318605,1383.9634081642553,7691301.610064255,298.0,False,Full dissociation,-3.0743468080280563,4.989590122115886e+18,5.921226570574917e+21,187632347535139.47,14.273307712214617
N2_atmosphere_1_M_earth_1000_F_earth.csv,3000,N2,1_M_earth,1000_F_earth,0.0015236675137397,H,2.125528025245209,2.4986006040838515,True,2888.51146834626,1500.9233258838626,7808261.527783862,300.0,False,Full dissociation,-2.8171097919870753,4.989590122115886e+18,3.2747237025940143e+21,103769732254481.14,14.016070696173637
N2_atmosphere_1_M_earth_1000_F_earth.csv,4000,N2,1_M_earth,1000_F_earth,0.0021077512675139,H,1.5732039685798922,3.0921110582384004,True,3843.788449517153,1620.4268718692344,7927765.073769234,302.0,False,Full dissociation,-2.6761806408597546,4.989590122115886e+18,2.367257559759945e+21,75013865432097.02,13.875141545046315
N2_atmosphere_1_M_earth_1000_F_earth.csv,5000,N2,1_M_earth,1000_F_earth,0.0187721998981918,H,1.2403759787019042,3.354326570683687,False,4801.267901668192,1742.4785904072382,8049816.792307238,304.0,False,Full dissociation,-1.726484829794115,4.989590122115886e+18,2.657967712455747e+20,8422591427915.136,12.925445733980677
N2_atmosphere_1_M_earth_1000_F_earth.csv,6000,N2,1_M_earth,1000_F_earth,0.287631312381113,H,1.018999542275517,3.491671554979936,False,5757.958857246322,1863.2389733359869,8170577.175235987,305.0,False,Full dissociation,-0.5411638371552759,4.989590122115886e+18,1.7347172951408896e+19,549698739809.3929,11.740124741341837
N2_atmosphere_1_M_earth_1000_F_earth.csv,7000,N2,1_M_earth,1000_F_earth,2.092320714964461,H,0.8599148884694303,3.4857005788135558,False,6719.139628793972,1989.7584329285053,8297096.634828505,307.0,False,Full dissociation,0.3206282547955553,4.989590122115886e+18,2.384715730447011e+18,75567081477.90108,10.878332649391005
N2_atmosphere_10_M_earth_1_F_earth.csv,200,N2,10_M_earth,1_F_earth,0.0068922857015775,H,18.23728714643924,0.0242525457601076,True,199.84276898486476,13035.998839155018,131536598.83915502,535.0,False,Full dissociation,-2.1616367283152935,6.2167384169906914e+22,9.01985014284566e+24,2.8582180339587485e+17,17.456095355082454
N2_atmosphere_10_M_earth_1_F_earth.csv,300,N2,10_M_earth,1_F_earth,1.8398650761699131,H,12.0607687802889,6.4741094441313605,True,299.6248919960658,14160.135466857404,132660735.4668574,536.0,False,Full dissociation,0.2647859758229156,6.2167384169906914e+22,3.3789099524255388e+22,1070711952881568.5,15.029672650944242
N2_atmosphere_10_M_earth_1_F_earth.csv,500,N2,10_M_earth,1_F_earth,124.28123741969615,H,7.117412473521664,437.3202923021733,True,499.2054343156076,16424.840078843266,134925440.07884327,538.0,False,Full dissociation,2.094405568704843,6.2167384169906914e+22,5.0021536203383983e+20,15850868318054.6,13.200053058062316
N2_atmosphere_10_M_earth_1_F_earth.csv,1000,N2,10_M_earth,1_F_earth,1939.773244301585,H,3.413621604657925,6825.665883364185,True,998.2471843728188,22182.461382413985,140683061.38241398,543.0,False,Full dissociation,3.2877509647218117,6.2167384169906914e+22,3.2048789389447565e+19,1015564852506.1337,12.006707662045347
N2_atmosphere_10_M_earth_1_F_earth.csv,2000,N2,10_M_earth,1_F_earth,5012.641754125834,H,1.573281159946391,17638.45802825584,True,1996.678652079354,34108.61771793982,152609217.71793982,553.0,False,Full dissociation,3.7000666673567473,6.2167384169906914e+22,1.2402119923838128e+19,392999465226.7006,11.59439195941041
N2_atmosphere_10_M_earth_1_F_earth.csv,3000,N2,10_M_earth,1_F_earth,5761.556413311715,H,0.9699433519231968,20262.686854794985,False,2995.4481834296785,46500.59923475364,165001199.23475364,562.0,False,Full dissociation,3.7605398185631365,6.2167384169906914e+22,1.0790033058822971e+19,341915515084.2577,11.533918808204023
N2_atmosphere_10_M_earth_1_F_earth.csv,4000,N2,10_M_earth,1_F_earth,5814.51551306759,H,0.6746643135042948,20032.1473332622,False,3994.5188695680654,59385.93145166055,177886531.45166054,571.0,False,Full dissociation,3.764513533549914,6.2167384169906914e+22,1.069175652385679e+19,338801319614.19086,11.529945093217245
N2_atmosphere_10_M_earth_1_F_earth.csv,5000,N2,10_M_earth,1_F_earth,6329.514817992242,H,0.5019083092199649,18987.998387137,False,4993.840371490916,72764.72430671942,191265324.30671945,580.0,False,Full dissociation,3.8013704209266086,6.2167384169906914e+22,9.821824572270576e+18,311234839540.09735,11.49308820584055
N2_atmosphere_10_M_earth_1_F_earth.csv,6000,N2,10_M_earth,1_F_earth,8410.96910311428,H,0.3902413113434399,18018.285679702083,False,5993.285825003601,86472.58539605826,204973185.39605823,588.0,False,Full dissociation,3.9248460376394747,6.2167384169906914e+22,7.391227266176565e+18,234213858664.04813,11.369612589127684
N2_atmosphere_10_M_earth_1_F_earth.csv,7000,N2,10_M_earth,1_F_earth,12321.399697606248,H,0.3128648060755648,17010.04225364911,False,6992.8937077806095,100619.21033248896,219119810.33248892,596.0,False,Full dissociation,4.090660046011695,6.2167384169906914e+22,5.045480683658411e+18,159881634967.75455,11.203798580755464
N2_atmosphere_10_M_earth_1000_F_earth.csv,200,N2,10_M_earth,1000_F_earth,2.200252201034933e-07,H,18.315564321816264,0.0001405848756866,True,199.79672388422748,12504.021220214456,131004621.22021446,517.0,False,Full dissociation,-6.657527535886783,6.2167384169906914e+22,2.8254662870313336e+29,8.953362381902722e+21,21.95198616265394
N2_atmosphere_10_M_earth_1000_F_earth.csv,300,N2,10_M_earth,1000_F_earth,5.921297801914546e-05,H,12.129586995052298,0.03783406806702,True,299.5236111745236,13452.07717041506,131952677.17041506,518.0,False,Full dissociation,-4.227583096243482,6.2167384169906914e+22,1.049894571251022e+27,3.326915136927466e+19,19.52204172301064
N2_atmosphere_10_M_earth_1000_F_earth.csv,500,N2,10_M_earth,1000_F_earth,0.004025212424045,H,7.1768719040562425,2.571905111516176,True,498.9978162148002,15362.674077535048,133863274.07753503,520.0,False,Full dissociation,-2.3952111955057447,6.2167384169906914e+22,1.5444497735956484e+25,4.894066005005604e+17,17.689669822272904
N2_atmosphere_10_M_earth_1000_F_earth.csv,1000,N2,10_M_earth,1000_F_earth,0.0639196834778696,H,3.464084925124564,40.84141241369485,True,997.7687911823832,20199.51989380765,138700119.89380765,524.0,False,Full dissociation,-1.1943653842596937,6.2167384169906914e+22,9.725859201325775e+23,3.0819388043849264e+16,16.488824011026853
N2_atmosphere_10_M_earth_1000_F_earth.csv,2000,N2,10_M_earth,1000_F_earth,0.1706782853753531,H,1.615852847237296,107.9368719893852,True,1995.670382561734,30163.005988580764,148663605.98858076,532.0,False,Full dissociation,-0.7678217286892374,6.2167384169906914e+22,3.6423721994388065e+23,1.1541981010719468e+16,16.062280355456394
N2_atmosphere_10_M_earth_1000_F_earth.csv,3000,N2,10_M_earth,1000_F_earth,4.795431439746085,H,1.0069551530759224,124.36502504272649,False,2993.993791297132,40512.99585747376,159013595.85747376,540.0,False,Full dissociation,0.6808276862662075,6.2167384169906914e+22,1.2963877171643734e+22,410800478225331.94,14.61363094050095
N2_atmosphere_10_M_earth_1000_F_earth.csv,4000,N2,10_M_earth,1000_F_earth,190.41551994659025,N,9.902589321530716,190.58739203661105,True,3992.677523950065,51249.60795689979,169750207.9568998,548.0,False,Full dissociation,2.2797023429585015,6.2167384169906914e+22,3.264827582717221e+20,10345614313880.717,13.014756283808657
N2_atmosphere_10_M_earth_1000_F_earth.csv,5000,N2,10_M_earth,1000_F_earth,1560.292334040102,N,7.438784402620656,1563.0974191140251,True,4991.562624765551,62252.11213375777,180752712.13375777,555.0,False,Full dissociation,3.1932059747431256,6.2167384169906914e+22,3.984342088571019e+19,1262561819837.6997,12.101252652024034
N2_atmosphere_10_M_earth_1000_F_earth.csv,6000,N2,10_M_earth,1000_F_earth,5708.451631688501,N,5.827703682092431,5719.221384483123,True,5990.803715435441,73738.07597293878,192238675.9729388,563.0,False,Full dissociation,3.756518325583286,6.2167384169906914e+22,1.0890410952210948e+19,345096298584.52313,11.537940301183873
N2_atmosphere_10_M_earth_1000_F_earth.csv,7000,N2,10_M_earth,1000_F_earth,13549.428102784364,N,4.707928387604763,13575.239905341688,True,6990.144082360803,85441.7140103671,203942314.0103671,570.0,False,Full dissociation,4.131920964801084,6.2167384169906914e+22,4.5881924829824896e+18,145391046308.41666,11.162537661966073
