file,weighted_mass_loss_kg_s,species,Mdot_kg_s,lambda_j,v_th_m_s,effusion_velocity_m_s,n_exo_m3,exobase_altitude_km,exobase_radius_m,T_exo_K,exobase_index,atmosphere_type,mass_case,flux_case
H2_atmosphere_1_M_earth_1_F_earth.csv,1.1956779471427735e-15,OH,1.600991654674124e-206,478.2803262926781,419.6081182545865,1.0947678636643171e-203,92005222.34612276,3154.84888270027,9466475.82890027,180.0,77,H2,1_M_earth,1_F_earth
H2_atmosphere_1_M_earth_1_F_earth.csv,1.1956779471427735e-15,H2,5.231207382736174e-19,56.26827368149154,1223.357376114526,7.225397400625249e-21,38717256529428.35,3154.84888270027,9466475.82890027,180.0,77,H2,1_M_earth,1_F_earth
H2_atmosphere_1_M_earth_1_F_earth.csv,1.1956779471427735e-15,H2O,1.2295518403766207e-214,506.4144631334239,407.7857920381754,6.81056442136615e-216,1072718095435.1305,3154.84888270027,9466475.82890027,180.0,77,H2,1_M_earth,1_F_earth
H2_atmosphere_1_M_earth_1_F_earth.csv,1.1956779471427735e-15,H,2.1897783528166524e-11,28.13413684074577,1730.0885929303263,8.597361403550961e-09,2724139526.4877067,3154.84888270027,9466475.82890027,180.0,77,H2,1_M_earth,1_F_earth
H2_atmosphere_1_M_earth_1_F_earth.csv,1.1956779471427735e-15,O,1.3284788889573732e-195,450.14618945193234,432.52214823258157,1.7567686959738392e-191,5054922.057237115,3154.84888270027,9466475.82890027,180.0,77,H2,1_M_earth,1_F_earth
H2_atmosphere_1_M_earth_1_F_earth.csv,1.1956779471427735e-15,C,3.473338947733798e-147,337.6096420889493,499.4335574251124,1.1391148454221126e-142,2717645.351290344,3154.84888270027,9466475.82890027,180.0,77,H2,1_M_earth,1_F_earth
H2_atmosphere_1_M_earth_1_F_earth.csv,1.1956779471427735e-15,CH4,2.3391718974217364e-189,450.14618945193234,432.52214823258157,1.7567686959738392e-191,8900654514146.168,3154.84888270027,9466475.82890027,180.0,77,H2,1_M_earth,1_F_earth
H2_atmosphere_1_M_earth_1_F_earth.csv,1.1956779471427735e-15,CO,0.0,787.7558315408816,326.9560116430931,0.0,821875558741.9883,3154.84888270027,9466475.82890027,180.0,77,H2,1_M_earth,1_F_earth
H2_atmosphere_1_M_earth_1_F_earth.csv,1.1956779471427735e-15,CO2,0.0,1237.902020992814,260.8206689465369,0.0,29367226441.11247,3154.84888270027,9466475.82890027,180.0,77,H2,1_M_earth,1_F_earth
H2_atmosphere_1_M_earth_1_F_earth.csv,1.1956779471427735e-15,O2,0.0,900.2923789038647,305.8393440286315,0.0,535.4960020603105,3154.84888270027,9466475.82890027,180.0,77,H2,1_M_earth,1_F_earth
H2_atmosphere_1_M_earth_1_F_earth.csv,1.1956779471427735e-15,N,4.2683570543788217e-175,393.8779157704408,462.38562596507785,4.4963165195471835e-167,725.2207188123847,3154.84888270027,9466475.82890027,180.0,77,H2,1_M_earth,1_F_earth
H2_atmosphere_1_M_earth_1_F_earth.csv,1.1956779471427735e-15,NO,0.0,844.0241052223731,315.86951627677087,0.0,2.938175847686269,3154.84888270027,9466475.82890027,180.0,77,H2,1_M_earth,1_F_earth
H2_atmosphere_1_M_earth_1_F_earth.csv,1.1956779471427735e-15,N2,0.0,787.7558315408816,326.9560116430931,0.0,4700337130.801819,3154.84888270027,9466475.82890027,180.0,77,H2,1_M_earth,1_F_earth
H2_atmosphere_1_M_earth_1_F_earth.csv,1.1956779471427735e-15,NH3,9.10384681427485e-205,478.2803262926781,419.6081182545865,1.0947678636643171e-203,5231766498.6385565,3154.84888270027,9466475.82890027,180.0,77,H2,1_M_earth,1_F_earth
H2_atmosphere_1_M_earth_1_F_earth.csv,1.1956779471427735e-15,NO2,0.0,1294.1702946743058,255.08764646292082,0.0,2.386218684812556e-13,3154.84888270027,9466475.82890027,180.0,77,H2,1_M_earth,1_F_earth
H2_atmosphere_1_M_earth_1_F_earth.csv,1.1956779471427735e-15,N2O,0.0,1237.902020992814,260.8206689465369,0.0,0.005312720815644753,3154.84888270027,9466475.82890027,180.0,77,H2,1_M_earth,1_F_earth
H2_atmosphere_1_M_earth_1_F_earth.csv,1.1956779471427735e-15,H2S,0.0,956.5606525853563,296.70774585874483,0.0,349374875813.52026,3154.84888270027,9466475.82890027,180.0,77,H2,1_M_earth,1_F_earth
H2_atmosphere_1_M_earth_1_F_earth.csv,1.1956779471427735e-15,S,0.0,900.2923789038647,305.8393440286315,0.0,1776187720.9108078,3154.84888270027,9466475.82890027,180.0,77,H2,1_M_earth,1_F_earth
H2_atmosphere_1_M_earth_1_F_earth.csv,1.1956779471427735e-15,S2,0.0,1800.5847578077294,216.26107411629079,0.0,1364923852.2702384,3154.84888270027,9466475.82890027,180.0,77,H2,1_M_earth,1_F_earth
H2_atmosphere_1_M_earth_1_F_earth.csv,1.1956779471427735e-15,SO2,0.0,1800.5847578077294,216.26107411629079,0.0,37516.748218974964,3154.84888270027,9466475.82890027,180.0,77,H2,1_M_earth,1_F_earth
H2_atmosphere_10_M_earth_1_F_earth.csv,0.00014664647718969027,OH,0.0,229.45138028028887,364.83343277790146,5.316192401868733e-96,0.0,142522.3403062856,261022940.3062856,136.07363931564834,7179,H2,10_M_earth,1_F_earth
H2_atmosphere_10_M_earth_1_F_earth.csv,0.00014664647718969027,H2,8.810749198670786e-06,26.994280032975162,1063.66309807961,1.5878212204085842e-08,390296736774.6878,142522.3403062856,261022940.3062856,136.07363931564834,7179,H2,10_M_earth,1_F_earth
H2_atmosphere_10_M_earth_1_F_earth.csv,0.00014664647718969027,H2O,0.0,242.94852029677648,354.5543660265367,7.519246847775171e-102,0.0,142522.3403062856,261022940.3062856,136.07363931564834,7179,H2,10_M_earth,1_F_earth
H2_atmosphere_10_M_earth_1_F_earth.csv,0.00014664647718969027,H,0.01805816673137334,13.497140016487581,1504.2467790999683,0.008457910029245348,3003476761.654065,142522.3403062856,261022940.3062856,136.07363931564834,7179,H2,10_M_earth,1_F_earth
H2_atmosphere_10_M_earth_1_F_earth.csv,0.00014664647718969027,O,0.0,215.9542402638013,376.0616947749921,3.75221244333678e-90,0.0,142522.3403062856,261022940.3062856,136.07363931564834,7179,H2,10_M_earth,1_F_earth
H2_atmosphere_10_M_earth_1_F_earth.csv,0.00014664647718969027,C,1.644698858192291e-77,161.96568019785096,434.23864142049706,9.10790561221348e-67,0.0021168998015547572,142522.3403062856,261022940.3062856,136.07363931564834,7179,H2,10_M_earth,1_F_earth
H2_atmosphere_10_M_earth_1_F_earth.csv,0.00014664647718969027,CH4,0.0,215.9542402638013,376.0616947749921,3.75221244333678e-90,0.0,142522.3403062856,261022940.3062856,136.07363931564834,7179,H2,10_M_earth,1_F_earth
H2_atmosphere_10_M_earth_1_F_earth.csv,0.00014664647718969027,CO,0.0,377.9199204616522,284.2759205691735,2.260198187041028e-160,0.0,142522.3403062856,261022940.3062856,136.07363931564834,7179,H2,10_M_earth,1_F_earth
H2_atmosphere_10_M_earth_1_F_earth.csv,0.00014664647718969027,CO2,2.726629788050633e-262,593.8741607254535,226.7737344716008,4.6146841054417036e-254,0.18890575984443614,142522.3403062856,261022940.3062856,136.07363931564834,7179,H2,10_M_earth,1_F_earth
H2_atmosphere_10_M_earth_1_F_earth.csv,0.00014664647718969027,O2,0.0,431.9084805276026,265.9157745199025,8.6310867624623e-184,0.0,142522.3403062856,261022940.3062856,136.07363931564834,7179,H2,10_M_earth,1_F_earth
H2_atmosphere_10_M_earth_1_F_earth.csv,0.00014664647718969027,N,4.021126246408686e-85,188.9599602308261,402.0268623250218,1.857993462172379e-78,21.746490013134245,142522.3403062856,261022940.3062856,136.07363931564834,7179,H2,10_M_earth,1_F_earth
H2_atmosphere_10_M_earth_1_F_earth.csv,0.00014664647718969027,NO,0.0,404.91420049462744,274.63663098918107,4.421655030831797e-172,0.0,142522.3403062856,261022940.3062856,136.07363931564834,7179,H2,10_M_earth,1_F_earth
H2_atmosphere_10_M_earth_1_F_earth.csv,0.00014664647718969027,N2,0.0,377.9199204616522,284.2759205691735,2.260198187041028e-160,0.0,142522.3403062856,261022940.3062856,136.07363931564834,7179,H2,10_M_earth,1_F_earth
H2_atmosphere_10_M_earth_1_F_earth.csv,0.00014664647718969027,NH3,0.0,229.45138028028887,364.83343277790146,5.316192401868733e-96,0.0,142522.3403062856,261022940.3062856,136.07363931564834,7179,H2,10_M_earth,1_F_earth
H2_atmosphere_10_M_earth_1_F_earth.csv,0.00014664647718969027,NO2,9.061613111267531e-291,620.8684407584288,221.78908765020273,8.918584890907276e-266,3.1071728418983594e-18,142522.3403062856,261022940.3062856,136.07363931564834,7179,H2,10_M_earth,1_F_earth
H2_atmosphere_10_M_earth_1_F_earth.csv,0.00014664647718969027,N2O,9.927717201364603e-271,593.8741607254535,226.7737344716008,4.6146841054417036e-254,6.878098998490195e-10,142522.3403062856,261022940.3062856,136.07363931564834,7179,H2,10_M_earth,1_F_earth
H2_atmosphere_10_M_earth_1_F_earth.csv,0.00014664647718969027,H2S,0.0,458.90276056057775,257.9761943208206,1.6815278882784762e-195,0.0,142522.3403062856,261022940.3062856,136.07363931564834,7179,H2,10_M_earth,1_F_earth
H2_atmosphere_10_M_earth_1_F_earth.csv,0.00014664647718969027,S,0.0,431.9084805276026,265.9157745199025,8.6310867624623e-184,0.0,142522.3403062856,261022940.3062856,136.07363931564834,7179,H2,10_M_earth,1_F_earth
H2_atmosphere_10_M_earth_1_F_earth.csv,0.00014664647718969027,S2,0.0,863.8169610552052,188.03084738749604,0.0,1.7814543148328743,142522.3403062856,261022940.3062856,136.07363931564834,7179,H2,10_M_earth,1_F_earth
H2_atmosphere_10_M_earth_1_F_earth.csv,0.00014664647718969027,SO2,0.0,863.8169610552052,188.03084738749604,0.0,0.0,142522.3403062856,261022940.3062856,136.07363931564834,7179,H2,10_M_earth,1_F_earth
H2_atmosphere_10_M_earth_1000_F_earth.csv,3.4640420146449618,OH,7.945347797329274e-91,200.13817855857963,363.35571171935163,2.4849348462030876e-83,1.9805720587179207,183192.01914412295,301692619.14412296,134.97356657326668,11725,H2,10_M_earth,1000_F_earth
H2_atmosphere_10_M_earth_1000_F_earth.csv,3.4640420146449618,H2,8.934585383908814e-05,23.54566806571525,1059.354837876408,4.361718823242483e-07,107852050210.27568,183192.01914412295,301692619.14412296,134.97356657326668,11725,H2,10_M_earth,1000_F_earth
H2_atmosphere_10_M_earth_1000_F_earth.csv,3.4640420146449618,H2O,1.762005139115553e-98,211.91101259143724,353.118279292136,1.9711967297370835e-88,0.005229333725439986,183192.01914412295,301692619.14412296,134.97356657326668,11725,H2,10_M_earth,1000_F_earth
H2_atmosphere_10_M_earth_1000_F_earth.csv,3.4640420146449618,H,5.94721506101242,11.772834032857626,1498.1539790903676,0.04162573665657823,150450409468.55753,183192.01914412295,301692619.14412296,134.97356657326668,11725,H2,10_M_earth,1000_F_earth
H2_atmosphere_10_M_earth_1000_F_earth.csv,3.4640420146449618,O,6.080715740254225e-83,188.365344525722,374.5384947725919,3.1272479880278483e-78,1279.7173558408783,183192.01914412295,301692619.14412296,134.97356657326668,11725,H2,10_M_earth,1000_F_earth
H2_atmosphere_10_M_earth_1000_F_earth.csv,3.4640420146449618,C,0.0,141.27400839429149,432.47980155766635,7.672982054310768e-58,0.0,183192.01914412295,301692619.14412296,134.97356657326668,11725,H2,10_M_earth,1000_F_earth
H2_atmosphere_10_M_earth_1000_F_earth.csv,3.4640420146449618,CH4,6.072584073278732e-89,188.365344525722,374.5384947725919,3.1272479880278483e-78,0.0012780060054332991,183192.01914412295,301692619.14412296,134.97356657326668,11725,H2,10_M_earth,1000_F_earth
H2_atmosphere_10_M_earth_1000_F_earth.csv,3.4640420146449618,CO,0.0,329.63935292001344,283.1244895967838,1.8246310264567307e-139,0.0,183192.01914412295,301692619.14412296,134.97356657326668,11725,H2,10_M_earth,1000_F_earth
H2_atmosphere_10_M_earth_1000_F_earth.csv,3.4640420146449618,CO2,2.977628956890653e-228,518.0046974457355,225.85521031003174,3.571204908241936e-221,1.9954681290759952,183192.01914412295,301692619.14412296,134.97356657326668,11725,H2,10_M_earth,1000_F_earth
H2_atmosphere_10_M_earth_1000_F_earth.csv,3.4640420146449618,O2,0.0,376.730689051444,264.838709469102,6.894446139440112e-160,0.0,183192.01914412295,301692619.14412296,134.97356657326668,11725,H2,10_M_earth,1000_F_earth
H2_atmosphere_10_M_earth_1000_F_earth.csv,3.4640420146449618,N,0.0,164.81967646000672,400.3984930277319,4.923201032983177e-68,0.0,183192.01914412295,301692619.14412296,134.97356657326668,11725,H2,10_M_earth,1000_F_earth
H2_atmosphere_10_M_earth_1000_F_earth.csv,3.4640420146449618,NO,0.0,353.1850209857287,273.5242429879724,1.122833542898798e-149,0.0,183192.01914412295,301692619.14412296,134.97356657326668,11725,H2,10_M_earth,1000_F_earth
H2_atmosphere_10_M_earth_1000_F_earth.csv,3.4640420146449618,N2,0.0,329.63935292001344,283.1244895967838,1.8246310264567307e-139,0.0,183192.01914412295,301692619.14412296,134.97356657326668,11725,H2,10_M_earth,1000_F_earth
H2_atmosphere_10_M_earth_1000_F_earth.csv,3.4640420146449618,NH3,0.0,200.13817855857963,363.35571171935163,2.4849348462030876e-83,0.0,183192.01914412295,301692619.14412296,134.97356657326668,11725,H2,10_M_earth,1000_F_earth
H2_atmosphere_10_M_earth_1000_F_earth.csv,3.4640420146449618,NO2,0.0,541.5503655114508,220.89075329832664,2.171087117206022e-231,0.0,183192.01914412295,301692619.14412296,134.97356657326668,11725,H2,10_M_earth,1000_F_earth
H2_atmosphere_10_M_earth_1000_F_earth.csv,3.4640420146449618,N2O,2.3503097805204673e-232,518.0046974457355,225.85521031003174,3.571204908241936e-221,0.0001575068058641404,183192.01914412295,301692619.14412296,134.97356657326668,11725,H2,10_M_earth,1000_F_earth
H2_atmosphere_10_M_earth_1000_F_earth.csv,3.4640420146449618,H2S,0.0,400.27635711715925,256.9312877396178,4.225153596783809e-170,0.0,183192.01914412295,301692619.14412296,134.97356657326668,11725,H2,10_M_earth,1000_F_earth
H2_atmosphere_10_M_earth_1000_F_earth.csv,3.4640420146449618,S,0.0,376.730689051444,264.838709469102,6.894446139440112e-160,0.0,183192.01914412295,301692619.14412296,134.97356657326668,11725,H2,10_M_earth,1000_F_earth
H2_atmosphere_10_M_earth_1000_F_earth.csv,3.4640420146449618,S2,0.0,753.461378102888,187.26924738629594,0.0,0.0,183192.01914412295,301692619.14412296,134.97356657326668,11725,H2,10_M_earth,1000_F_earth
H2_atmosphere_10_M_earth_1000_F_earth.csv,3.4640420146449618,SO2,0.0,753.461378102888,187.26924738629594,0.0,5.306801949779404e-10,183192.01914412295,301692619.14412296,134.97356657326668,11725,H2,10_M_earth,1000_F_earth
H2O_atmosphere_10_M_earth_1_F_earth.csv,1.1986413134172746e-06,OH,2.9419787040346174e-158,375.98988428126233,388.05521009790624,2.1148827208294787e-159,3956255336.5154138,22297.08604306948,140797686.04306948,153.94719440634057,300,H2O,10_M_earth,1_F_earth
H2O_atmosphere_10_M_earth_1_F_earth.csv,1.1986413134172746e-06,H2,3.156508605893876e-13,44.23410403308968,1131.3656313124889,8.888669297379835e-16,858460332585.7129,22297.08604306948,140797686.04306948,153.94719440634057,300,H2O,10_M_earth,1_F_earth
H2O_atmosphere_10_M_earth_1_F_earth.csv,1.1986413134172746e-06,H2O,2.0760569748496877e-164,398.1069362978072,377.12187710416293,5.399088284445319e-169,10328240273632.97,22297.08604306948,140797686.04306948,153.94719440634057,300,H2O,10_M_earth,1_F_earth
H2O_atmosphere_10_M_earth_1_F_earth.csv,1.1986413134172746e-06,H,8.549277080622344e-05,22.11705201654484,1599.9926198049204,2.5889988103551243e-06,159653167979.5085,22297.08604306948,140797686.04306948,153.94719440634057,300,H2O,10_M_earth,1_F_earth
H2O_atmosphere_10_M_earth_1_F_earth.csv,1.1986413134172746e-06,O,1.8100502838951023e-148,353.87283226471743,399.9981549512301,8.270037154477938e-150,6613680264.807603,22297.08604306948,140797686.04306948,153.94719440634057,300,H2O,10_M_earth,1_F_earth
H2O_atmosphere_10_M_earth_1_F_earth.csv,1.1986413134172746e-06,C,3.7584486711774183e-118,265.4046241985381,461.8780848728927,1.891038724217943e-111,80.0768450292466,22297.08604306948,140797686.04306948,153.94719440634057,300,H2O,10_M_earth,1_F_earth
H2O_atmosphere_10_M_earth_1_F_earth.csv,1.1986413134172746e-06,CH4,2.3441092238598813e-154,353.87283226471743,399.9981549512301,8.270037154477938e-150,8565.059794379733,22297.08604306948,140797686.04306948,153.94719440634057,300,H2O,10_M_earth,1_F_earth
H2O_atmosphere_10_M_earth_1_F_earth.csv,1.1986413134172746e-06,CO,2.746031353346409e-264,619.2774564632556,302.37018368160983,5.953027927845548e-265,796506893.8362986,22297.08604306948,140797686.04306948,153.94719440634057,300,H2O,10_M_earth,1_F_earth
H2O_atmosphere_10_M_earth_1_F_earth.csv,1.1986413134172746e-06,CO2,0.0,973.150288727973,241.20796305594004,0.0,5285660713.420065,22297.08604306948,140797686.04306948,153.94719440634057,300,H2O,10_M_earth,1_F_earth
H2O_atmosphere_10_M_earth_1_F_earth.csv,1.1986413134172746e-06,O2,1.655766678678496e-303,707.7456645294349,282.8414078281222,2.4120803874240206e-303,103713999.32024987,22297.08604306948,140797686.04306948,153.94719440634057,300,H2O,10_M_earth,1_F_earth
H2O_atmosphere_10_M_earth_1_F_earth.csv,1.1986413134172746e-06,N,6.9630329327698104e-133,309.6387282316278,427.61601461977654,1.2569371851083989e-130,1913096.3265391004,22297.08604306948,140797686.04306948,153.94719440634057,300,H2O,10_M_earth,1_F_earth
H2O_atmosphere_10_M_earth_1_F_earth.csv,1.1986413134172746e-06,NO,3.7176953886914915e-287,663.5115604963452,292.11734990298066,3.793547778428347e-284,157938.12889161523,22297.08604306948,140797686.04306948,153.94719440634057,300,H2O,10_M_earth,1_F_earth
H2O_atmosphere_10_M_earth_1_F_earth.csv,1.1986413134172746e-06,N2,4.105467006777955e-264,619.2774564632556,302.37018368160983,5.953027927845548e-265,1190821353.6349976,22297.08604306948,140797686.04306948,153.94719440634057,300,H2O,10_M_earth,1_F_earth
H2O_atmosphere_10_M_earth_1_F_earth.csv,1.1986413134172746e-06,NH3,1.2514374068184075e-160,375.98988428126233,388.05521009790624,2.1148827208294787e-159,16828829.903664995,22297.08604306948,140797686.04306948,153.94719440634057,300,H2O,10_M_earth,1_F_earth
H2O_atmosphere_10_M_earth_1_F_earth.csv,1.1986413134172746e-06,NO2,0.0,1017.3843927610627,235.90604169743608,0.0,2.684122061420271e-07,22297.08604306948,140797686.04306948,153.94719440634057,300,H2O,10_M_earth,1_F_earth
H2O_atmosphere_10_M_earth_1_F_earth.csv,1.1986413134172746e-06,N2O,0.0,973.150288727973,241.20796305594004,0.0,0.0009000959878745828,22297.08604306948,140797686.04306948,153.94719440634057,300,H2O,10_M_earth,1_F_earth
H2O_atmosphere_10_M_earth_1_F_earth.csv,1.1986413134172746e-06,H2S,0.0,751.9797685625247,274.39647053499993,0.0,731986657.9460648,22297.08604306948,140797686.04306948,153.94719440634057,300,H2O,10_M_earth,1_F_earth
H2O_atmosphere_10_M_earth_1_F_earth.csv,1.1986413134172746e-06,S,3.2522438811236575e-301,707.7456645294349,282.8414078281222,2.4120803874240206e-303,20371422134.509613,22297.08604306948,140797686.04306948,153.94719440634057,300,H2O,10_M_earth,1_F_earth
H2O_atmosphere_10_M_earth_1_F_earth.csv,1.1986413134172746e-06,S2,0.0,1415.4913290588697,199.99907747561505,0.0,2629290.17222388,22297.08604306948,140797686.04306948,153.94719440634057,300,H2O,10_M_earth,1_F_earth
H2O_atmosphere_10_M_earth_1_F_earth.csv,1.1986413134172746e-06,SO2,0.0,1415.4913290588697,199.99907747561505,0.0,1794334102.652596,22297.08604306948,140797686.04306948,153.94719440634057,300,H2O,10_M_earth,1_F_earth
H2O_atmosphere_10_M_earth_1000_F_earth.csv,27.41189401472494,OH,0.0,177.04213462883237,386.1732379245572,2.50771339925823e-73,0.0,183437.37017394518,301937970.1739452,152.45760332399843,15230,H2O,10_M_earth,1000_F_earth
H2O_atmosphere_10_M_earth_1000_F_earth.csv,27.41189401472494,H2,2.9154777831896033e-05,20.828486426921454,1125.878786707371,6.240416922281115e-06,2455849259.094979,183437.37017394518,301937970.1739452,152.45760332399843,15230,H2O,10_M_earth,1000_F_earth
H2O_atmosphere_10_M_earth_1000_F_earth.csv,27.41189401472494,H2O,5.514459802152103e-85,187.4563778422931,375.292928902457,7.739373300213535e-78,4.161599154613993,183437.37017394518,301937970.1739452,152.45760332399843,15230,H2O,10_M_earth,1000_F_earth
H2O_atmosphere_10_M_earth_1000_F_earth.csv,27.41189401472494,H,27.76963818290018,10.414243213460727,1592.2330497497292,0.153815628246339,189803986139.01752,183437.37017394518,301937970.1739452,152.45760332399843,15230,H2O,10_M_earth,1000_F_earth
H2O_atmosphere_10_M_earth_1000_F_earth.csv,27.41189401472494,O,3.357222717561027e-70,166.62789141537164,398.0582624374323,8.111743699327687e-69,2719452.777308676,183437.37017394518,301937970.1739452,152.45760332399843,15230,H2O,10_M_earth,1000_F_earth
H2O_atmosphere_10_M_earth_1000_F_earth.csv,27.41189401472494,C,4.465619409111445e-61,124.97091856152872,459.6380899428125,8.687624587176328e-51,0.004503342582621174,183437.37017394518,301937970.1739452,152.45760332399843,15230,H2O,10_M_earth,1000_F_earth
H2O_atmosphere_10_M_earth_1000_F_earth.csv,27.41189401472494,CH4,4.050314438359919e-88,166.62789141537164,398.0582624374323,8.111743699327687e-69,3.280878206487678e-12,183437.37017394518,301937970.1739452,152.45760332399843,15230,H2O,10_M_earth,1000_F_earth
H2O_atmosphere_10_M_earth_1000_F_earth.csv,27.41189401472494,CO,1.3586898813951446e-128,291.5988099769004,300.90376277826556,5.692999419676103e-123,89.6100545193881,183437.37017394518,301937970.1739452,152.45760332399843,15230,H2O,10_M_earth,1000_F_earth
H2O_atmosphere_10_M_earth_1000_F_earth.csv,27.41189401472494,CO2,1.0092386365741669e-202,458.226701392272,240.03816385559702,3.071670455078255e-195,0.7850587213499735,183437.37017394518,301937970.1739452,152.45760332399843,15230,H2O,10_M_earth,1000_F_earth
H2O_atmosphere_10_M_earth_1000_F_earth.csv,27.41189401472494,O2,0.0,333.25578283074327,281.4696966768428,4.9289918143224705e-141,0.0,183437.37017394518,301937970.1739452,152.45760332399843,15230,H2O,10_M_earth,1000_F_earth
H2O_atmosphere_10_M_earth_1000_F_earth.csv,27.41189401472494,N,1.6453622805879131e-60,145.7994049884502,425.5421822901196,8.436939375320642e-60,14644823.578851061,183437.37017394518,301937970.1739452,152.45760332399843,15230,H2O,10_M_earth,1000_F_earth
H2O_atmosphere_10_M_earth_1000_F_earth.csv,27.41189401472494,NO,8.749572578417003e-138,312.4272964038218,290.70065271772404,5.303066428053371e-132,57.81946746464641,183437.37017394518,301937970.1739452,152.45760332399843,15230,H2O,10_M_earth,1000_F_earth
H2O_atmosphere_10_M_earth_1000_F_earth.csv,27.41189401472494,N2,5.130491280973456e-127,291.5988099769004,300.90376277826556,5.692999419676103e-123,3383.7272927005083,183437.37017394518,301937970.1739452,152.45760332399843,15230,H2O,10_M_earth,1000_F_earth
H2O_atmosphere_10_M_earth_1000_F_earth.csv,27.41189401472494,NH3,0.0,177.04213462883237,386.1732379245572,2.50771339925823e-73,0.0,183437.37017394518,301937970.1739452,152.45760332399843,15230,H2O,10_M_earth,1000_F_earth
H2O_atmosphere_10_M_earth_1000_F_earth.csv,27.41189401472494,NO2,1.1832544783359996e-228,479.0551878191934,234.76195550957772,2.8267627307780623e-204,9.56679658335109e-18,183437.37017394518,301937970.1739452,152.45760332399843,15230,H2O,10_M_earth,1000_F_earth
H2O_atmosphere_10_M_earth_1000_F_earth.csv,27.41189401472494,N2O,4.436020673641484e-206,458.226701392272,240.03816385559702,3.071670455078255e-195,0.00034506573487440073,183437.37017394518,301937970.1739452,152.45760332399843,15230,H2O,10_M_earth,1000_F_earth
H2O_atmosphere_10_M_earth_1000_F_earth.csv,27.41189401472494,H2S,0.0,354.08426925766474,273.06571524922043,4.572454675716972e-150,0.0,183437.37017394518,301937970.1739452,152.45760332399843,15230,H2O,10_M_earth,1000_F_earth
H2O_atmosphere_10_M_earth_1000_F_earth.csv,27.41189401472494,S,5.789254445031255e-142,333.25578283074327,281.4696966768428,4.9289918143224705e-141,3858781.02160862,183437.37017394518,301937970.1739452,152.45760332399843,15230,H2O,10_M_earth,1000_F_earth
H2O_atmosphere_10_M_earth_1000_F_earth.csv,27.41189401472494,S2,7.834283660272215e-306,666.5115656614865,199.02913121871615,1.292633534987229e-285,9.955875817881049e-14,183437.37017394518,301937970.1739452,152.45760332399843,15230,H2O,10_M_earth,1000_F_earth
H2O_atmosphere_10_M_earth_1000_F_earth.csv,27.41189401472494,SO2,0.0,666.5115656614865,199.02913121871615,1.292633534987229e-285,0.0,183437.37017394518,301937970.1739452,152.45760332399843,15230,H2O,10_M_earth,1000_F_earth
CO2_atmosphere_1_M_earth_1_F_earth.csv,1.797452400474824e-20,OH,2.021528913503789e-294,681.7337208692637,419.6081182545865,6.828058018560385e-292,378435376.574889,331.8442742000204,6641353.07700002,180.0,52,CO2,1_M_earth,1_F_earth
CO2_atmosphere_1_M_earth_1_F_earth.csv,1.797452400474824e-20,H2,1.3737851586435137e-30,80.20396716108984,1223.357376114526,4.124632836805363e-31,3618773691902.043,331.8442742000204,6641353.07700002,180.0,52,CO2,1_M_earth,1_F_earth
CO2_atmosphere_1_M_earth_1_F_earth.csv,1.797452400474824e-20,H2O,1.879632671965756e-307,721.8357044498085,407.7857920381754,2.69527740902519e-309,8418891330823.901,331.8442742000204,6641353.07700002,180.0,52,CO2,1_M_earth,1_F_earth
CO2_atmosphere_1_M_earth_1_F_earth.csv,1.797452400474824e-20,H,4.450825441578491e-16,40.10198358054492,1730.0885929303263,7.695839641108398e-14,12567313439.620764,331.8442742000204,6641353.07700002,180.0,52,CO2,1_M_earth,1_F_earth
CO2_atmosphere_1_M_earth_1_F_earth.csv,1.797452400474824e-20,O,6.849721156046176e-276,641.6317372887187,432.52214823258157,1.7268025084319346e-274,5387262449.430879,331.8442742000204,6641353.07700002,180.0,52,CO2,1_M_earth,1_F_earth
CO2_atmosphere_1_M_earth_1_F_earth.csv,1.797452400474824e-20,C,5.21127146110184e-209,481.223802966539,499.4335574251124,6.90683756664757e-205,13662843.78481667,331.8442742000204,6641353.07700002,180.0,52,CO2,1_M_earth,1_F_earth
CO2_atmosphere_1_M_earth_1_F_earth.csv,1.797452400474824e-20,CH4,1.9836941830395637e-277,641.6317372887187,432.52214823258157,1.7268025084319346e-274,156016295.2620412,331.8442742000204,6641353.07700002,180.0,52,CO2,1_M_earth,1_F_earth
CO2_atmosphere_1_M_earth_1_F_earth.csv,1.797452400474824e-20,CO,0.0,1122.8555402552577,326.9560116430931,0.0,11646778843700.193,331.8442742000204,6641353.07700002,180.0,52,CO2,1_M_earth,1_F_earth
CO2_atmosphere_1_M_earth_1_F_earth.csv,1.797452400474824e-20,CO2,0.0,1764.4872775439767,260.8206689465369,0.0,276309997301845.9,331.8442742000204,6641353.07700002,180.0,52,CO2,1_M_earth,1_F_earth
CO2_atmosphere_1_M_earth_1_F_earth.csv,1.797452400474824e-20,O2,0.0,1283.2634745774374,305.8393440286315,0.0,1604778373.7161202,331.8442742000204,6641353.07700002,180.0,52,CO2,1_M_earth,1_F_earth
CO2_atmosphere_1_M_earth_1_F_earth.csv,1.797452400474824e-20,N,7.283289601537649e-247,561.4277701276288,462.38562596507785,1.0976998255569606e-239,10298.496903748272,331.8442742000204,6641353.07700002,180.0,52,CO2,1_M_earth,1_F_earth
CO2_atmosphere_1_M_earth_1_F_earth.csv,1.797452400474824e-20,NO,0.0,1203.0595074163477,315.86951627677087,0.0,303.7771573765368,331.8442742000204,6641353.07700002,180.0,52,CO2,1_M_earth,1_F_earth
CO2_atmosphere_1_M_earth_1_F_earth.csv,1.797452400474824e-20,N2,0.0,1122.8555402552577,326.9560116430931,0.0,129771138495.31999,331.8442742000204,6641353.07700002,180.0,52,CO2,1_M_earth,1_F_earth
CO2_atmosphere_1_M_earth_1_F_earth.csv,1.797452400474824e-20,NH3,6.1975617302700194e-294,681.7337208692637,419.6081182545865,6.828058018560385e-292,1160199387.4902146,331.8442742000204,6641353.07700002,180.0,52,CO2,1_M_earth,1_F_earth
CO2_atmosphere_1_M_earth_1_F_earth.csv,1.797452400474824e-20,NO2,0.0,1844.6912447050663,255.08764646292082,0.0,1.0570722255169947e-07,331.8442742000204,6641353.07700002,180.0,52,CO2,1_M_earth,1_F_earth
CO2_atmosphere_1_M_earth_1_F_earth.csv,1.797452400474824e-20,N2O,0.0,1764.4872775439767,260.8206689465369,0.0,6.173518296460038e-06,331.8442742000204,6641353.07700002,180.0,52,CO2,1_M_earth,1_F_earth
CO2_atmosphere_1_M_earth_1_F_earth.csv,1.797452400474824e-20,H2S,0.0,1363.4674417385274,296.70774585874483,0.0,6117524978691.509,331.8442742000204,6641353.07700002,180.0,52,CO2,1_M_earth,1_F_earth
CO2_atmosphere_1_M_earth_1_F_earth.csv,1.797452400474824e-20,S,0.0,1283.2634745774374,305.8393440286315,0.0,5666486043.560534,331.8442742000204,6641353.07700002,180.0,52,CO2,1_M_earth,1_F_earth
CO2_atmosphere_1_M_earth_1_F_earth.csv,1.797452400474824e-20,S2,0.0,2566.5269491548747,216.26107411629079,0.0,5223363442.748917,331.8442742000204,6641353.07700002,180.0,52,CO2,1_M_earth,1_F_earth
CO2_atmosphere_1_M_earth_1_F_earth.csv,1.797452400474824e-20,SO2,0.0,2566.5269491548747,216.26107411629079,0.0,4916089269476.116,331.8442742000204,6641353.07700002,180.0,52,CO2,1_M_earth,1_F_earth
CO2_atmosphere_1_M_earth_1000_F_earth.csv,0.00018415639212267758,OH,2.289341963933758e-68,164.36468470022302,817.2747102123237,1.5795388433357273e-67,15497923567.45087,951.7928375000506,7261301.64030005,682.843,55,CO2,1_M_earth,1000_F_earth
CO2_atmosphere_1_M_earth_1000_F_earth.csv,0.00018415639212267758,H2,8.261826882054924e-06,19.337021729438003,2382.744760060846,5.467617316118927e-05,137337792362.66223,951.7928375000506,7261301.64030005,682.843,55,CO2,1_M_earth,1000_F_earth
CO2_atmosphere_1_M_earth_1000_F_earth.csv,0.00018415639212267758,H2O,8.839851102092048e-71,174.03319556494202,794.2482533536154,1.0275790852721756e-71,868758898199.2328,951.7928375000506,7261301.64030005,682.843,55,CO2,1_M_earth,1000_F_earth
CO2_atmosphere_1_M_earth_1000_F_earth.csv,0.00018415639212267758,H,0.08503749943230995,9.668510864719002,3369.709955351475,0.6413727085329672,241013895605.69122,951.7928375000506,7261301.64030005,682.843,55,CO2,1_M_earth,1000_F_earth
CO2_atmosphere_1_M_earth_1000_F_earth.csv,0.00018415639212267758,O,9.961205817943951e-63,154.69617383550403,842.4274888378687,2.4238786282085283e-63,466899209767.95605,951.7928375000506,7261301.64030005,682.843,55,CO2,1_M_earth,1000_F_earth
CO2_atmosphere_1_M_earth_1000_F_earth.csv,0.00018415639212267758,C,9.553404916940137e-48,116.022130376628,972.7514749065681,1.3149037527556172e-46,11005887064.40879,951.7928375000506,7261301.64030005,682.843,55,CO2,1_M_earth,1000_F_earth
CO2_atmosphere_1_M_earth_1000_F_earth.csv,0.00018415639212267758,CH4,2.015010289865738e-77,154.69617383550403,842.4274888378687,2.4238786282085283e-63,0.0009444707088752845,951.7928375000506,7261301.64030005,682.843,55,CO2,1_M_earth,1000_F_earth
CO2_atmosphere_1_M_earth_1000_F_earth.csv,0.00018415639212267758,CO,1.994123299280759e-111,270.718304212132,636.8153237341835,1.3093682303400685e-113,9887221295117.934,951.7928375000506,7261301.64030005,682.843,55,CO2,1_M_earth,1000_F_earth
CO2_atmosphere_1_M_earth_1000_F_earth.csv,0.00018415639212267758,CO2,2.5787684050152104e-177,425.4144780476361,508.00288973754954,1.0738233782161447e-180,99213069624197.89,951.7928375000506,7261301.64030005,682.843,55,CO2,1_M_earth,1000_F_earth
CO2_atmosphere_1_M_earth_1000_F_earth.csv,0.00018415639212267758,O2,7.417670289983265e-131,309.39234767100805,595.6861900152115,2.238382330742025e-130,18824582608.661736,951.7928375000506,7261301.64030005,682.843,55,CO2,1_M_earth,1000_F_earth
CO2_atmosphere_1_M_earth_1000_F_earth.csv,0.00018415639212267758,N,1.725050627014149e-57,135.359152106066,900.5928675518954,5.6738131361537745e-55,394767015.7735846,951.7928375000506,7261301.64030005,682.843,55,CO2,1_M_earth,1000_F_earth
CO2_atmosphere_1_M_earth_1000_F_earth.csv,0.00018415639212267758,NO,1.918633012095456e-124,290.05532594157006,615.2220515985764,5.419697027911442e-122,214505151.28921676,951.7928375000506,7261301.64030005,682.843,55,CO2,1_M_earth,1000_F_earth
CO2_atmosphere_1_M_earth_1000_F_earth.csv,0.00018415639212267758,N2,3.4879296393580463e-113,270.718304212132,636.8153237341835,1.3093682303400685e-113,172937812915.4415,951.7928375000506,7261301.64030005,682.843,55,CO2,1_M_earth,1000_F_earth
CO2_atmosphere_1_M_earth_1000_F_earth.csv,0.00018415639212267758,NH3,2.243394327427678e-77,164.36468470022302,817.2747102123237,1.5795388433357273e-67,15.186876563598002,951.7928375000506,7261301.64030005,682.843,55,CO2,1_M_earth,1000_F_earth
CO2_atmosphere_1_M_earth_1000_F_earth.csv,0.00018415639212267758,NO2,2.4305916253303744e-203,444.75149977707406,496.83662749165256,4.391160537128041e-189,0.00021873431886846887,951.7928375000506,7261301.64030005,682.843,55,CO2,1_M_earth,1000_F_earth
CO2_atmosphere_1_M_earth_1000_F_earth.csv,0.00018415639212267758,N2O,1.5917937409353443e-189,425.4144780476361,508.00288973754954,1.0738233782161447e-180,61.24115020939588,951.7928375000506,7261301.64030005,682.843,55,CO2,1_M_earth,1000_F_earth
CO2_atmosphere_1_M_earth_1000_F_earth.csv,0.00018415639212267758,H2S,1.3473992247222845e-150,328.72936940044605,577.9004896834045,9.226874048553665e-139,0.07807371791268816,951.7928375000506,7261301.64030005,682.843,55,CO2,1_M_earth,1000_F_earth
CO2_atmosphere_1_M_earth_1000_F_earth.csv,0.00018415639212267758,S,7.175263882809153e-130,309.39234767100805,595.6861900152115,2.238382330742025e-130,182094030093.6355,951.7928375000506,7261301.64030005,682.843,55,CO2,1_M_earth,1000_F_earth
CO2_atmosphere_1_M_earth_1000_F_earth.csv,0.00018415639212267758,S2,1.1054173997111128e-272,618.7846953420161,421.21374441893437,1.3563125382284604e-264,231.48807484641708,951.7928375000506,7261301.64030005,682.843,55,CO2,1_M_earth,1000_F_earth
CO2_atmosphere_1_M_earth_1000_F_earth.csv,0.00018415639212267758,SO2,3.980528265560688e-264,618.7846953420161,421.21374441893437,1.3563125382284604e-264,83357184834.18112,951.7928375000506,7261301.64030005,682.843,55,CO2,1_M_earth,1000_F_earth
CO2_atmosphere_10_M_earth_1_F_earth.csv,9.6717604466836e-11,OH,1.3340998960738211e-179,421.68436066462385,385.0114310520065,3.362744953640354e-179,137520612.54188606,9032.926095954224,127533526.09595422,151.54164214053316,124,CO2,10_M_earth,1_F_earth
CO2_atmosphere_10_M_earth_1_F_earth.csv,9.6717604466836e-11,H2,2.768605392387013e-16,49.60992478407339,1122.4915667148991,4.565593753220588e-18,178671835203.01962,9032.926095954224,127533526.09595422,151.54164214053316,124,CO2,10_M_earth,1_F_earth
CO2_atmosphere_10_M_earth_1_F_earth.csv,9.6717604466836e-11,H2O,4.811115641039494e-187,446.4893230566605,374.16385557163306,5.839697426889224e-190,269715089358.4587,9032.926095954224,127533526.09595422,151.54164214053316,124,CO2,10_M_earth,1_F_earth
CO2_atmosphere_10_M_earth_1_F_earth.csv,9.6717604466836e-11,H,2.6354874127878357e-07,24.804962392036696,1587.4427972976343,1.9504646896394244e-07,7962421297.389249,9032.926095954224,127533526.09595422,151.54164214053316,124,CO2,10_M_earth,1_F_earth
CO2_atmosphere_10_M_earth_1_F_earth.csv,9.6717604466836e-11,O,1.8626776539831223e-167,396.87939827258714,396.8606993244086,1.9330895047084979e-168,3548853386.0455403,9032.926095954224,127533526.09595422,151.54164214053316,124,CO2,10_M_earth,1_F_earth
CO2_atmosphere_10_M_earth_1_F_earth.csv,9.6717604466836e-11,C,1.4770682214119025e-127,297.65954870444034,458.25526317146085,2.0643315304036378e-125,3513679.633251942,9032.926095954224,127533526.09595422,151.54164214053316,124,CO2,10_M_earth,1_F_earth
CO2_atmosphere_10_M_earth_1_F_earth.csv,9.6717604466836e-11,CH4,1.1983540886588336e-169,396.87939827258714,396.8606993244086,1.9330895047084979e-168,22831556.2605496,9032.926095954224,127533526.09595422,151.54164214053316,124,CO2,10_M_earth,1_F_earth
CO2_atmosphere_10_M_earth_1_F_earth.csv,9.6717604466836e-11,CO,1.4184098049997154e-293,694.5389469770275,299.99849015644696,1.365851397838989e-297,2185559029126.4797,9032.926095954224,127533526.09595422,151.54164214053316,124,CO2,10_M_earth,1_F_earth
CO2_atmosphere_10_M_earth_1_F_earth.csv,9.6717604466836e-11,CO2,0.0,1091.4183452496147,239.316006126748,0.0,19021419440666.49,9032.926095954224,127533526.09595422,151.54164214053316,124,CO2,10_M_earth,1_F_earth
CO2_atmosphere_10_M_earth_1_F_earth.csv,9.6717604466836e-11,O2,0.0,793.7587965451743,280.6228916787248,0.0,2219264.8325536107,9032.926095954224,127533526.09595422,151.54164214053316,124,CO2,10_M_earth,1_F_earth
CO2_atmosphere_10_M_earth_1_F_earth.csv,9.6717604466836e-11,N,9.431779724583571e-155,347.26947348851377,424.2619334706987,6.349338406118261e-147,6.252582602542062,9032.926095954224,127533526.09595422,151.54164214053316,124,CO2,10_M_earth,1_F_earth
CO2_atmosphere_10_M_earth_1_F_earth.csv,9.6717604466836e-11,NO,1e-323,744.1488717611008,289.8260762763384,3.00995e-319,6636.7614992899735,9032.926095954224,127533526.09595422,151.54164214053316,124,CO2,10_M_earth,1_F_earth
CO2_atmosphere_10_M_earth_1_F_earth.csv,9.6717604466836e-11,N2,8.879740561255134e-296,694.5389469770275,299.99849015644696,1.365851397838989e-297,13682362524.246431,9032.926095954224,127533526.09595422,151.54164214053316,124,CO2,10_M_earth,1_F_earth
CO2_atmosphere_10_M_earth_1_F_earth.csv,9.6717604466836e-11,NH3,6.50672945888593e-182,421.68436066462385,385.0114310520065,3.362744953640354e-179,670721.4530663711,9032.926095954224,127533526.09595422,151.54164214053316,124,CO2,10_M_earth,1_F_earth
CO2_atmosphere_10_M_earth_1_F_earth.csv,9.6717604466836e-11,NO2,0.0,1141.028270033688,234.05567131756504,0.0,4.363220460512065e-06,9032.926095954224,127533526.09595422,151.54164214053316,124,CO2,10_M_earth,1_F_earth
CO2_atmosphere_10_M_earth_1_F_earth.csv,9.6717604466836e-11,N2O,0.0,1091.4183452496147,239.316006126748,0.0,25.36682745534256,9032.926095954224,127533526.09595422,151.54164214053316,124,CO2,10_M_earth,1_F_earth
CO2_atmosphere_10_M_earth_1_F_earth.csv,9.6717604466836e-11,H2S,0.0,843.3687213292477,272.2441937312107,0.0,957384953.889199,9032.926095954224,127533526.09595422,151.54164214053316,124,CO2,10_M_earth,1_F_earth
CO2_atmosphere_10_M_earth_1_F_earth.csv,9.6717604466836e-11,S,0.0,793.7587965451743,280.6228916787248,0.0,15059334823.108995,9032.926095954224,127533526.09595422,151.54164214053316,124,CO2,10_M_earth,1_F_earth
CO2_atmosphere_10_M_earth_1_F_earth.csv,9.6717604466836e-11,S2,0.0,1587.5175930903486,198.4303496622043,0.0,259644904.54001492,9032.926095954224,127533526.09595422,151.54164214053316,124,CO2,10_M_earth,1_F_earth
CO2_atmosphere_10_M_earth_1_F_earth.csv,9.6717604466836e-11,SO2,0.0,1587.5175930903486,198.4303496622043,0.0,42257247.39068668,9032.926095954224,127533526.09595422,151.54164214053316,124,CO2,10_M_earth,1_F_earth
CO2_atmosphere_10_M_earth_1000_F_earth.csv,2.8163622118427982e-18,OH,5.791039373132522e-192,455.3163562198706,367.3585322698795,8.577687271930048e-194,22613991794.512302,11236.921087457762,129737521.08745776,137.96375416606338,122,CO2,10_M_earth,1000_F_earth
CO2_atmosphere_10_M_earth_1000_F_earth.csv,2.8163622118427982e-18,H2,4.649244334730076e-19,53.56663014351419,1071.0249649133214,8.983176042462932e-20,14735412800.32465,11236.921087457762,129737521.08745776,137.96375416606338,122,CO2,10_M_earth,1000_F_earth
CO2_atmosphere_10_M_earth_1000_F_earth.csv,2.8163622118427982e-18,H2O,2.2024119447981074e-202,482.09967129162766,357.00832163777375,2.0600757031539673e-205,338207092699.36975,11236.921087457762,129737521.08745776,137.96375416606338,122,CO2,10_M_earth,1000_F_earth
CO2_atmosphere_10_M_earth_1000_F_earth.csv,2.8163622118427982e-18,H,1.7409565938272438e-11,26.783315071757094,1514.6580310205873,2.771071815382384e-08,3577502.9832348563,11236.921087457762,129737521.08745776,137.96375416606338,122,CO2,10_M_earth,1000_F_earth
CO2_atmosphere_10_M_earth_1000_F_earth.csv,2.8163622118427982e-18,O,4.603983493362441e-179,428.5330411481135,378.6645077551468,3.565423819896122e-182,459560249033.51605,11236.921087457762,129737521.08745776,137.96375416606338,122,CO2,10_M_earth,1000_F_earth
CO2_atmosphere_10_M_earth_1000_F_earth.csv,2.8163622118427982e-18,C,9.58284530887621e-134,321.3997808610851,437.2441109699823,1.0407884448975122e-135,43690861887.21486,11236.921087457762,129737521.08745776,137.96375416606338,122,CO2,10_M_earth,1000_F_earth
CO2_atmosphere_10_M_earth_1000_F_earth.csv,2.8163622118427982e-18,CH4,4.5161666631834347e-188,428.5330411481135,378.6645077551468,3.565423819896122e-182,450.7945520225295,11236.921087457762,129737521.08745776,137.96375416606338,122,CO2,10_M_earth,1000_F_earth
CO2_atmosphere_10_M_earth_1000_F_earth.csv,2.8163622118427982e-18,CO,0.0,749.9328220091986,286.243462241945,0.0,2973680437682.8916,11236.921087457762,129737521.08745776,137.96375416606338,122,CO2,10_M_earth,1000_F_earth
CO2_atmosphere_10_M_earth_1000_F_earth.csv,2.8163622118427982e-18,CO2,0.0,1178.4658631573122,228.34328975426263,0.0,18202860879061.15,11236.921087457762,129737521.08745776,137.96375416606338,122,CO2,10_M_earth,1000_F_earth
CO2_atmosphere_10_M_earth_1000_F_earth.csv,2.8163622118427982e-18,O2,0.0,857.066082296227,267.75624122833034,0.0,6079475711.709308,11236.921087457762,129737521.08745776,137.96375416606338,122,CO2,10_M_earth,1000_F_earth
CO2_atmosphere_10_M_earth_1000_F_earth.csv,2.8163622118427982e-18,N,7.26622555502645e-159,374.9664110045993,404.80938644318957,6.122819974179644e-159,482690989.03280115,11236.921087457762,129737521.08745776,137.96375416606338,122,CO2,10_M_earth,1000_F_earth
CO2_atmosphere_10_M_earth_1000_F_earth.csv,2.8163622118427982e-18,NO,0.0,803.4994521527128,276.53745683211173,0.0,86111.44935590342,11236.921087457762,129737521.08745776,137.96375416606338,122,CO2,10_M_earth,1000_F_earth
CO2_atmosphere_10_M_earth_1000_F_earth.csv,2.8163622118427982e-18,N2,0.0,749.9328220091986,286.243462241945,0.0,14326277446.438532,11236.921087457762,129737521.08745776,137.96375416606338,122,CO2,10_M_earth,1000_F_earth
CO2_atmosphere_10_M_earth_1000_F_earth.csv,2.8163622118427982e-18,NH3,5.675513579307577e-195,455.3163562198706,367.3585322698795,8.577687271930048e-194,22162863.907913484,11236.921087457762,129737521.08745776,137.96375416606338,122,CO2,10_M_earth,1000_F_earth
CO2_atmosphere_10_M_earth_1000_F_earth.csv,2.8163622118427982e-18,NO2,0.0,1232.0324933008264,223.3241429994002,0.0,1.646541336522688e-10,11236.921087457762,129737521.08745776,137.96375416606338,122,CO2,10_M_earth,1000_F_earth
CO2_atmosphere_10_M_earth_1000_F_earth.csv,2.8163622118427982e-18,N2O,0.0,1178.4658631573122,228.34328975426263,0.0,5.946797567711872e-05,11236.921087457762,129737521.08745776,137.96375416606338,122,CO2,10_M_earth,1000_F_earth
CO2_atmosphere_10_M_earth_1000_F_earth.csv,2.8163622118427982e-18,H2S,0.0,910.6327124397412,259.76170929476893,0.0,676641811.0498813,11236.921087457762,129737521.08745776,137.96375416606338,122,CO2,10_M_earth,1000_F_earth
CO2_atmosphere_10_M_earth_1000_F_earth.csv,2.8163622118427982e-18,S,0.0,857.066082296227,267.75624122833034,0.0,20058865435.8756,11236.921087457762,129737521.08745776,137.96375416606338,122,CO2,10_M_earth,1000_F_earth
CO2_atmosphere_10_M_earth_1000_F_earth.csv,2.8163622118427982e-18,S2,0.0,1714.132164592454,189.3322538775734,0.0,486.8978238880241,11236.921087457762,129737521.08745776,137.96375416606338,122,CO2,10_M_earth,1000_F_earth
CO2_atmosphere_10_M_earth_1000_F_earth.csv,2.8163622118427982e-18,SO2,0.0,1714.132164592454,189.3322538775734,0.0,20051678640.508762,11236.921087457762,129737521.08745776,137.96375416606338,122,CO2,10_M_earth,1000_F_earth
N2_atmosphere_1_M_earth_1_F_earth.csv,1.7425305907685446e-20,OH,6.402620380770651e-289,663.0030191703908,419.6081182545865,9.054329460846664e-284,854891.8678251472,521.6473353000301,6828985.53720003,180.0,53,N2,1_M_earth,1_F_earth
N2_atmosphere_1_M_earth_1_F_earth.csv,1.7425305907685446e-20,H2,3.666349702949294e-29,78.00035519651657,1223.357376114526,3.634574777626267e-30,10365945709696.064,521.6473353000301,6828985.53720003,180.0,53,N2,1_M_earth,1_F_earth
N2_atmosphere_1_M_earth_1_F_earth.csv,1.7425305907685446e-20,H2O,2.2328013779437815e-301,702.003196768649,407.7857920381754,1.0756471303939494e-300,23700985856.599377,521.6473353000301,6828985.53720003,180.0,53,N2,1_M_earth,1_F_earth
N2_atmosphere_1_M_earth_1_F_earth.csv,1.7425305907685446e-20,H,6.006288658048889e-16,39.00017759825828,1730.0885929303263,2.254049276561548e-13,5476479191.451586,521.6473353000301,6828985.53720003,180.0,53,N2,1_M_earth,1_F_earth
N2_atmosphere_1_M_earth_1_F_earth.csv,1.7425305907685446e-20,O,7.384285971296526e-273,624.0028415721325,432.52214823258157,7.608422557303863e-267,124667.29828285263,521.6473353000301,6828985.53720003,180.0,53,N2,1_M_earth,1_F_earth
N2_atmosphere_1_M_earth_1_F_earth.csv,1.7425305907685446e-20,C,9.209757352797357e-206,468.0021311790993,499.4335574251124,3.7094072272495556e-199,42522.72383810777,521.6473353000301,6828985.53720003,180.0,53,N2,1_M_earth,1_F_earth
N2_atmosphere_1_M_earth_1_F_earth.csv,1.7425305907685446e-20,CH4,8.952599808621162e-268,624.0028415721325,432.52214823258157,7.608422557303863e-267,15114480060.58764,521.6473353000301,6828985.53720003,180.0,53,N2,1_M_earth,1_F_earth
N2_atmosphere_1_M_earth_1_F_earth.csv,1.7425305907685446e-20,CO,0.0,1092.004972751232,326.9560116430931,0.0,22918206129.384163,521.6473353000301,6828985.53720003,180.0,53,N2,1_M_earth,1_F_earth
N2_atmosphere_1_M_earth_1_F_earth.csv,1.7425305907685446e-20,CO2,0.0,1716.0078143233645,260.8206689465369,0.0,57128530.19201748,521.6473353000301,6828985.53720003,180.0,53,N2,1_M_earth,1_F_earth
N2_atmosphere_1_M_earth_1_F_earth.csv,1.7425305907685446e-20,O2,0.0,1248.005683144265,305.8393440286315,0.0,0.08665994206042522,521.6473353000301,6828985.53720003,180.0,53,N2,1_M_earth,1_F_earth
N2_atmosphere_1_M_earth_1_F_earth.csv,1.7425305907685446e-20,N,2.6618412856601382e-235,546.002486375616,462.38562596507785,5.339760210480584e-233,731797655.7194259,521.6473353000301,6828985.53720003,180.0,53,N2,1_M_earth,1_F_earth
N2_atmosphere_1_M_earth_1_F_earth.csv,1.7425305907685446e-20,NO,0.0,1170.0053279477484,315.86951627677087,0.0,186.95982851775833,521.6473353000301,6828985.53720003,180.0,53,N2,1_M_earth,1_F_earth
N2_atmosphere_1_M_earth_1_F_earth.csv,1.7425305907685446e-20,N2,0.0,1092.004972751232,326.9560116430931,0.0,173927323357838.12,521.6473353000301,6828985.53720003,180.0,53,N2,1_M_earth,1_F_earth
N2_atmosphere_1_M_earth_1_F_earth.csv,1.7425305907685446e-20,NH3,4.1902497137819196e-284,663.0030191703908,419.6081182545865,9.054329460846664e-284,55949130065.987785,521.6473353000301,6828985.53720003,180.0,53,N2,1_M_earth,1_F_earth
N2_atmosphere_1_M_earth_1_F_earth.csv,1.7425305907685446e-20,NO2,0.0,1794.008169519881,255.08764646292082,0.0,3.776539505230288e-13,521.6473353000301,6828985.53720003,180.0,53,N2,1_M_earth,1_F_earth
N2_atmosphere_1_M_earth_1_F_earth.csv,1.7425305907685446e-20,N2O,0.0,1716.0078143233645,260.8206689465369,0.0,0.02135414292044862,521.6473353000301,6828985.53720003,180.0,53,N2,1_M_earth,1_F_earth
N2_atmosphere_1_M_earth_1_F_earth.csv,1.7425305907685446e-20,H2S,0.0,1326.0060383407815,296.70774585874483,0.0,4347323955677.802,521.6473353000301,6828985.53720003,180.0,53,N2,1_M_earth,1_F_earth
N2_atmosphere_1_M_earth_1_F_earth.csv,1.7425305907685446e-20,S,0.0,1248.005683144265,305.8393440286315,0.0,1588379053.9041219,521.6473353000301,6828985.53720003,180.0,53,N2,1_M_earth,1_F_earth
N2_atmosphere_1_M_earth_1_F_earth.csv,1.7425305907685446e-20,S2,0.0,2496.01136628853,216.26107411629079,0.0,1372399006.9428227,521.6473353000301,6828985.53720003,180.0,53,N2,1_M_earth,1_F_earth
N2_atmosphere_1_M_earth_1_F_earth.csv,1.7425305907685446e-20,SO2,0.0,2496.01136628853,216.26107411629079,0.0,1.4436169813531021,521.6473353000301,6828985.53720003,180.0,53,N2,1_M_earth,1_F_earth
N2_atmosphere_1_M_earth_1000_F_earth.csv,9.262298027422697e-06,OH,3.0971530290055463e-65,154.06060763242107,829.6146424178996,4.4884995363957317e-63,688261557.4813073,1210.8819609000898,7518220.162800089,703.619,59,N2,1_M_earth,1000_F_earth
N2_atmosphere_1_M_earth_1000_F_earth.csv,9.262298027422697e-06,H2,4.2853647098680125e-06,18.124777368520128,2418.7215355990293,0.00017542299877798816,20711531665.551563,1210.8819609000898,7518220.162800089,703.619,59,N2,1_M_earth,1000_F_earth
N2_atmosphere_1_M_earth_1000_F_earth.csv,9.262298027422697e-06,H2O,2.805065569830952e-68,163.12299631668114,806.240511866343,5.353181272293243e-67,4936276943.982821,1210.8819609000898,7518220.162800089,703.619,59,N2,1_M_earth,1000_F_earth
N2_atmosphere_1_M_earth_1000_F_earth.csv,9.262298027422697e-06,H,0.020497891332408966,9.062388684260064,3420.5887992480257,1.1257750719322823,30874399069.485004,1210.8819609000898,7518220.162800089,703.619,59,N2,1_M_earth,1000_F_earth
N2_atmosphere_1_M_earth_1000_F_earth.csv,9.262298027422697e-06,O,1.2454069988123407e-60,144.99821894816102,855.1471998120064,3.7571378419784856e-59,3512975697.188211,1210.8819609000898,7518220.162800089,703.619,59,N2,1_M_earth,1000_F_earth
N2_atmosphere_1_M_earth_1000_F_earth.csv,9.262298027422697e-06,C,9.20744360085546e-47,108.74866421112075,987.4389320164332,1.8045120064413274e-43,72100620.12450726,1210.8819609000898,7518220.162800089,703.619,59,N2,1_M_earth,1000_F_earth
N2_atmosphere_1_M_earth_1000_F_earth.csv,9.262298027422697e-06,CH4,1.1643234546464248e-74,144.99821894816102,855.1471998120064,3.7571378419784856e-59,3.284259686784876e-05,1210.8819609000898,7518220.162800089,703.619,59,N2,1_M_earth,1000_F_earth
N2_atmosphere_1_M_earth_1000_F_earth.csv,9.262298027422697e-06,CO,3.037950277373245e-107,253.7468831592818,646.4305214445227,2.925193801476701e-106,6289396003.505648,1210.8819609000898,7518220.162800089,703.619,59,N2,1_M_earth,1000_F_earth
N2_atmosphere_1_M_earth_1000_F_earth.csv,9.262298027422697e-06,CO2,7.641722571314325e-170,398.74510210744285,515.6731640544551,3.906206686237862e-169,7539183709.608461,1210.8819609000898,7518220.162800089,703.619,59,N2,1_M_earth,1000_F_earth
N2_atmosphere_1_M_earth_1000_F_earth.csv,9.262298027422697e-06,O2,1.0316497970599566e-123,289.99643789632205,604.6803838997573,5.648795739668198e-122,967759409.3798025,1210.8819609000898,7518220.162800089,703.619,59,N2,1_M_earth,1000_F_earth
N2_atmosphere_1_M_earth_1000_F_earth.csv,9.262298027422697e-06,N,1.6433667657534486e-50,126.8734415796409,914.1908105587559,2.61683714160293e-51,760625224443.3939,1210.8819609000898,7518220.162800089,703.619,59,N2,1_M_earth,1000_F_earth
N2_atmosphere_1_M_earth_1000_F_earth.csv,9.262298027422697e-06,NO,3.092003564948834e-116,271.8716605278019,624.511215099218,4.069413210179913e-114,429465118.1068391,1210.8819609000898,7518220.162800089,703.619,59,N2,1_M_earth,1000_F_earth
N2_atmosphere_1_M_earth_1000_F_earth.csv,9.262298027422697e-06,N2,3.260399187642831e-103,253.7468831592818,646.4305214445227,2.925193801476701e-106,67499266769844.19,1210.8819609000898,7518220.162800089,703.619,59,N2,1_M_earth,1000_F_earth
N2_atmosphere_1_M_earth_1000_F_earth.csv,9.262298027422697e-06,NH3,1.1849603875792743e-75,154.06060763242107,829.6146424178996,4.4884995363957317e-63,0.02633265693593548,1210.8819609000898,7518220.162800089,703.619,59,N2,1_M_earth,1000_F_earth
N2_atmosphere_1_M_earth_1000_F_earth.csv,9.262298027422697e-06,NO2,5.508158011235448e-196,416.86987947596293,504.3383037626596,5.368707722376104e-177,3.7819845657490255e-09,1210.8819609000898,7518220.162800089,703.619,59,N2,1_M_earth,1000_F_earth
N2_atmosphere_1_M_earth_1000_F_earth.csv,9.262298027422697e-06,N2O,1.8701918639795014e-177,398.74510210744285,515.6731640544551,3.906206686237862e-169,184.5097084220827,1210.8819609000898,7518220.162800089,703.619,59,N2,1_M_earth,1000_F_earth
N2_atmosphere_1_M_earth_1000_F_earth.csv,9.262298027422697e-06,H2S,3.447962090545554e-145,308.12121526484214,586.6261394253496,7.826034246255663e-130,2.197266710060736e-05,1210.8819609000898,7518220.162800089,703.619,59,N2,1_M_earth,1000_F_earth
N2_atmosphere_1_M_earth_1000_F_earth.csv,9.262298027422697e-06,S,1.4245571778641546e-124,289.99643789632205,604.6803838997573,5.648795739668198e-122,133633391.58369945,1210.8819609000898,7518220.162800089,703.619,59,N2,1_M_earth,1000_F_earth
N2_atmosphere_1_M_earth_1000_F_earth.csv,9.262298027422697e-06,S2,1.533193391544762e-266,579.9928757926441,427.5735999060032,9.075514550087576e-248,4.475964795688359e-09,1210.8819609000898,7518220.162800089,703.619,59,N2,1_M_earth,1000_F_earth
N2_atmosphere_1_M_earth_1000_F_earth.csv,9.262298027422697e-06,SO2,1.5665302791849955e-253,579.9928757926441,427.5735999060032,9.075514550087576e-248,45732.87635910859,1210.8819609000898,7518220.162800089,703.619,59,N2,1_M_earth,1000_F_earth
N2_atmosphere_10_M_earth_1_F_earth.csv,5.629979077656296e-10,OH,4.5931425155107343e-206,482.7782863201563,355.7368832110421,1.0428566236939017e-205,145847686.12266237,11982.402896346957,130483002.89634696,129.37266738497283,195,N2,10_M_earth,1_F_earth
N2_atmosphere_10_M_earth_1_F_earth.csv,5.629979077656296e-10,H2,3.729976917826268e-18,56.79744544943016,1037.1423266128936,3.641874077160236e-21,2882799055248.412,11982.402896346957,130483002.89634696,129.37266738497283,195,N2,10_M_earth,1_F_earth
N2_atmosphere_10_M_earth_1_F_earth.csv,5.629979077656296e-10,H2O,7.762477356182774e-215,511.17700904487134,345.71410887096454,4.979410691496741e-218,487543130482.8563,11982.402896346957,130483002.89634696,129.37266738497283,195,N2,10_M_earth,1_F_earth
N2_atmosphere_10_M_earth_1_F_earth.csv,5.629979077656296e-10,H,8.23067059800416e-08,28.39872272471508,1466.7407444071405,5.645056773865184e-09,82078621658.29955,11982.402896346957,130483002.89634696,129.37266738497283,195,N2,10_M_earth,1_F_earth
N2_atmosphere_10_M_earth_1_F_earth.csv,5.629979077656296e-10,O,8.307572963063625e-194,454.37956359544125,366.6851861017851,2.1803429527806785e-193,134057933.03108099,11982.402896346957,130483002.89634696,129.37266738497283,195,N2,10_M_earth,1_F_earth
N2_atmosphere_10_M_earth_1_F_earth.csv,5.629979077656296e-10,C,6.996790155319019e-154,340.7846726965809,423.4115818074273,4.0738732706962453e-144,0.08056997628250805,11982.402896346957,130483002.89634696,129.37266738497283,195,N2,10_M_earth,1_F_earth
N2_atmosphere_10_M_earth_1_F_earth.csv,5.629979077656296e-10,CH4,6.42035010413634e-195,454.37956359544125,366.6851861017851,2.1803429527806785e-193,10360412.940375779,11982.402896346957,130483002.89634696,129.37266738497283,195,N2,10_M_earth,1_F_earth
N2_atmosphere_10_M_earth_1_F_earth.csv,5.629979077656296e-10,CO,0.0,795.1642362920221,277.1879462505032,0.0,1669245616.4651656,11982.402896346957,130483002.89634696,129.37266738497283,195,N2,10_M_earth,1_F_earth
N2_atmosphere_10_M_earth_1_F_earth.csv,5.629979077656296e-10,CO2,0.0,1249.5437998874636,221.1194869965934,0.0,178164358.10582453,11982.402896346957,130483002.89634696,129.37266738497283,195,N2,10_M_earth,1_F_earth
N2_atmosphere_10_M_earth_1_F_earth.csv,5.629979077656296e-10,O2,0.0,908.7591271908825,259.2855816532234,0.0,250169.08307608913,11982.402896346957,130483002.89634696,129.37266738497283,195,N2,10_M_earth,1_F_earth
N2_atmosphere_10_M_earth_1_F_earth.csv,5.629979077656296e-10,N,1.6139404334232447e-167,397.58211814601106,392.00295291380615,9.472883647945296e-169,6850786149.73046,11982.402896346957,130483002.89634696,129.37266738497283,195,N2,10_M_earth,1_F_earth
N2_atmosphere_10_M_earth_1_F_earth.csv,5.629979077656296e-10,NO,0.0,851.9616817414523,267.7889972412367,0.0,5826892.275651723,11982.402896346957,130483002.89634696,129.37266738497283,195,N2,10_M_earth,1_F_earth
N2_atmosphere_10_M_earth_1_F_earth.csv,5.629979077656296e-10,N2,0.0,795.1642362920221,277.1879462505032,0.0,8392443512666.952,11982.402896346957,130483002.89634696,129.37266738497283,195,N2,10_M_earth,1_F_earth
N2_atmosphere_10_M_earth_1_F_earth.csv,5.629979077656296e-10,NH3,3.834872901893185e-204,482.7782863201563,355.7368832110421,1.0428566236939017e-205,12177008168.740185,11982.402896346957,130483002.89634696,129.37266738497283,195,N2,10_M_earth,1_F_earth
N2_atmosphere_10_M_earth_1_F_earth.csv,5.629979077656296e-10,NO2,0.0,1306.3412453368937,216.25912452747878,0.0,2.319379559223343e-07,11982.402896346957,130483002.89634696,129.37266738497283,195,N2,10_M_earth,1_F_earth
N2_atmosphere_10_M_earth_1_F_earth.csv,5.629979077656296e-10,N2O,0.0,1249.5437998874636,221.1194869965934,0.0,32.12795113178299,11982.402896346957,130483002.89634696,129.37266738497283,195,N2,10_M_earth,1_F_earth
N2_atmosphere_10_M_earth_1_F_earth.csv,5.629979077656296e-10,H2S,0.0,965.5565726403127,251.54396243669476,0.0,30587248615.533012,11982.402896346957,130483002.89634696,129.37266738497283,195,N2,10_M_earth,1_F_earth
N2_atmosphere_10_M_earth_1_F_earth.csv,5.629979077656296e-10,S,0.0,908.7591271908825,259.2855816532234,0.0,100052201454.5113,11982.402896346957,130483002.89634696,129.37266738497283,195,N2,10_M_earth,1_F_earth
N2_atmosphere_10_M_earth_1_F_earth.csv,5.629979077656296e-10,S2,0.0,1817.518254381765,183.34259305089256,0.0,2642489196.7331758,11982.402896346957,130483002.89634696,129.37266738497283,195,N2,10_M_earth,1_F_earth
N2_atmosphere_10_M_earth_1_F_earth.csv,5.629979077656296e-10,SO2,0.0,1817.518254381765,183.34259305089256,0.0,53589930.76702198,11982.402896346957,130483002.89634696,129.37266738497283,195,N2,10_M_earth,1_F_earth
N2_atmosphere_10_M_earth_1000_F_earth.csv,4.811752076860104e-13,OH,1.7725216996691664e-213,492.45005675934345,352.70520171453217,6.648258116364893e-210,88768.46639032528,11628.235017278,130128835.017278,127.17696907956586,174,N2,10_M_earth,1000_F_earth
N2_atmosphere_10_M_earth_1000_F_earth.csv,4.811752076860104e-13,H2,6.71988199082349e-21,57.935300795216875,1028.3035321295724,1.1800773023953516e-21,16115550430.547905,11628.235017278,130128835.017278,127.17696907956586,174,N2,10_M_earth,1000_F_earth
N2_atmosphere_10_M_earth_1000_F_earth.csv,4.811752076860104e-13,H2O,5.996957381390463e-230,521.4177071569518,342.76784404319085,1.79713227861203e-222,10.493064988938078,11628.235017278,130128835.017278,127.17696907956586,174,N2,10_M_earth,1000_F_earth
N2_atmosphere_10_M_earth_1000_F_earth.csv,4.811752076860104e-13,H,1.9074225812760377e-09,28.967650397608438,1454.240801373799,3.229931898836991e-09,3342546858.2006006,11628.235017278,130128835.017278,127.17696907956586,174,N2,10_M_earth,1000_F_earth
N2_atmosphere_10_M_earth_1000_F_earth.csv,4.811752076860104e-13,O,2.4331956136143055e-196,463.482406361735,363.56020034344976,2.4552127366838153e-197,3505838159.931883,11628.235017278,130128835.017278,127.17696907956586,174,N2,10_M_earth,1000_F_earth
N2_atmosphere_10_M_earth_1000_F_earth.csv,4.811752076860104e-13,C,3.1723038555513432e-152,347.61180477130125,419.80315906985004,4.4657479029402873e-147,3350.605369012549,11628.235017278,130128835.017278,127.17696907956586,174,N2,10_M_earth,1000_F_earth
N2_atmosphere_10_M_earth_1000_F_earth.csv,4.811752076860104e-13,CH4,9.803841101723334e-210,463.482406361735,363.56020034344976,2.4552127366838153e-197,0.00014125736564712759,11628.235017278,130128835.017278,127.17696907956586,174,N2,10_M_earth,1000_F_earth
N2_atmosphere_10_M_earth_1000_F_earth.csv,4.811752076860104e-13,CO,0.0,811.0942111330363,274.82567905988213,0.0,1536126756.9958508,11628.235017278,130128835.017278,127.17696907956586,174,N2,10_M_earth,1000_F_earth
N2_atmosphere_10_M_earth_1000_F_earth.csv,4.811752076860104e-13,CO2,0.0,1274.5766174947714,219.23504968102932,0.0,444863413.9340677,11628.235017278,130128835.017278,127.17696907956586,174,N2,10_M_earth,1000_F_earth
N2_atmosphere_10_M_earth_1000_F_earth.csv,4.811752076860104e-13,O2,0.0,926.96481272347,257.0758830323931,0.0,3251497.862658296,11628.235017278,130128835.017278,127.17696907956586,174,N2,10_M_earth,1000_F_earth
N2_atmosphere_10_M_earth_1000_F_earth.csv,4.811752076860104e-13,N,3.098671529805475e-168,405.54710556651816,388.66220261488087,3.328190293037557e-172,3764118668752.2944,11628.235017278,130128835.017278,127.17696907956586,174,N2,10_M_earth,1000_F_earth
N2_atmosphere_10_M_earth_1000_F_earth.csv,4.811752076860104e-13,NO,0.0,869.0295119282531,265.5068303189399,0.0,51240.908266458166,11628.235017278,130128835.017278,127.17696907956586,174,N2,10_M_earth,1000_F_earth
N2_atmosphere_10_M_earth_1000_F_earth.csv,4.811752076860104e-13,N2,0.0,811.0942111330363,274.82567905988213,0.0,9461092141382.914,11628.235017278,130128835.017278,127.17696907956586,174,N2,10_M_earth,1000_F_earth
N2_atmosphere_10_M_earth_1000_F_earth.csv,4.811752076860104e-13,NH3,9.562053586400735e-218,492.45005675934345,352.70520171453217,6.648258116364893e-210,4.788707707021751,11628.235017278,130128835.017278,127.17696907956586,174,N2,10_M_earth,1000_F_earth
N2_atmosphere_10_M_earth_1000_F_earth.csv,4.811752076860104e-13,NO2,0.0,1332.5119182899882,214.41610847481817,0.0,1.04830040863e-13,11628.235017278,130128835.017278,127.17696907956586,174,N2,10_M_earth,1000_F_earth
N2_atmosphere_10_M_earth_1000_F_earth.csv,4.811752076860104e-13,N2O,0.0,1274.5766174947714,219.23504968102932,0.0,810391.5451601193,11628.235017278,130128835.017278,127.17696907956586,174,N2,10_M_earth,1000_F_earth
N2_atmosphere_10_M_earth_1000_F_earth.csv,4.811752076860104e-13,H2S,0.0,984.9001135186869,249.4002398921148,0.0,8.799036603288403e-22,11628.235017278,130128835.017278,127.17696907956586,174,N2,10_M_earth,1000_F_earth
N2_atmosphere_10_M_earth_1000_F_earth.csv,4.811752076860104e-13,S,0.0,926.96481272347,257.0758830323931,0.0,1859864.0812883703,11628.235017278,130128835.017278,127.17696907956586,174,N2,10_M_earth,1000_F_earth
N2_atmosphere_10_M_earth_1000_F_earth.csv,4.811752076860104e-13,S2,0.0,1853.92962544694,181.78010017172488,0.0,0.0,11628.235017278,130128835.017278,127.17696907956586,174,N2,10_M_earth,1000_F_earth
N2_atmosphere_10_M_earth_1000_F_earth.csv,4.811752076860104e-13,SO2,0.0,1853.92962544694,181.78010017172488,0.0,3.863156874288345e-07,11628.235017278,130128835.017278,127.17696907956586,174,N2,10_M_earth,1000_F_earth
