specie,instellation,planet_mass,T_inf,Lim_flux_disso[kg/s],Lim_flux_H[kg/s],Jeans_flux_H[kg/s],Jeans_flux_disso[kg/s],Lim_flux_disso[cgs],Lim_flux_H[cgs]
CO2,1_F_earth,1_M_earth,200,29160.748482721192,10.496794619772553,6.219822071456687e-19,4.3242118462717333e-13,3139390447556.532,1130064846.545449
CO2,1_F_earth,1_M_earth,300,27755.90107766767,9.991101335126416,1.472390909188964e-14,3.158795745965653e-08,2980524140295.668,1072878831.5737456
CO2,1_F_earth,1_M_earth,500,26163.784596043395,9.417998085452714,1.1655972750716422e-10,0.0002405835046701,2795267748346.259,1006193358.824468
CO2,1_F_earth,1_M_earth,1000,24403.317943056358,8.784294979295716,4.922480303352656e-06,0.1472633382890086,2574305840347.33,926655216.3645048
CO2,1_F_earth,1_M_earth,2000,23299.067940047527,8.38680567968686,0.0098046736751509,2.461046883692293,2396792655701.8765,862757012.8383102
CO2,1_F_earth,1_M_earth,3000,23124.735418545544,8.324052397656475,0.1085806934077116,5.182635062708111,2320517843179.656,835300891.7383387
CO2,1_F_earth,1_M_earth,4000,23747.553104727933,8.548243808288207,0.3305254276008354,6.8990235149211205,2320664393557.6445,835353644.4727246
CO2,1_F_earth,1_M_earth,5000,24183.0441697655,8.70500453996676,0.611929357552385,7.815908132474658,2305570735721.872,829920483.9879351
CO2,1_F_earth,1_M_earth,6000,25240.07700189691,9.085497398434162,0.8835042558864048,8.150457247013486,2341545828748.7144,842870191.4741371
CO2,1_F_earth,1_M_earth,7000,25976.571293753317,9.350608197110416,1.1288801842876293,8.478315200431206,2351438059785.6963,846431030.0303926
CO2,1_F_earth,10_M_earth,200,136762.17603157464,442.495172219329,1.964249306687015e-08,1.2751244711138662e-05,39341923121.72726,127291123.55721168
CO2,1_F_earth,10_M_earth,300,133131.22191528304,430.74718959993913,5.822893566249703e-06,0.003796375847516,37553804681.16888,121505651.28510667
CO2,1_F_earth,10_M_earth,500,131575.6610716693,425.714159391107,0.0007762569975451,0.2831462744602526,35683553503.887405,115454437.8516972
CO2,1_F_earth,10_M_earth,1000,135319.97308143257,437.8289124294077,0.2521180954140082,4.864127359834203,33359804565.985104,107935928.59491146
CO2,1_F_earth,10_M_earth,2000,153403.93960224045,496.3397383918872,4.21717920189085,13.44922111704341,31609242365.660706,102271969.85434306
CO2,1_F_earth,10_M_earth,3000,180261.96205233497,583.2390961995706,8.758974134534343,16.937987833845085,31335101350.709263,101384984.29193635
CO2,1_F_earth,10_M_earth,4000,211105.4066389129,683.0333208909366,11.644835850257094,49.67159571858207,31373702753.95516,101509879.45719944
CO2,1_F_earth,10_M_earth,5000,247373.7624066227,800.3798913918289,12.981662329561717,277.48136499782424,31731488131.37834,102667497.0587494
CO2,1_F_earth,10_M_earth,6000,289475.49320507,936.6003959273048,13.629437194642689,1032.554075045745,32317779966.519405,104564449.22848985
CO2,1_F_earth,10_M_earth,7000,342233.84254186635,1107.3004794825983,14.811455758011126,2643.814050736792,33308604349.1794,107770269.86228156
CO2,1000_F_earth,1_M_earth,200,3166.6573859017785,342.8324181238496,1.1864880933831086e-09,5.266582605261078e-12,284084490949.8998,30755892133.27606
CO2,1000_F_earth,1_M_earth,300,2992.0766700654904,323.93175358261647,1.2539324302900018e-07,2.9601437332421397e-08,267898034547.97592,29003494790.31323
CO2,1000_F_earth,1_M_earth,500,2782.523071036331,301.2448132771804,1.7298473954639227e-05,4.183530919900766e-05,248164009627.2531,26867026376.329426
CO2,1000_F_earth,1_M_earth,1000,2577.0324810957754,278.9977472811364,0.0016902798887734,0.0093033554670803,227496623436.71967,24629509297.423115
CO2,1000_F_earth,1_M_earth,2000,2387.5635240399683,258.48523430892914,0.0195782711202883,0.103417057983779,206625824358.21564,22369970091.15596
CO2,1000_F_earth,1_M_earth,3000,2309.7073908763355,250.05628126933172,0.0420322724589675,0.1938843807809564,195995473275.1945,21219094412.744102
CO2,1000_F_earth,1_M_earth,4000,2273.0108241169664,246.08339403026116,0.0584852435748235,0.2415357133822051,189161676274.2724,20479245775.747826
CO2,1000_F_earth,1_M_earth,5000,2301.752365192428,249.19504484268396,0.0701000746976365,0.2756128554382394,187413009449.11032,20289929533.696404
CO2,1000_F_earth,1_M_earth,6000,2300.319307786221,249.03989748191572,0.0766324456544102,0.3966687810237026,183662227420.91888,19883857920.67467
CO2,1000_F_earth,1_M_earth,7000,2307.6592697014507,249.83454514526525,0.0814477570242363,0.9927149419860868,180707654971.688,19563986493.53464
CO2,1000_F_earth,10_M_earth,200,324.2194421582981,324.2194421582981,7.241683254971224e-15,1.1396561168970278e-05,88808020.94506374,88808020.94506374
CO2,1000_F_earth,10_M_earth,300,321.9347531835144,321.9347531835144,2.8203375344841057e-10,0.0030512920423566,85914353.4899274,85914353.4899274
CO2,1000_F_earth,10_M_earth,500,321.65211862935706,321.65211862935706,2.700870679449352e-06,0.2090874809485093,81623229.10406362,81623229.10406362
CO2,1000_F_earth,10_M_earth,1000,343.4195628662086,343.4195628662086,0.0017374241822167,3.3216525710936105,77108179.96016502,77108179.96016502
CO2,1000_F_earth,10_M_earth,2000,418.33694406666285,418.33694406666285,0.0284519899179393,8.935608530491193,74696333.01550499,74696333.01550499
CO2,1000_F_earth,10_M_earth,3000,519.7921321467483,519.7921321467483,0.0583252339030191,11.919233524656986,75138538.30795541,75138538.30795541
CO2,1000_F_earth,10_M_earth,4000,647.41439469701,647.41439469701,0.0903964264820967,52.79074145016504,76913707.15231219,76913707.15231219
CO2,1000_F_earth,10_M_earth,5000,804.6326040449883,804.6326040449883,0.2877051408590946,326.9519985672472,79575557.19088466,79575557.19088466
CO2,1000_F_earth,10_M_earth,6000,982.9913615573008,982.9913615573008,1.3187424268190246,1208.6084758135628,82361619.33385293,82361619.33385293
CO2,1000_F_earth,10_M_earth,7000,1211.6622498017853,1211.6622498017853,5.081394912813289,3046.0768673439816,86328555.80450624,86328555.80450624
H2,1_F_earth,1_M_earth,200,50520.45208699655,2.0494796212052764,1.2992209038501114e-14,3.208783220084817e-06,2624273949370.3574,106459775.3486608
H2,1_F_earth,1_M_earth,300,48871.61675473106,1.9825907816837656,9.571674835153698e-10,0.0092376596502726,2514396520659.531,102002341.93960324
H2,1_F_earth,1_M_earth,500,48771.29042720438,1.9785208109047585,0.0004331359175799,4.252354103423225,2456559637380.4326,99656054.27316624
H2,1_F_earth,1_M_earth,1000,50494.001031987165,2.048406572648472,5.444651216028172,272.93720129722806,2421784358692.59,98245314.2253587
H2,1_F_earth,1_M_earth,2000,59412.002092572046,2.4101860239503363,356.6661207760379,1302.2084931589711,2549847053809.7554,103440475.2549412
H2,1_F_earth,1_M_earth,3000,71249.30343857191,2.890393679988651,1078.0201924941878,1718.2540042333292,2708723455023.488,109885665.92776556
H2,1_F_earth,1_M_earth,4000,86150.66093321105,3.494901898976228,1620.9925905639925,1800.3741307763023,2877633751886.074,116737904.91081116
H2,1_F_earth,1_M_earth,5000,108301.35144592175,4.393496169733166,1922.5689767416704,1739.225523437416,3103704050368.5254,125908972.28173897
H2,1_F_earth,1_M_earth,6000,132356.36715422056,5.369343820443735,2044.4584421107284,1647.8844238642157,3289383166537.7373,133441477.4148464
H2,1_F_earth,1_M_earth,7000,168076.48073171492,6.818413292707137,2061.5234043497508,1577.1909837528742,3537409273216.7124,143503233.2021879
H2,1_F_earth,10_M_earth,200,1017089.5139933889,3894.6202678294926,0.0312733675538969,88.68689637562638,78805386276.13155,301760120.7981278
H2,1_F_earth,10_M_earth,300,1351385.5452937204,5174.700419128442,23.860350998826537,1825.5299124674943,81200104806.52531,310929932.49700147
H2,1_F_earth,10_M_earth,500,2223610.633497877,8514.608519539119,2433.430255312352,11842.510555665698,85613588820.5874,327829963.4740384
H2,1_F_earth,10_M_earth,1000,5690308.0170263415,21789.221723750336,22781.67806388758,22380.6848530054,94054063595.71536,360150072.64540315
H2,1_F_earth,10_M_earth,2000,20250724.74615175,77543.698907028,28267.66673788793,18696.205227180195,108392811686.20628,415055740.3965804
H2,1_F_earth,10_M_earth,3000,47968682.15264607,183680.7863638837,24412.650608271804,15479.853539783133,120479688383.6134,461338584.052742
H2,1_F_earth,10_M_earth,4000,92544610.155412,354370.1015798586,21298.831196342733,13567.12908202055,131762679202.91792,504543202.8419621
H2,1_F_earth,10_M_earth,5000,158410538.46661708,606582.6903745672,19225.856119554453,12018.988836848304,143019935830.96616,547649280.7442073
H2,1_F_earth,10_M_earth,6000,249222849.68137693,954319.5050397716,17456.97132136079,11044.220949884211,154285938766.4096,590788849.8442076
H2,1_F_earth,10_M_earth,7000,367783853.7928826,1408311.0989299873,16191.82609643249,0,165544779990.95886,633900995.4539281
H2,1000_F_earth,1_M_earth,200,150864.0459703992,15596.111719926048,0,0,537116074949.38,55526300236.719925
H2,1000_F_earth,1_M_earth,300,196783.97138135176,20343.248668781373,0,0,542417239958.2427,56074327178.40897
H2,1000_F_earth,1_M_earth,500,311342.00796520564,32186.09648241956,0,0,552867364544.8674,57154646279.56915
H2,1000_F_earth,1_M_earth,1000,762793.1593022033,78856.4780637444,0,0,582939472716.2703,60263458294.24184
H2,1000_F_earth,1_M_earth,2000,2477366.9473009664,256106.69151044104,0,0,628963616773.4796,65021369219.36078
H2,1000_F_earth,1_M_earth,3000,5470897.522630601,565573.6489259669,0,0,664486085508.3005,68693631801.1594
H2,1000_F_earth,1_M_earth,4000,9858197.084935728,1019126.4731417452,0,0,692269418755.7574,71565833500.98854
H2,1000_F_earth,1_M_earth,5000,16022014.3002896,1656333.17997184,0,0,720079222710.2035,74440771705.07106
H2,1000_F_earth,1_M_earth,6000,23916462.97232732,2472450.1193284807,0,0,743879330272.3239,76901193166.64258
H2,1000_F_earth,1_M_earth,7000,33447239.59881317,3457728.328514907,0,0,763566935731.3173,78936469976.70868
H2,1000_F_earth,10_M_earth,200,802886.9589875556,63407.00208148179,50.76441519574366,154.5151590300892,64467685984.7197,5091255566.756309
H2,1000_F_earth,10_M_earth,300,1064592.118745943,84074.84258353667,956.8679824899835,2787.4501492523905,65957576085.87026,5208917790.170629
H2,1000_F_earth,10_M_earth,500,1775244.6963602733,140197.74875805408,6036.2126416958745,14829.11679635864,69560708840.2451,5493470731.900547
H2,1000_F_earth,10_M_earth,1000,4698840.157203222,371085.0752938349,13376.163744797272,23669.47417804878,76947997087.91644,6076872661.715509
H2,1000_F_earth,10_M_earth,2000,16999590.908402413,1342521.6140920275,11891.22589065303,18907.7178296224,88685143141.95015,7003799218.37205
H2,1000_F_earth,10_M_earth,3000,40541838.61472026,3201741.4365183483,9915.619814071371,15579.323696166532,98575883780.65569,7784908196.722643
H2,1000_F_earth,10_M_earth,4000,78500839.0714415,6199506.431985913,8587.660915129847,13447.00841547069,107807844422.94089,8513990841.681405
H2,1000_F_earth,10_M_earth,5000,134674767.90803054,10635772.811449938,7686.128233734367,12013.489797142378,117019049840.05112,9241434368.466486
H2,1000_F_earth,10_M_earth,6000,212202835.21349573,16758455.799363682,7008.014322211408,0,126238376403.53564,9969519252.71704
H2,1000_F_earth,10_M_earth,7000,313494314.3266105,24757824.770383637,6519.017078705519,0,135453136670.47194,10697243519.359455
H2O,1_F_earth,1_M_earth,200,217558.93061641156,7478.424891628738,11.972734694153573,69.42871546244393,1067216382797.8058,36684761867.766975
H2O,1_F_earth,1_M_earth,300,269301.46756572323,9257.035749759894,97.45685778257966,553.024666161567,1220872689646.3604,41966582046.95337
H2O,1_F_earth,1_M_earth,500,376056.3719025745,12926.655432271476,471.665149926996,2217.6454217691157,1468077754627.286,50464070548.35439
H2O,1_F_earth,1_M_earth,1000,722618.1335446452,24839.4557820782,1361.9521233833125,4152.925417205422,1994048603522.4905,68543923567.967766
H2O,1_F_earth,1_M_earth,2000,1849548.1229994227,63576.828044312446,1804.258653459029,3985.108043003057,2872354432219.5405,98735026976.96362
H2O,1_F_earth,1_M_earth,3000,3868447.055226943,132974.9630033103,2471.640690889487,3516.714408333588,3737043825521.232,128458075642.78072
H2O,1_F_earth,1_M_earth,4000,7120263.522755275,244753.71253508268,4011.634199670963,3304.4157567940856,4622311942400.725,158888502480.5999
H2O,1_F_earth,1_M_earth,5000,12170574.134109288,418354.3479095867,5257.233173918378,3133.748494441034,5583003412554.684,191911550457.61932
H2O,1_F_earth,1_M_earth,6000,19400531.28197901,666878.6964474503,6015.48252406181,2965.0220804713945,6598450593276.032,226816784873.53024
H2O,1_F_earth,1_M_earth,7000,29207788.682181764,1003995.8060622268,6255.9507109754095,2829.9341678006967,7669649761871.649,263638452012.72852
H2O,1_F_earth,10_M_earth,200,2181263.0438620634,10755.419024133103,0.0001013248306423,0.1107283082407634,506645487965.8416,2498178537.0144486
H2O,1_F_earth,10_M_earth,300,2580358.0933861057,12723.285531644362,0.0177025679947792,19.437061933090543,575055550721.4086,2835496354.9978404
H2O,1_F_earth,10_M_earth,500,3322481.429446029,16382.563338313508,0.947757172110305,913.0400089672178,683140446651.5403,3368443699.0513616
H2O,1_F_earth,10_M_earth,1000,5212829.343270665,25703.531743197706,42.60210975929227,10934.933684860309,887325554255.6544,4375244046.652552
H2O,1_F_earth,10_M_earth,2000,10223243.383907266,50408.98973144304,397.1188021772562,24534.844895548013,1229687210416.1123,6063368310.327898
H2O,1_F_earth,10_M_earth,3000,17308617.518246137,85345.70585653756,698.9979013206244,26282.207612481758,1533978903547.967,7563776376.381828
H2O,1_F_earth,10_M_earth,4000,26870144.227311227,132491.888686626,942.792002005101,25517.40678387511,1821011789002.2087,8979084340.019451
H2O,1_F_earth,10_M_earth,5000,40274529.46116125,198586.52149886003,2297.006461345657,24093.44721562565,2125803436172.6365,10481957590.266918
H2O,1_F_earth,10_M_earth,6000,57436331.046726346,283208.30417710595,7450.843621156991,23221.59502194759,2427730940838.362,11970708264.6657
H2O,1_F_earth,10_M_earth,7000,79672908.23850551,392852.9002440759,18622.356890480085,23039.091341635205,2744159856382.5195,13530962809.667124
H2O,1000_F_earth,1_M_earth,200,125483.8048850999,12428.596843406474,2.629366186236301e-07,2.1263089097450187e-07,9766214658232.086,967298885975.5736
H2O,1000_F_earth,1_M_earth,300,137275.02486714686,13596.463243241642,6.969431424024701e-05,0.0005732131346793,10599866085813.52,1049868246307.1888
H2O,1000_F_earth,1_M_earth,500,159344.58815678058,15782.352529018885,0.0148374323506532,0.4533076269964919,12105553114600.22,1198999658685.6362
H2O,1000_F_earth,1_M_earth,1000,199815.7277120407,19790.833765192296,1.4119614273917829,63.53585555129786,14595265649587.55,1445594295990.9587
H2O,1000_F_earth,1_M_earth,2000,272102.1877546564,26950.4769552384,12.772639300158216,561.2546935804227,18373948991146.934,1819855595241.0105
H2O,1000_F_earth,1_M_earth,3000,343615.4977746706,34033.54317235017,23.52633119775961,962.3083491417118,21467916492357.496,2126298922763.3
H2O,1000_F_earth,1_M_earth,4000,419121.6209255379,41512.07926479666,29.407760521389307,1156.8764228975076,24247857122435.527,2401639325227.841
H2O,1000_F_earth,1_M_earth,5000,500745.7730243048,49596.57813737527,32.607127688108214,1249.9988390720523,26850020326929.723,2659371686937.932
H2O,1000_F_earth,1_M_earth,6000,589909.5064756493,58427.83805282359,33.60704969039011,1264.798728671405,29342077887828.96,2906198588332.4194
H2O,1000_F_earth,1_M_earth,7000,687787.6245973954,68122.2179055893,34.17793135200079,1249.9616199401223,31763358731632.902,3146015379669.414
H2O,1000_F_earth,10_M_earth,200,916827.3050033816,828960.8310175367,34.33390865906322,35.33159984090757,197078474535.1684,178190958247.84476
H2O,1000_F_earth,10_M_earth,300,1131141.5613670168,1022735.7361546052,1288.466494607036,1323.7465495071915,224109045980.00397,202630986206.7712
H2O,1000_F_earth,10_M_earth,500,1570479.64452361,1419968.7379681775,11161.09524711954,11447.651044563523,266675773920.5251,241118223633.8258
H2O,1000_F_earth,10_M_earth,1000,2940810.1024524868,2658970.095120355,22223.5246270738,22767.09581811297,351739618999.45264,318029759013.8881
H2O,1000_F_earth,10_M_earth,2000,7421574.583263104,6710309.128476185,18350.34218388269,18793.44244623272,493314723412.67786,446036653622.4086
H2O,1000_F_earth,10_M_earth,3000,14862633.854288343,13438235.58016174,15347.448861733948,15492.3057722105,617917700033.4995,558697987423.4062
H2O,1000_F_earth,10_M_earth,4000,26122126.666541643,23618646.293875206,13162.15172465524,13478.139981730064,736457015444.3894,665876786391.3303
H2O,1000_F_earth,10_M_earth,5000,43193062.85696981,39053545.94557404,11821.863486321849,12105.091158255282,862293753614.867,779653641069.4863
H2O,1000_F_earth,10_M_earth,6000,65595302.321065925,59308809.87746848,10807.466238719271,11065.930526303697,981834637358.0806,887738020524.1097
H2O,1000_F_earth,10_M_earth,7000,97119846.34642294,87812119.13767043,10073.789863412969,10165.126974846886,1113217617497.0378,1006529578981.4016
N2,1_F_earth,1_M_earth,200,21637.0723442279,4.195171053607085,6.230935898961937e-19,4.153491774533436e-12,2199295635285.0664,426417273.1267701
N2,1_F_earth,1_M_earth,300,21002.720048894385,4.072177686258921,2.0196409272156035e-14,2.0552248234119705e-07,2127505988872.8345,412498114.296688
N2,1_F_earth,1_M_earth,500,20742.47104627576,4.021718499121849,3.970530721580443e-10,0.001220406276019,2085987572710.2305,404448187.0742821
N2,1_F_earth,1_M_earth,1000,20339.487576178828,3.943584795913902,0.0003297694547396,0.6422652124738116,2010154986979.4373,389745150.38258886
N2,1_F_earth,1_M_earth,2000,20622.291535759578,3.998417121017954,0.298187971900907,9.96939104326296,1969235935626.6416,381811432.87010366
N2,1_F_earth,1_M_earth,3000,21723.394253412807,4.211907845394039,2.393987567344308,20.69374292447057,2000756641289.9287,387922922.90369743
N2,1_F_earth,1_M_earth,4000,22630.27247574159,4.387740749538083,6.151493338496797,27.05385989390322,2014675302044.1863,390621585.7251865
N2,1_F_earth,1_M_earth,5000,24149.50622220364,4.682302108645469,10.23428328180544,30.221753953100084,2071478507765.8403,401635051.9004816
N2,1_F_earth,1_M_earth,6000,25329.37141381387,4.911063940202697,13.851814356493488,32.05079530426268,2101035720372.123,407365843.9770847
N2,1_F_earth,1_M_earth,7000,27187.597886602773,5.271351958178014,16.767929624352284,32.75058061926484,2170930989408.0857,420917705.5588561
N2,1_F_earth,10_M_earth,200,920368.8989906724,6627.880255665436,5.288940043206304e-06,0.0068922857015775,250735378127.36636,1805628225.7143295
N2,1_F_earth,10_M_earth,300,936618.4119431344,6744.898362404924,0.0014362445655713,1.839865076169913,247797272575.5152,1784469957.7659743
N2,1_F_earth,10_M_earth,500,971090.8737501156,6993.145939246378,0.3399452543301979,124.28123741969615,242803703928.27963,1748509621.5588095
N2,1_F_earth,10_M_earth,1000,1113167.5351324228,8016.286877406439,148.8364043471451,1939.773244301585,242336968439.154,1745148505.2321
N2,1_F_earth,10_M_earth,2000,1467149.5167907008,10565.427976879864,2261.588175249896,5012.641754125834,247633532123.8292,1783290808.7226157
N2,1_F_earth,10_M_earth,3000,1923992.96440014,13855.30844726658,4453.348000948195,5761.556413311714,257570447666.71588,1854849817.7255728
N2,1_F_earth,10_M_earth,4000,2497852.3929838026,17987.859623657016,5617.051774864116,5814.51551306759,270229479153.84836,1946011682.21428
N2,1_F_earth,10_M_earth,5000,3210737.98936909,23121.584126964262,6075.622291346862,6329.514817992242,285125023931.5411,2053279417.1819856
N2,1_F_earth,10_M_earth,6000,4089682.8397047073,29451.156134174493,6271.059775023636,8410.969103114277,302103577121.6351,2175547583.329059
N2,1_F_earth,10_M_earth,7000,5095721.737820465,36695.97433323052,6422.437286811175,12321.399697606246,318997458033.9249,2297205996.4533167
N2,1000_F_earth,1_M_earth,200,171.91138379076236,64.60463173117567,4.417100638492263e-12,2.112974625602182e-13,14528965716.12744,5460013518.75412
N2,1000_F_earth,1_M_earth,300,166.80992552939242,62.68749381395133,1.6946874920741602e-09,5.67670838960096e-10,14019051634.523018,5268386817.076873
N2,1000_F_earth,1_M_earth,500,161.66672560899005,60.75466930023661,5.018637550501915e-07,4.975590705837094e-07,13436034573.01906,5049287873.650888
N2,1000_F_earth,1_M_earth,1000,160.06791980088812,60.15383497405952,5.893574548563108e-05,8.457739700662012e-05,12929643338.056269,4858985064.579876
N2,1000_F_earth,1_M_earth,2000,161.8095316556509,60.80833608977705,0.0006204128038885,0.0008426615774021,12371170396.782593,4649109849.179795
N2,1000_F_earth,1_M_earth,3000,169.9086139494686,63.85198693717777,0.0012550636320015,0.0015236675137397,12283140548.349312,4616028061.261056
N2,1000_F_earth,1_M_earth,4000,179.99122189319806,67.64105057409947,0.0017153555962602,0.0021077512675139,12302431252.218842,4623277545.221019
N2,1000_F_earth,1_M_earth,5000,188.19918410194572,70.72561870488101,0.001987025188987,0.0187721998981918,12209098535.077436,4588202928.9481945
N2,1000_F_earth,1_M_earth,6000,200.69607133455477,75.42197318499733,0.0021836570770245,0.2876313123811131,12317388253.20942,4628898415.226785
N2,1000_F_earth,1_M_earth,7000,214.3904445018295,80.56834520383876,0.0024067957956645,2.092320714964461,12448146455.459587,4678037601.451269
N2,1000_F_earth,10_M_earth,200,4930.345888750509,321.92134917602874,7.319849149196113e-09,2.200252201034933e-07,1346485341.9493892,87917234.9581229
N2,1000_F_earth,10_M_earth,300,5014.114176635215,327.3909046316691,2.000646702643576e-06,5.921297801914547e-05,1331250908.8432195,86922519.90767169
N2,1000_F_earth,10_M_earth,500,5190.171976568323,338.8863992209533,0.0001425917941751,0.004025212424045,1304925899.8806195,85203658.27128078
N2,1000_F_earth,10_M_earth,1000,5926.668747122347,386.9751214709505,0.0059975421879133,0.0639196834778696,1303480906.4655955,85109309.06329185
N2,1000_F_earth,10_M_earth,2000,7759.797363687826,506.66717772291065,0.0655467184264928,0.1706782853753531,1333482351.710214,87068219.44165194
N2,1000_F_earth,10_M_earth,3000,10124.67845334902,661.0794092788484,0.4797025949230105,4.7954314397460855,1388555859.8647933,90664181.76336896
N2,1000_F_earth,10_M_earth,4000,13093.856357321089,854.948516712318,15.60126622330285,190.41551994659025,1458505882.617764,95231489.25206052
N2,1000_F_earth,10_M_earth,5000,16781.35500673519,1095.7195634278692,132.0720354862677,1560.2923340401017,1540761179.8184595,100602255.69506848
N2,1000_F_earth,10_M_earth,6000,21327.589129552285,1392.5607700106962,522.5193795400315,5708.451631688502,1634528217.2338018,106724668.17364536
N2,1000_F_earth,10_M_earth,7000,26527.94896711788,1732.1123740735525,1366.232137148253,13549.428102784364,1727943008.887311,112824081.16426538
