Temperature [K]	Pressure [Pa]	Height [m]	Kzz [cm2/s]	MMW [g/mol]	Density [kg/m3]	OH [VMR]	H2 [VMR]	H2O [VMR]	H [VMR]	O [VMR]	CH [VMR]	C [VMR]	CH2 [VMR]	CH3 [VMR]	CH4 [VMR]	C2 [VMR]	C2H2 [VMR]	C2H [VMR]	C2H3 [VMR]	C2H4 [VMR]	C2H5 [VMR]	C2H6 [VMR]	CO [VMR]	CO2 [VMR]	CH2OH [VMR]	H2CO [VMR]	HCO [VMR]	CH3O [VMR]	CH3OH [VMR]	CH3CO [VMR]	O2 [VMR]	H2CCO [VMR]	HCCO [VMR]	N [VMR]	NH [VMR]	CN [VMR]	HCN [VMR]	NO [VMR]	NH2 [VMR]	N2 [VMR]	NH3 [VMR]	N2H2 [VMR]	N2H [VMR]	N2H3 [VMR]	N2H4 [VMR]	HNO [VMR]	H2CN [VMR]	HNCO [VMR]	NO2 [VMR]	N2O [VMR]	C4H2 [VMR]	CH2NH2 [VMR]	CH2NH [VMR]	CH3NH2 [VMR]	CH3CHO [VMR]	HNO2 [VMR]	NCO [VMR]	HO2 [VMR]	H2O2 [VMR]	HC3N [VMR]	CH3CN [VMR]	CH2CN [VMR]	C2H3CN [VMR]	SH [VMR]	HSO [VMR]	H2S [VMR]	C3H3 [VMR]	C3H2 [VMR]	C3H4 [VMR]	C6H5 [VMR]	C6H6 [VMR]	S [VMR]	S2 [VMR]	SO [VMR]	CS [VMR]	COS [VMR]	CS2 [VMR]	NS [VMR]	HS2 [VMR]	SO2 [VMR]	S4 [VMR]	S8 [VMR]	HCS [VMR]	S3 [VMR]	C4H3 [VMR]	C4H5 [VMR]	S2O [VMR]	CH3SH [VMR]	CH3S [VMR]	He [VMR]
703.965	1e-05	1179823.34	13637230100000.0	29.167287460639397	4.983505644051033e-11	0.00614514498	0.0447106914	0.360529251	0.0318177475	0.0625086042	8.1740147e-13	9.39444275e-05	2.6978675300000002e-15	1.09193564e-18	1.4987908e-18	3.10597433e-17	1.1235956900000001e-20	3.9317546000000003e-20	1.9311937199999999e-28	1.16864326e-26	1.25231086e-29	1.5518895300000001e-27	0.0285703504	0.391871691	4.85141484e-22	2.56433954e-13	5.57739663e-16	6.8129334e-25	4.01583043e-25	4.2788200100000004e-29	0.00561335853	1.94616177e-27	4.0890678100000003e-23	4.78826976e-18	1.31607113e-23	2.68071574e-20	1.37038631e-21	1.30990067e-16	3.20558017e-24	1.48991302e-22	1.08557093e-23	3.09950793e-46	3.54053796e-39	1.40523813e-51	1.36157832e-51	1.61615604e-24	1.29350525e-33	6.05423126e-22	1.95230944e-29	5.46655296e-35	6.871130039999999e-35	3.58502034e-45	3.9644431999999994e-36	3.0296942200000002e-43	4.82448825e-28	8.65010848e-29	3.5445016200000004e-20	7.09942054e-15	1.2227246e-14	2.7666502000000003e-38	4.97594604e-41	1.70483363e-38	2.66856095e-43	2.9789042e-10	3.11492962e-14	5.68967759e-14	1.04982231e-26	1.3242630300000002e-23	9.03726191e-29	1.9328012e-28	3.98330171e-29	0.0288946889	5.8880948e-11	0.0107633977	2.08612482e-06	1.7277553e-07	5.19740297e-14	1.1885248300000001e-23	6.085689349999999e-17	0.0276957162	5.05524672e-35	5.55558017e-36	8.84720621e-16	3.7941500099999997e-22	1.0348941099999999e-36	7.63142159e-37	1.87149572e-09	2.0281118e-32	5.9208204300000004e-27	0.0
703.918047	1.74793191e-05	1164121.38	10902567700000.0	29.19265225503723	8.718985288690622e-11	0.00596843051	0.0447008437	0.360950843	0.0316155831	0.0621863373	8.10277428e-13	8.76503787e-05	2.7038780400000004e-15	1.09706434e-18	1.5005359399999999e-18	3.0786983299999995e-17	1.12464129e-20	3.92744336e-20	1.92376324e-28	1.15301377e-26	1.23571662e-29	1.54459253e-27	0.028495795	0.392321205	4.84765143e-22	2.58016417e-13	6.22396534e-16	6.81960717e-25	4.0214114300000003e-25	4.2182064400000004e-29	0.00556875137	1.94687002e-27	4.09137435e-23	4.7346902699999995e-18	1.26290198e-23	2.67378919e-20	1.37180444e-21	1.31148382e-16	3.1490564599999998e-24	1.49129554e-22	1.09258442e-23	3.0948965999999998e-46	3.5456270399999996e-39	1.3949528e-51	1.37424529e-51	1.6159922099999998e-24	1.29479415e-33	6.070481279999999e-22	2.43419138e-29	5.47151382e-35	6.87820941e-35	3.58578425e-45	3.9674853799999996e-36	3.03208246e-43	4.78702284e-28	9.3462897e-29	3.54645996e-20	7.31861718e-15	1.22368156e-14	2.76834237e-38	4.98029204e-41	1.70420108e-38	2.65162625e-43	3.42794124e-10	3.12221486e-14	5.74270331e-14	1.0507754e-26	1.32153341e-23	9.04498557e-29	1.92763288e-28	4.0628313700000003e-29	0.0286826075	7.00655686e-11	0.0108102177	2.07780212e-06	1.73122097e-07	5.5210824e-14	1.18895938e-23	6.093109529999999e-17	0.0279222561	2.14317933e-34	5.5754726199999994e-36	8.84527473e-16	3.80422858e-22	1.0354027799999999e-36	7.638300800000001e-37	1.87366484e-09	2.053598e-32	5.92493044e-27	0.0
703.70963	3.05526596e-05	1148511.67	8714753700000.0	29.23657788885066	1.5267644694350117e-10	0.00562215424	0.0447220018	0.36179062	0.0312651864	0.0615559734	7.90823336e-13	7.6306869e-05	2.70872839e-15	1.10555508e-18	1.5040377199999999e-18	3.0032457299999996e-17	1.1261680100000001e-20	3.91334402e-20	1.9057605199999998e-28	1.1226556500000001e-26	1.19684702e-29	1.5302312500000001e-27	0.0283613501	0.393081298	4.83344621e-22	2.60731346e-13	7.40712177e-16	6.83465185e-25	4.031677e-25	4.1002541700000004e-29	0.00547989698	1.94756461e-27	4.0937595e-23	4.63307966e-18	1.1630801100000001e-23	2.65315144e-20	1.3740681000000001e-21	1.31440182e-16	3.04022738e-24	1.49382934e-22	1.1064039600000001e-23	3.07995699e-46	3.55744287e-39	1.3747069000000002e-51	1.39892457e-51	1.6142830799999999e-24	1.29742906e-33	6.10017535e-22	3.51056163e-29	5.47976337e-35	6.88982039e-35	3.58517745e-45	3.9730173e-36	3.03636601e-43	4.7129456e-28	1.07676694e-28	3.54847031e-20	7.760622290000001e-15	1.22531183e-14	2.7698649e-38	4.98761842e-41	1.7008229e-38	2.61764603e-43	4.29955294e-10	3.13927468e-14	5.8460686e-14	1.0524758300000001e-26	1.31293229e-23	9.05804643e-29	1.9162969299999998e-28	4.2175999800000005e-29	0.028265748	9.2182956e-11	0.0108961121	2.05176853e-06	1.7344811e-07	6.13337944e-14	1.1889385100000001e-23	6.10572641e-17	0.0283532984	1.11471181e-33	5.6033407999999996e-36	8.83067412e-16	3.82560547e-22	1.03567489e-36	7.64907404e-37	1.8768333e-09	2.1033113499999999e-32	5.9301108e-27	0.0
702.998218	5.34039687e-05	1133013.44	6964799790000.0	29.298008731656964	2.676993967211892e-10	0.00510712649	0.0447722534	0.363034275	0.0307656707	0.0606015869	7.50510509e-13	6.14203186e-05	2.6980934300000002e-15	1.1142578e-18	1.50918904e-18	2.84647928e-17	1.12730008e-20	3.87832703e-20	1.87107697e-28	1.0779140700000001e-26	1.12872519e-29	1.50873222e-27	0.0281884616	0.394124994	4.79689841e-22	2.63900198e-13	9.25383687e-16	6.863723120000001e-25	4.04645498e-25	3.9272895600000003e-29	0.00534400596	1.94777767e-27	4.09374873e-23	4.48660455e-18	1.02274156e-23	2.6069717200000002e-20	1.3763447600000002e-21	1.31859874e-16	2.88042067e-24	1.49743405e-22	1.1272016800000001e-23	3.0451859699999996e-46	3.5805703899999996e-39	1.34428327e-51	1.43608858e-51	1.60887263e-24	1.30187184e-33	6.14247377e-22	5.55685163e-29	5.49125495e-35	6.90591704e-35	3.57975924e-45	3.9809647e-36	3.04250097e-43	4.602464889999999e-28	1.30820678e-28	3.5485284800000004e-20	8.46289604e-15	1.22744376e-14	2.76938281e-38	4.99787745e-41	1.69086977e-38	2.5664107000000002e-43	5.62994189e-10	3.17395248e-14	6.00209486e-14	1.05503202e-26	1.29352563e-23	9.076342270000001e-29	1.898307e-28	4.45288506e-29	0.027641911	1.2706167e-10	0.0110169752	1.99329456e-06	1.73232302e-07	7.01104097e-14	1.1874812800000001e-23	6.125097859999999e-17	0.0289946824	6.33354934e-33	5.6396037199999995e-36	8.78591297e-16	3.8676389199999998e-22	1.0349334699999999e-36	7.66370885e-37	1.88107201e-09	2.17888143e-32	5.93392527e-27	0.0
701.390298	9.3346501e-05	1117653.98	5565337170000.0	29.37614919527925	4.702438607517849e-10	0.00443098349	0.0448510315	0.364671936	0.0301133115	0.0592916986	6.78943045e-13	4.50453601e-05	2.6452819900000003e-15	1.11732461e-18	1.5158847699999999e-18	2.5680091699999997e-17	1.12640027e-20	3.8009077900000004e-20	1.80905567e-28	1.0187692400000001e-26	1.0274083000000001e-29	1.4795649700000001e-27	0.0280064854	0.395421117	4.71651999e-22	2.66232082e-13	1.1892708100000001e-15	6.918345110000001e-25	4.06564672e-25	3.70091682e-29	0.005154487	1.94655668e-27	4.08631312e-23	4.29813631e-18	8.505011209999999e-24	2.5164782300000002e-20	1.37700753e-21	1.32404077e-16	2.67036295e-24	1.50202763e-22	1.1555682600000001e-23	2.9755888099999996e-46	3.6247413599999996e-39	1.30291385e-51	1.48711451e-51	1.59607286e-24	1.30913619e-33	6.19636679e-22	9.43809468e-29	5.506002e-35	6.926526019999999e-35	3.5628763900000003e-45	3.9913082e-36	3.05049297e-43	4.45429895e-28	1.66365383e-28	3.54254891e-20	9.508892270000001e-15	1.2295898e-14	2.76306822e-38	5.01108031e-41	1.66613383e-38	2.49674261e-43	7.4867951e-10	3.24275407e-14	6.21716416e-14	1.05866953e-26	1.2559455800000001e-23	9.099867580000001e-29	1.87246821e-28	4.7813521e-29	0.0267989575	1.77625724e-10	0.0111666311	1.88149855e-06	1.71550854e-07	8.10080383e-14	1.1828904800000001e-23	6.15361505e-17	0.0298648895	3.7224111e-32	5.684728719999999e-36	8.6749722e-16	3.9495147e-22	1.0316439799999999e-36	7.68221255e-37	1.88651367e-09	2.28442956e-32	5.93122543e-27	0.0
698.690789	0.000163163328	1102464.01	4446369300000.0	29.47050003317553	8.277801760458962e-10	0.00362621441	0.0449581251	0.366683756	0.0293066184	0.0575895315	5.69427268e-13	2.96377659e-05	2.5066064e-15	1.1041071499999999e-18	1.5239711199999998e-18	2.1416907299999997e-17	1.12045863e-20	3.6444715300000004e-20	1.70385382e-28	9.45182972e-27	8.99033698e-30	1.44174152e-27	0.0278496592	0.396934663	4.55794631e-22	2.65333067e-13	1.5218081400000001e-15	7.020390610000001e-25	4.08914268e-25	3.4236316800000003e-29	0.00490134685	1.94204653e-27	4.06171451e-23	4.07074201e-18	6.6002604499999995e-24	2.35599152e-20	1.3729007100000002e-21	1.33070137e-16	2.41295883e-24	1.50751186e-22	1.19245163e-23	2.8509890799999997e-46	3.70975631e-39	1.24952705e-51	1.55430607e-51	1.57017163e-24	1.32129608e-33	6.26008197e-22	1.70396774e-28	5.52404124e-35	6.95167395e-35	3.52257507e-45	4.0040550599999995e-36	3.06038464e-43	4.26622303e-28	2.20286476e-28	3.5224526200000004e-20	1.1052998e-14	1.23041915e-14	2.74320889e-38	5.02726544e-41	1.61017854e-38	2.40659678e-43	9.93314298e-10	3.37939871e-14	6.50197029e-14	1.0637840000000001e-26	1.1912067000000001e-23	9.12865276e-29	1.8367906e-28	5.22383e-29	0.0257193178	2.45915097e-10	0.0113336256	1.69382572e-06	1.66934186e-07	9.25356886e-14	1.17253996e-23	6.19369733e-17	0.0309933099	2.15777662e-31	5.7390818599999995e-36	8.42823964e-16	4.10939465e-22	1.02302509e-36	7.704588160000001e-37	1.89340061e-09	2.42715759e-32	5.91152461e-27	0.0
695.400147	0.000285198387	1087462.74	3551836260000.0	29.58142393863865	1.4592219106330478e-09	0.00276093293	0.0450938414	0.369035661	0.0283498374	0.0554571022	4.28043924e-13	1.72581368e-05	2.2277968500000002e-15	1.05711881e-18	1.53325104e-18	1.5912546099999997e-17	1.10422641e-20	3.3581472600000003e-20	1.53713159e-28	8.574040610000001e-27	7.62347127e-30	1.39382339e-27	0.0277450631	0.398643377	4.27559978e-22	2.57335184e-13	1.8624898e-15	7.20763673e-25	4.1168512000000003e-25	3.1001335400000003e-29	0.00457217065	1.93086209e-27	4.00244956e-23	3.80638346e-18	4.70569095e-24	2.09705165e-20	1.3582734800000002e-21	1.33858551e-16	2.11643076e-24	1.51380694e-22	1.23919061e-23	2.65035169e-46	3.87485347e-39	1.1830696e-51	1.64112631e-51	1.5234774499999998e-24	1.34246962e-33	6.33070366e-22	3.24520378e-28	5.54548237e-35	6.98141022e-35	3.43973062e-45	4.0192756799999994e-36	3.07230026e-43	4.03543141e-28	3.02095275e-28	3.4731474100000004e-20	1.33621894e-14	1.22682034e-14	2.6952214e-38	5.04654523e-41	1.49387931e-38	2.29304336e-43	1.3006122e-09	3.65134246e-14	6.87260362e-14	1.0710104400000001e-26	1.0914418e-23	9.16284486e-29	1.7883190399999998e-28	5.81129061e-29	0.0243838511	3.29436146e-10	0.0114974788	1.41752176e-06	1.57460753e-07	1.01445431e-13	1.15299334e-23	6.24437209e-17	0.0324207328	1.14552584e-30	5.8028655399999994e-36	7.92528704e-16	4.42190106e-22	1.00469868e-36	7.73090332e-37	1.90222049e-09	2.6182942299999997e-32	5.8551143600000004e-27	0.0
692.759491	0.000498507361	1072642.81	2836843290000.0	29.710568732581752	2.5715207688066854e-09	0.00192610442	0.0452609347	0.371690122	0.0272533762	0.0528412246	2.77546706e-13	8.73541948e-06	1.7761503800000002e-15	9.52662612e-19	1.54355096e-18	1.00886334e-17	1.0691573400000001e-20	2.89338935e-20	1.2975117599999999e-28	7.56223338e-27	6.3863718e-30	1.33399634e-27	0.0277023729	0.400555785	3.8259413499999997e-22	2.37330128e-13	2.09831553e-15	7.53453392e-25	4.148810830000001e-25	2.7380011800000003e-29	0.00415428461	1.90735736e-27	3.87901814e-23	3.50384885e-18	3.0372484999999997e-24	1.71983957e-20	1.3235222800000002e-21	1.34777201e-16	1.79685837e-24	1.52091438e-22	1.2976920700000001e-23	2.3616919899999998e-46	4.19647222e-39	1.10294123e-51	1.7527720700000002e-51	1.44768294e-24	1.38057172e-33	6.40399884e-22	6.45111036e-28	5.57060235e-35	7.015869999999999e-35	3.28827533e-45	4.03717552e-36	3.08653472e-43	3.75862927e-28	4.26095024e-28	3.3686786000000004e-20	1.68671822e-14	1.21289096e-14	2.59420639e-38	5.069192060000001e-41	1.27702356e-38	2.1522218e-43	1.67134014e-09	4.19046543e-14	7.35264286e-14	1.0812628500000001e-26	9.541293539999999e-24	9.2028592e-29	1.72283827e-28	6.588245240000001e-29	0.022772887	4.16555818e-10	0.0116248195	1.06499863e-06	1.41368356e-07	1.02552747e-13	1.12061574e-23	6.29168178e-17	0.0342032787	5.54106341e-30	5.8760911799999996e-36	6.99808122e-16	5.02864168e-22	9.71147386e-37	7.7614097e-37	1.91397833e-09	2.87238042e-32	5.7290260200000005e-27	0.0
691.303901	0.000871356924	1057986.62	2265454530000.0	29.860472688224974	4.527033800012989e-09	0.00120755328	0.0454659266	0.374618242	0.0260355238	0.0496536745	1.47770504e-13	3.70214686e-06	1.19469764e-15	7.7034725e-19	1.55479727e-18	5.20139542e-18	1.00283532e-20	2.2427753e-20	9.97654741e-29	6.4353748100000005e-27	5.38033497e-30	1.26032853e-27	0.0277179462	0.402707647	3.19799677e-22	2.01597696e-13	2.1264332300000003e-15	8.047511650000001e-25	4.18526001e-25	2.3485706500000002e-29	0.00363982145	1.86353174e-27	3.64389596e-23	3.15889664e-18	1.76708861e-24	1.2377117900000001e-20	1.2547312200000001e-21	1.35841162e-16	1.4792608299999999e-24	1.52893584e-22	1.37054808e-23	1.99563644e-46	4.82049506e-39	1.0098583700000001e-51	1.89696115e-51	1.33781577e-24	1.44991317e-33	6.47387605e-22	1.3190046100000001e-27	5.59985799e-35	7.055216439999999e-35	3.04142455e-45	4.05811445e-36	3.10364049e-43	3.43271522e-28	6.12739763e-28	3.17072717e-20	2.21715068e-14	1.18053106e-14	2.40543512e-38	5.09565102e-41	9.34630489e-39	1.98012447e-43	2.09201563e-09	5.24518532e-14	7.97385559e-14	1.0956370400000001e-26	7.86529564e-24	9.24939683e-29	1.6346854099999999e-28	7.6145929e-29	0.0208664437	4.85528465e-10	0.0116658387	6.84408537e-07	1.18275583e-07	9.07997043e-14	1.07209088e-23	6.288061409999999e-17	0.0364158126	2.2767429400000002e-29	5.9582544499999995e-36	5.51423472e-16	6.18015027e-22	9.17951407e-37	7.79654616e-37	1.93067649e-09	3.1943152299999996e-32	5.48823764e-27	0.0
690.273355	0.00152307257	1043493.96	1808899670000.0	30.03382145218245	7.97076603417236e-09	0.000664289612	0.0457171548	0.377800392	0.024730733	0.0457728849	6.01074626e-14	1.22706598e-06	6.25905589e-16	5.18599163e-19	1.56709692e-18	2.0793837499999997e-18	8.913340310000001e-21	1.48821569e-20	6.8713178e-29	5.2340224e-27	4.58224589e-30	1.17129416e-27	0.027785215	0.405143193	2.4562016299999997e-22	1.517014e-13	2.0082683e-15	8.697019540000001e-25	4.22672254e-25	1.94802172e-29	0.00303498848	1.79128296e-27	3.2316644600000004e-23	2.76751345e-18	9.495075410000001e-25	7.271957780000001e-21	1.1373614600000002e-21	1.37066512e-16	1.19507867e-24	1.53802536e-22	1.46077061e-23	1.59282898e-46	6.01399398e-39	9.07432657e-52	2.08480889e-51	1.19938853e-24	1.57360654e-33	6.5310364499999995e-22	2.7226713e-27	5.633789609999999e-35	7.09945753e-35	2.69297611e-45	4.08256079e-36	3.12453979e-43	3.05682806e-28	8.919617249999999e-28	2.83899765e-20	2.98960258e-14	1.12431374e-14	2.09985917e-38	5.1264615e-41	5.20307191e-39	1.77533777e-43	2.51075384e-09	7.26452176e-14	8.76957066e-14	1.11505099e-26	6.07908159e-24	9.30328929e-29	1.51727071e-28	8.959580400000001e-29	0.0186484082	5.16425334e-10	0.0115526689	3.51995433e-07	9.04034082e-08	6.63198928e-14	1.0039434e-23	6.125340449999999e-17	0.0391481539	7.81963181e-29	6.04749828e-36	3.5874295e-16	8.27925663e-22	8.460546450000001e-37	7.836800650000001e-37	1.95618232e-09	3.52598559e-32	5.09731148e-27	0.0
688.917241	0.00266222715	1029180.76	1444157870000.0	30.23245960770107	1.405210918642549e-08	0.00031446785	0.0460215083	0.381214509	0.0234017816	0.0410741	1.69698591e-14	2.8748151e-07	2.32300597e-16	2.62246288e-19	1.5808208799999999e-18	6.23058282e-19	7.280787440000001e-21	7.991784470000001e-21	4.34649505e-29	4.02786371e-27	3.91789208e-30	1.06635894e-27	0.0278988026	0.407894992	1.74620959e-22	9.72873962e-14	2.18645492e-15	9.1957042e-25	4.27430426e-25	1.5561467e-29	0.0023707536	1.68777013e-27	2.5936433100000002e-23	2.3303875e-18	5.01087261e-25	3.1576813500000004e-21	9.68236213e-22	1.38460579e-16	9.73972435e-25	1.54830463e-22	1.5710245800000002e-23	1.2122143199999999e-46	8.24376328e-39	8.040555480000001e-52	2.33233107e-51	1.05496447e-24	1.78256042e-33	6.56109031e-22	5.5480862e-27	5.67282293e-35	7.14823255e-35	2.29364664e-45	4.11099875e-36	3.15073676e-43	2.63452232e-28	1.31896294e-27	2.3641056e-20	4.02106846e-14	1.04974465e-14	1.69070706e-38	5.1621103e-41	1.8788074599999998e-39	1.54286873e-43	2.84414142e-09	1.10483533e-13	9.75627014e-14	1.1396261200000001e-26	4.4414377699999994e-24	9.36518352e-29	1.36490828e-28	1.06817173e-28	0.0161194201	5.16895573e-10	0.0112014179	1.33109987e-07	6.23171195e-08	3.77780515e-14	9.11856097e-24	5.64472907e-17	0.0424877028	2.39102803e-28	6.13936691e-36	1.73549324e-16	1.19939428e-21	7.651879370000001e-37	7.882430650000001e-37	1.99781138e-09	3.64363111e-32	4.5803129900000004e-27	0.0
687.31345	0.00465339179	1015060.01	1152807970000.0	30.45537554762046	2.48009727759226e-08	0.000131384424	0.0463823535	0.384810434	0.0221380073	0.0354986681	3.00538576e-15	4.21745469e-08	5.56989454e-17	8.974844070000001e-20	1.59659937e-18	1.37666096e-19	5.2722375300000005e-21	3.2760959400000004e-21	2.82045499e-29	2.9103415000000002e-27	3.3256268e-30	9.46321881e-28	0.0280528317	0.410955194	1.19518326e-22	5.18511084e-14	3.69306425e-15	9.02421656e-25	4.33017821e-25	1.19224982e-29	0.00170730321	1.55977453e-27	1.78002624e-23	1.8573551e-18	2.76489654e-25	8.98598547e-22	7.69602347e-22	1.40008264e-16	8.3503455e-25	1.55974257e-22	1.7022163100000002e-23	9.05997762e-47	1.23190733e-38	7.14377152e-52	2.66388522e-51	9.41779735e-25	2.10787273e-33	6.54302442e-22	1.08717363e-26	5.71688478e-35	7.20052957e-35	1.95358108e-45	4.143756469999999e-36	3.18474016e-43	2.1748898899999998e-28	2.03357955e-27	1.80667217e-20	5.21233877e-14	9.76428688e-15	1.25589394e-38	5.20275587e-41	3.82550376e-40	1.29500635e-43	3.03430902e-09	1.80531222e-13	1.09095771e-13	1.1681258200000001e-26	3.13735399e-24	9.434927500000001e-29	1.17640661e-28	1.27899299e-28	0.0133268835	5.2850731e-10	0.0105216006	3.38655633e-08	3.86233489e-08	1.62793482e-14	7.92255591e-24	4.7482920899999994e-17	0.0464752084	7.628879759999999e-28	6.22510026e-36	5.549298419999999e-17	1.8756166300000003e-21	6.903892090000001e-37	7.932906600000001e-37	2.06913399e-09	3.20635611e-32	4.04244771e-27	0.0
685.851561	0.008133812	1001132.92	920116636000.0	30.69578182365232	4.3785738391125174e-08	5.72240087e-05	0.0467981695	0.38848155	0.0210153422	0.0291724008	3.06901486e-16	3.46209496e-09	8.058208629999999e-18	1.98997775e-20	1.6152598099999999e-18	2.2228660700000002e-20	3.27163048e-21	9.64463889e-22	2.2058336100000002e-29	1.97817968e-27	2.7707886100000002e-30	8.13542986e-28	0.0282371952	0.414236677	8.004675330000001e-23	2.2849981e-14	8.67011582e-15	7.82270257e-25	4.39831581e-25	8.70604003e-30	0.00112232388	1.41950083e-27	9.843510849999999e-24	1.3718987e-18	1.63630701e-25	1.50446369e-22	5.82103605e-22	1.41654879e-16	7.867564120000001e-25	1.57200418e-22	1.85135388e-23	7.0495915e-47	1.9679053e-38	6.602490710000001e-52	3.12070045e-51	8.985879120000001e-25	2.57573858e-33	6.44941474e-22	1.9924706600000002e-26	5.76486909e-35	7.25424486e-35	1.75934227e-45	4.1808414099999994e-36	3.23109624e-43	1.6938489499999999e-28	3.41971373e-27	1.2799154e-20	6.33086272e-14	9.294143590000001e-15	8.86076468e-39	5.247864740000001e-41	4.30702327e-41	1.04625416e-43	3.08044012e-09	3.10099138e-13	1.21472716e-13	1.19807373e-26	2.18890859e-24	9.51072351e-29	9.60155043e-29	1.51894393e-28	0.010407211	5.79695272e-10	0.00944855849	5.46316474e-09	2.1624037e-08	5.3626679200000004e-15	6.463667689999999e-24	3.5573465899999996e-17	0.0510233101	2.7809458900000002e-27	6.28923376e-36	1.0631163599999998e-17	3.16047221e-21	6.319881040000001e-37	7.98612779e-37	2.19475879e-09	2.2534112299999998e-32	3.59325782e-27	0.0
684.59327	0.0142173495	987392.692	734302238000.0	30.93907940356591	7.728289479367113e-08	3.40723316e-05	0.0472623463	0.392047109	0.0200416877	0.022510671	1.7030100499999997e-17	1.46813413e-10	6.76223048e-19	3.5610078800000006e-21	1.6379070999999999e-18	2.62873738e-21	1.7043035e-21	1.9158712e-22	2.10803778e-29	1.30266861e-27	2.23332448e-30	6.72265618e-28	0.0284350809	0.417546099	4.92961213e-23	8.31372827e-15	2.20568833e-14	5.78764868e-25	4.48704185e-25	5.9687654300000004e-30	0.000681859859	1.27199204e-27	4.20844349e-24	9.13998173e-19	1.06094723e-25	1.46051871e-23	4.33596895e-22	1.43294067e-16	8.34819044e-25	1.58434776e-22	2.00993383e-23	6.23414577e-47	3.28640416e-38	6.72456525e-52	3.78464761e-51	9.55632995e-25	3.22739748e-33	6.24833161e-22	3.3349147300000003e-26	5.81428848e-35	7.30569263e-35	1.69974957e-45	4.22215388e-36	3.29905269e-43	1.2169590699999999e-28	6.43479229e-27	8.632305770000001e-21	7.19008609e-14	9.307497850000001e-15	6.123398689999999e-39	5.29613851e-41	2.9608769499999996e-42	8.07974151e-44	3.00615488e-09	5.51146018e-13	1.33257466e-13	1.22677372e-26	1.5202174199999999e-24	9.5886057e-29	7.375414230000001e-29	1.7646353099999999e-28	0.00759433901	6.49535724e-10	0.0080126606	5.58250622e-10	1.09940848e-08	1.3919514600000002e-15	4.84324237e-24	2.4204267399999998e-17	0.0558340565	1.04940234e-26	6.306673989999999e-36	1.17772505e-18	5.47504362e-21	5.910673390000001e-37	8.03788104e-37	2.41820356e-09	1.43984978e-32	3.2674737100000005e-27	0.0
683.494314	0.0248509589	973825.016	585942138000.0	31.165557011865452	1.3629286415737263e-07	2.80186859e-05	0.0477686746	0.395278354	0.0191478769	0.0161579698	4.94778977e-19	3.07032528e-12	3.23521826e-20	1.38803543e-21	1.6663463399999998e-18	2.32957779e-22	7.47306943e-22	2.42340666e-23	2.19877206e-29	9.112813449999999e-28	1.71388691e-30	5.28665196e-28	0.0286255986	0.420620326	2.53978475e-23	2.44381294e-15	5.49313387e-14	3.52237438e-25	4.61660465e-25	3.71808597e-30	0.000409029886	1.11014179e-27	1.3860171399999999e-24	5.33328186e-19	7.85943513e-26	1.4831866499999999e-24	3.2597675999999998e-22	1.44786648e-16	9.88230508e-25	1.59576434e-22	2.16629407e-23	6.77905909e-47	5.61651924e-38	7.99296791e-52	4.8491400300000004e-51	1.1409889299999999e-24	4.14959255e-33	5.90596438e-22	5.02481497e-26	5.861844559999999e-35	7.349996789999999e-35	1.71876777e-45	4.26888449e-36	3.40906982e-43	7.81612589e-29	1.3276895e-26	5.63469375e-21	8.05591557e-14	1.00582131e-14	4.18529181e-39	5.34656078e-41	1.4614624200000001e-43	5.89108373e-44	2.83783967e-09	1.00613356e-12	1.42948903e-13	1.25218409e-26	1.0499770199999999e-24	9.663390590000001e-29	5.37542639e-29	1.9846093e-28	0.00513965327	7.04597972e-10	0.00639248084	3.80115424e-11	5.06230712e-09	2.89849428e-16	3.27722129e-24	1.7128047799999997e-17	0.060432007	3.6809975900000003e-26	6.24034015e-36	8.15707217e-20	9.163263370000001e-21	5.6407737e-37	8.082536e-37	2.81535051e-09	1.31499291e-32	3.04661565e-27	0.0
683.216157	0.0434377841	960396.401	467502017000.0	31.359065521980003	2.3980742545628654e-07	2.6582728e-05	0.0483239457	0.397996144	0.0182216862	0.0107114878	7.33522408e-21	3.0864721e-14	8.8480701e-22	1.3397846400000002e-21	1.7039317199999999e-18	1.6184564700000002e-23	2.82849367e-22	1.86640348e-24	2.39553223e-29	8.0417177e-28	1.23862603e-30	3.90149923e-28	0.0287920907	0.423243279	1.01123744e-23	5.53133827e-16	1.29369065e-13	1.6611703900000002e-25	4.8359550700000005e-25	2.00599678e-30	0.00027371359	9.2862287e-28	3.6353332500000003e-25	2.65253097e-19	6.80143764e-26	5.84006185e-25	2.4959226699999997e-22	1.4602482700000001e-16	1.2670510799999999e-24	1.60542241e-22	2.3130152400000002e-23	9.21401265e-47	9.68411487e-38	1.14465951e-51	6.83254779e-51	1.50617327e-24	5.49073171e-33	5.39167796e-22	6.77129734e-26	5.9051851e-35	7.38299058e-35	1.80530485e-45	4.3268806999999994e-36	3.60784349e-43	4.30999187e-29	2.88597704e-26	3.54716345e-21	9.93941247e-14	1.19810268e-14	2.81908103e-39	5.401064010000001e-41	1.54721018e-44	3.98253494e-44	2.61862981e-09	1.89627393e-12	1.51006104e-13	1.272379e-26	7.179771900000001e-25	9.731192360000001e-29	3.8081070500000004e-29	2.1562783099999997e-28	0.00319388663	7.34980931e-10	0.00483882929	1.85353136e-12	2.08250893e-09	4.9043293099999996e-17	2.02304414e-24	1.6399883e-17	0.0643783453	1.17393238e-25	6.040150099999999e-36	4.3868141300000005e-21	1.43009674e-20	5.474447160000001e-37	8.11526157e-37	3.52021036e-09	2.0377231799999999e-32	2.9059617700000002e-27	0.0
685.43431	0.0759262889	947039.762	374960478000.0	31.51393710590627	4.1987399490834654e-07	2.64202744e-05	0.048957649	0.400152777	0.0171380225	0.006469947	5.39473082e-23	1.4682078e-16	1.54449197e-23	1.6465131700000002e-21	1.7568732199999998e-18	9.45632886e-25	9.58523876e-23	8.729686040000001e-26	2.81335754e-29	1.01755057e-27	8.37744833e-31	2.6430427e-28	0.0289287581	0.425339083	2.90427442e-24	9.018676219999999e-17	2.84368203e-13	5.61313216e-26	5.26049724e-25	8.96804056e-31	0.000218595228	7.3757562799999995e-28	7.947488580000001e-26	1.0857629e-19	6.79365483e-26	3.60274064e-25	1.94943007e-22	1.46987058e-16	1.72611023e-24	1.61302121e-22	2.45250319e-23	1.51836391e-46	1.6794825000000001e-37	2.0122568900000002e-51	1.1259729500000002e-50	2.17802948e-24	7.49800926e-33	4.6852673e-22	8.08994642e-26	5.94449794e-35	7.40284506e-35	2.02597349e-45	4.4122706699999994e-36	4.0048093600000004e-43	1.94554441e-29	6.37549276e-26	2.1142751100000003e-21	1.43202843e-13	1.58449218e-14	1.85298226e-39	5.46832984e-41	1.52957647e-44	2.43041265e-44	2.39709724e-09	3.74978484e-12	1.62084819e-13	1.2831637300000001e-26	4.81960457e-25	9.789936e-29	2.6945974800000004e-29	2.27683445e-28	0.00178009669	7.44399704e-10	0.00351125089	6.98603024e-14	7.46569304e-10	6.959752979999999e-18	1.1977400599999999e-24	2.24293989e-17	0.067477391	3.39106671e-25	5.6423961899999994e-36	2.2292831299999998e-22	2.0144157600000002e-20	5.38251307e-37	8.133714990000001e-37	4.77641596e-09	4.18525748e-32	2.83359675e-27	0.0
692.051233	0.132713983	933654.485	300835520000.0	31.6328310651674	7.296363774526297e-07	2.65288282e-05	0.0497159238	0.401799064	0.0157810578	0.00345716319	2.67055664e-25	3.28567051e-19	1.17215145e-24	2.4471603900000003e-21	1.83632366e-18	5.1194520100000004e-26	3.06559253e-23	2.89983194e-27	3.69010289e-29	1.73495475e-27	5.24732963e-31	1.58889843e-28	0.0290392811	0.426942406	6.5525883e-25	1.1181391899999999e-17	5.83812096e-13	1.4350502e-26	6.17050626e-25	3.5475281000000003e-31	0.000195244276	5.52700668e-28	1.51454982e-26	3.42365111e-20	7.681434000000001e-26	2.1183087600000003e-25	1.5522436699999999e-22	1.47719438e-16	2.49718976e-24	1.6186803e-22	2.5943443400000002e-23	2.94519125e-46	2.9316159300000004e-37	4.4319050200000004e-51	2.3071859600000003e-50	3.43096776e-24	1.05883257e-32	3.79114362e-22	8.394714780000001e-26	5.98276733e-35	7.40979202e-35	2.57028367e-45	4.5604294499999995e-36	4.87251549e-43	6.86104005e-30	1.3781696300000002e-25	1.15741713e-21	2.24395935e-13	2.26837455e-14	1.17149408e-39	5.569278020000001e-41	2.62586989e-44	1.2902842e-44	2.178696e-09	7.94011396e-12	1.83310212e-13	1.27415043e-26	3.1360405200000004e-25	9.83162179e-29	1.9495476100000002e-29	2.3549576799999997e-28	0.000856769808	7.26403351e-10	0.00243459642	2.24051312e-15	2.25963429e-10	8.91055163e-19	7.462830840000001e-25	3.48830922e-17	0.0697519538	8.34667082e-25	4.97526519e-36	1.1013666300000001e-23	2.3991529500000002e-20	5.31977137e-37	8.13746355e-37	7.01352146e-09	1.06480268e-31	2.83957909e-27	0.0
704.08276	0.231975006	920125.87	241291045000.0	31.722836155813894	1.2571279208327082e-06	2.54645171e-05	0.0506550275	0.40303108	0.0140533445	0.00153329368	1.4575585000000001e-25	3.4277781e-22	2.15330645e-24	5.0173977900000006e-21	1.96498181e-18	2.76299092e-27	1.0083802e-23	1.06088679e-28	5.14994629e-29	3.46175313e-27	2.9697177600000003e-31	8.00549692e-29	0.0291347135	0.428144384	5.573142340000001e-25	5.04445442e-18	1.13154218e-12	1.27419807e-26	8.34751262e-25	2.8046668e-31	0.000171500685	3.6593934799999996e-28	2.61514793e-27	7.387869930000001e-21	9.603733620000001e-26	1.09998532e-25	1.25423131e-22	1.48296972e-16	3.87320548e-24	1.62273405e-22	2.75088785e-23	6.6142399899999994e-46	5.1096988200000004e-37	1.2285854200000002e-50	6.044167630000001e-50	5.75346128e-24	1.53951512e-32	2.74958392e-22	7.21762295e-26	6.027089479999999e-35	7.40551803e-35	4.02646487e-45	4.84613989e-36	7.00391828e-43	1.78820164e-30	2.77059996e-25	5.50323072e-22	3.35509529e-13	3.24102728e-14	6.93668413e-40	5.751653420000001e-41	6.59510221e-44	5.63023002e-45	1.8928871e-09	1.87257228e-11	2.17475614e-13	1.22682949e-26	1.9307598900000002e-25	9.818226680000001e-29	1.47782267e-29	2.40047087e-28	0.000340052429	6.60060542e-10	0.00157255221	7.005550729999999e-17	5.52588909e-11	1.22493813e-19	5.9922775300000005e-25	5.173072729999999e-17	0.0713385733	1.5114396599999999e-24	3.9751604599999995e-36	5.911146330000001e-25	2.17928365e-20	5.17185707e-37	8.12661816e-37	1.09334409e-08	3.64891783e-31	2.97774322e-27	0.0
721.202259	0.405476516	906350.64	193476835000.0	31.79089499782124	2.149816353947247e-06	2.11655308e-05	0.0518051207	0.403927019	0.0119417993	0.000506348109	6.47705044e-25	3.40699459e-25	1.0966312e-23	1.96344749e-20	2.19323004e-18	1.3639900899999999e-28	3.9828465499999996e-24	4.94986186e-30	6.41018715e-29	7.05878738e-27	1.60369669e-31	3.09372638e-29	0.0292316364	0.429028514	2.37940566e-24	1.2536405199999999e-17	2.10191941e-12	5.73387699e-26	1.43823341e-24	1.33421401e-30	0.000130032523	1.7422359699999999e-28	4.3244213799999995e-28	9.45731852e-22	1.30497098e-25	4.57283957e-26	1.02144898e-22	1.48789069e-16	6.35490784e-24	1.6254956899999999e-22	2.92494627e-23	1.6636652300000002e-45	8.716524500000001e-37	4.03233302e-50	1.9253439599999998e-49	9.79186503e-24	2.2797913799999998e-32	1.67379355e-22	4.7272616400000003e-26	6.09318456e-35	7.39288023e-35	9.12438574e-45	5.4249866899999993e-36	1.31951e-42	3.38170139e-31	4.8344468900000005e-25	2.06603999e-22	4.21481136e-13	3.96174404e-14	3.6866245299999995e-40	6.124690540000001e-41	3.64322979e-43	1.87360911e-45	1.45822149e-09	5.62002346e-11	2.53619603e-13	1.1171382800000001e-26	1.08151599e-25	9.62063631e-29	1.20363515e-29	2.42094094e-28	0.000109129667	5.50295572e-10	0.000917916632	2.61709639e-18	1.05564312e-11	5.49929497e-20	9.0643838e-25	6.92274224e-17	0.0723812993	1.78327471e-24	2.6545351199999996e-36	1.25936212e-25	1.41436457e-20	4.71073838e-37	8.1006764e-37	1.73241667e-08	2.04116458e-30	3.41921615e-27	0.0
742.332908	0.70874534	892250.044	155095255000.0	31.842481100676462	3.6566920072733667e-06	1.57150634e-05	0.0530931453	0.4045518	0.00961953237	0.000106715361	5.3628481299999994e-24	1.18218646e-24	1.10232359e-22	1.66162213e-19	2.64654477e-18	4.36030848e-30	2.23740335e-24	2.13108069e-31	6.23019084e-29	1.2522399900000001e-26	1.4572255100000002e-31	8.10260221e-30	0.0293491779	0.429654566	1.2920389800000001e-23	3.65878348e-17	3.79584029e-12	2.97577764e-25	3.49212193e-24	1.7134776e-29	8.18563786e-05	7.777357150000001e-29	6.95496768e-29	6.433083e-23	1.8483732600000002e-25	1.2982838000000002e-26	8.33404931e-23	1.49249508e-16	9.3717299e-24	1.627187e-22	3.0605686200000003e-23	3.90992107e-45	1.4291013999999999e-36	1.22860644e-49	5.7688606899999994e-49	1.62491984e-23	3.39797128e-32	7.675278720000001e-23	2.09969064e-26	6.21894124e-35	7.37537445e-35	4.22327095e-44	6.62458752e-36	3.57174507e-42	6.44231562e-32	7.543565780000001e-25	5.25097845e-23	4.30849662e-13	4.20315604e-14	1.6469326299999999e-40	6.94116847e-41	3.9452501299999994e-42	4.3811905999999994e-46	9.05635932e-10	2.73720065e-10	2.60855439e-13	8.98459931e-27	5.18606457e-26	8.908410340000001e-29	1.05185918e-29	2.42342912e-28	2.83924972e-05	4.23347376e-10	0.000477767283	1.6101537e-19	1.70520182e-12	1.73765586e-19	2.5371916e-24	8.37778493e-17	0.0730213041	1.3630737199999999e-24	1.2464743099999998e-36	3.0709598e-25	6.507827620000001e-21	3.7417064400000004e-37	8.05858715e-37	2.61607635e-08	1.80928105e-29	4.6844059700000004e-27	0.0
767.094588	1.2388386	877755.526	124294045000.0	31.88169071525296	6.192943733505418e-06	1.42819237e-05	0.0542779181	0.405031935	0.00742964826	1.33937435e-05	4.1375300500000004e-23	7.09320416e-24	1.08113372e-21	1.26451267e-18	3.67631471e-18	6.3246246e-32	1.7292938199999998e-24	5.17794613e-32	5.22042861e-29	1.61692043e-26	2.44815395e-31	1.2658204500000001e-30	0.0295031875	0.430065734	7.79165249e-23	1.1075661200000001e-16	6.73185736e-12	1.56764957e-24	1.2163155500000001e-23	1.9358875099999998e-28	4.58682574e-05	4.18176503e-28	1.20585104e-29	3.5630059499999995e-24	2.0289554200000002e-25	2.0380655e-27	6.81099421e-23	1.49720234e-16	7.12602586e-24	1.62793746e-22	2.87308203e-23	3.90846832e-45	2.2646211299999997e-36	1.3797603e-49	6.02838762e-49	2.6409200900000002e-23	5.07829236e-32	2.27026976e-23	7.218829140000001e-27	6.49550916e-35	7.35708309e-35	2.49896978e-43	9.17399356e-36	1.20560083e-41	2.03046654e-32	1.35546741e-24	7.311363229999999e-24	3.86361033e-13	6.39173485e-14	5.58682447e-41	8.802992280000001e-41	2.99573205e-41	6.55931949e-47	4.08677224e-10	1.49227795e-09	2.07992223e-13	5.26692586e-27	1.9394050800000002e-26	7.11264889e-29	9.51536136e-30	2.41410383e-28	5.62457834e-06	2.84849364e-10	0.000220933742	3.18751008e-20	3.29372572e-13	5.2322817699999995e-19	7.0836452e-24	8.701233109999999e-17	0.0733914366	6.51563217e-25	2.7902413500000002e-37	7.64642362e-25	1.9188023800000003e-21	2.49674254e-37	8.001301070000001e-37	3.57129311e-08	1.13380124e-28	7.99013564e-27	0.0
796.431512	2.16540551	862783.36	99584398700.0	31.911654045797064	1.0435904527032238e-05	1.57421413e-05	0.055103977	0.405543838	0.00562224916	2.52080631e-06	1.5096950599999999e-22	1.96952281e-23	5.14922252e-21	4.2014363899999994e-18	6.22960354e-18	3.5939948099999997e-34	1.5448650699999999e-24	6.59785353e-32	3.63974567e-29	1.3773076e-26	3.47217414e-31	1.5115646200000002e-31	0.029734993	0.430265809	4.19852949e-22	3.49090378e-16	1.17911342e-11	8.43541547e-24	4.75689584e-23	9.180745829999999e-28	2.36516916e-05	3.54163541e-27	3.3260001e-29	1.45847415e-24	2.44887042e-25	1.49037008e-28	5.6128131e-23	1.5024193e-16	1.98560276e-24	1.62779355e-22	2.0498053700000002e-23	1.59214845e-45	3.55301124e-36	3.1438126900000004e-50	9.338925500000001e-50	4.22315405e-23	7.65268787e-32	3.7187420199999996e-24	6.786118510000001e-27	7.17374945e-35	7.35703795e-35	3.91862561e-43	1.4892861e-35	1.75865953e-41	4.99171957e-32	2.7864479899999997e-24	4.55492934e-25	3.14628669e-13	1.38548671e-13	1.22777688e-41	1.3134953999999999e-40	9.10281552e-41	5.55333841e-48	1.42318073e-10	4.10211096e-09	1.33822945e-13	1.78172321e-27	4.93115671e-27	4.13606901e-29	8.71947392e-30	2.39453341e-28	8.49059659e-07	1.78971163e-10	0.000103781054	1.47012833e-20	8.8485512e-14	1.01873521e-18	1.4099582300000002e-23	8.246100749999999e-17	0.0735825404	2.36821941e-25	1.6766484e-38	7.26538656e-25	3.9560397e-22	1.45210485e-37	7.94668442e-37	4.4102104e-08	2.51099279e-28	1.2384310700000001e-26	0.0
831.891312	3.7849814	847223.611	79767326600.0	31.934769984971183	1.747635802609785e-05	1.80997022e-05	0.0554470932	0.406245436	0.0042015897	1.56661086e-06	3.6498087399999997e-22	3.57322211e-23	1.65712487e-20	9.26547134e-18	1.2763373699999999e-17	1.26551451e-35	1.50201835e-24	1.04148124e-31	2.67235258e-29	7.95522245e-27	3.4029933800000003e-31	6.833147109999999e-32	0.0301692853	0.430164676	2.1369254100000003e-21	1.1571253000000002e-15	2.0436086e-11	4.64829464e-23	1.74439433e-22	2.76836201e-27	1.16629559e-05	2.5144494900000003e-26	2.96043127e-28	2.4386099899999998e-24	6.15598851e-25	1.1150362500000001e-29	4.69326202e-23	1.5086248e-16	4.9434709e-25	1.6267111099999999e-22	1.2536524000000001e-23	1.20557592e-45	5.5828578999999996e-36	1.7878864800000001e-50	1.01038716e-50	6.63015394e-23	1.1685847100000001e-31	3.24460901e-25	1.47061705e-26	8.96545721e-35	7.46055101e-35	3.89574429e-43	2.9023754799999997e-35	1.6292779000000002e-41	2.6961835400000003e-31	5.68895072e-24	1.46220657e-26	2.41548651e-13	3.22766772e-13	1.4100885699999998e-42	2.3576217e-40	1.9582949e-40	2.6467009e-49	9.86903928e-11	7.31050583e-09	1.78838819e-13	2.93267291e-28	7.204885039999999e-28	1.41626423e-29	8.10810107e-30	2.36267108e-28	2.32540491e-07	1.41851833e-10	7.7340074e-05	1.43730972e-20	5.49349373e-14	1.60140098e-18	2.31212381e-23	9.574154319999999e-17	0.0736629591	1.23005171e-25	1.9071888099999998e-40	8.578712710000001e-25	1.85853655e-22	7.62430563e-38	8.00902459e-37	5.11513447e-08	7.340945189999999e-28	2.7421596200000003e-26	0.0
874.668521	6.61588976	830947.255	63878505700.0	31.9528172045172	2.9069924111109814e-05	2.13019848e-05	0.0551267818	0.407385846	0.00308209301	1.24923931e-06	9.4752671e-22	6.82911975e-23	5.868146320000001e-20	2.2678786199999998e-17	3.29522502e-17	2.2848389799999998e-35	1.6134000399999999e-24	1.9374035800000002e-31	3.0486734000000003e-29	4.05544744e-27	2.9046655200000002e-31	7.87131882e-32	0.0310716397	0.429522397	1.17766247e-20	4.0526788400000004e-15	3.49991453e-11	2.57168573e-22	7.56413688e-22	9.01297346e-27	6.43750681e-06	2.2682896900000003e-25	3.45286721e-27	4.8688344e-24	1.85609342e-24	9.46095628e-30	3.99718817e-23	1.51643845e-16	3.63521788e-25	1.62453294e-22	1.12019444e-23	3.31516379e-45	8.724184309999999e-36	7.5169966900000005e-50	8.90575298e-51	1.0209364499999999e-22	1.8093123500000002e-31	3.6937679800000004e-26	3.6499580600000003e-26	1.36207654e-34	8.00101776e-35	1.2732283199999998e-42	6.88509951e-35	4.5468807300000005e-41	1.78359448e-30	1.13737758e-23	3.78264533e-27	2.04904427e-13	7.77412666e-13	6.9391092e-44	5.33390029e-40	4.73458298e-40	3.5075616600000003e-50	2.71039874e-10	1.33111912e-08	9.78229472e-13	2.08007e-29	5.25581716e-29	2.36266213e-30	7.61273908e-30	2.31593774e-28	2.76461365e-07	2.0262063e-10	9.49170563e-05	1.7041970200000002e-20	1.59572466e-13	2.53103827e-18	3.88822903e-23	1.93587805e-16	0.0736869885	1.9062687e-25	3.5495624e-43	4.91925467e-24	6.9012664e-22	3.79500981e-38	8.678697590000001e-37	5.76080679e-08	9.19194164e-27	1.7805098700000002e-25	0.0
925.954099	11.5641248	813806.789	51142914800.0	31.967075016725175	4.801934052907641e-05	2.55562498e-05	0.0537384714	0.409424289	0.00219139331	1.03552641e-06	2.68791568e-21	1.38208003e-22	2.3525043699999998e-19	6.52566298e-17	1.07184407e-16	5.33619635e-35	1.98938547e-24	4.34986365e-31	4.6815314e-29	3.60143647e-27	4.10992308e-31	2.64278353e-31	0.0329028601	0.427896605	6.72161431e-20	1.48200229e-14	5.85358038e-11	1.33226595e-21	4.03952368e-21	3.4331002900000003e-26	4.62798599e-06	2.76365465e-24	5.222729820000001e-26	9.35810073e-24	5.55213371e-24	1.33434939e-29	3.49730301e-23	1.526711e-16	7.222230850000001e-25	1.62095198e-22	2.20413867e-23	2.38406801e-44	1.33495766e-35	8.56651014e-49	6.026721530000001e-50	1.535593e-22	2.8510979500000002e-31	4.4729390200000004e-26	9.750379250000001e-26	2.53524142e-34	1.03805699e-34	1.31619e-41	2.00259997e-34	3.64959806e-40	1.4584417300000002e-29	2.24549052e-23	3.86476385e-27	2.24154568e-13	1.93826706e-12	1.311203e-45	1.54227951e-39	1.4357167499999999e-39	4.0644415600000002e-50	1.09616109e-09	2.60204939e-08	8.20838429e-12	6.05725246e-31	1.79346473e-30	1.7099080300000001e-31	7.13959968e-30	2.25083806e-28	4.56337339e-07	5.26025152e-10	0.000133845309	2.60172819e-20	7.59949297e-13	4.7417139899999994e-18	7.80230703e-23	6.83786737e-16	0.073680767	9.133304040000001e-25	9.98669432e-47	4.5751515400000004e-23	6.62177517e-21	2.16307754e-38	1.05142882e-36	6.46755945e-08	1.9863520600000002e-25	1.91841072e-24	0.0
986.213303	20.2133028	795650.219	40937309000.0	31.978428930612115	7.883399378015147e-05	3.0512475e-05	0.0508089705	0.412871937	0.00147956804	8.41706426e-07	6.5954877100000004e-21	2.29675481e-22	8.60946475e-19	1.8681420300000001e-16	3.7852398100000003e-16	1.54715541e-34	3.0359504499999997e-24	1.22385291e-30	8.45828112e-29	5.57579119e-27	8.37551105e-31	1.74547058e-30	0.0361625011	0.424800503	3.3437405699999997e-19	5.36403053e-14	9.13346677e-11	5.509712530000001e-21	2.24916507e-20	1.32674865e-25	3.81245954e-06	3.85806866e-23	8.25140884e-25	1.58693112e-23	1.52362967e-23	2.01289e-29	3.23939641e-23	1.54064539e-16	2.37748624e-24	1.6154539299999999e-22	7.62959194e-23	2.62620809e-43	1.94655912e-35	1.42019388e-47	1.11524669e-48	2.2497914599999997e-22	4.67289175e-31	1.27511896e-25	2.7732328e-25	5.30965417e-34	2.1845588e-34	2.32596717e-40	7.24383343e-34	4.7237604e-39	1.26403358e-28	4.36337284e-23	4.32882571e-27	2.8068947e-13	4.87944185e-12	2.09858831e-47	5.1640103699999994e-39	5.38976159e-39	7.28179403e-50	4.73400331e-09	5.27480743e-08	7.66720626e-11	7.47090355e-33	2.88076056e-32	5.2009988599999996e-33	6.54726406e-30	2.1633128399999997e-28	7.4689407e-07	2.06971777e-09	0.000190011596	6.67137489e-20	4.76424212e-12	1.2300331599999999e-17	2.06689988e-22	3.5122255600000003e-15	0.0736504613	9.692968129999999e-24	6.7102234499999994e-49	4.05721751e-22	1.01057321e-19	3.10040404e-38	1.2672782499999998e-36	7.45418047e-08	4.70247947e-24	2.23335865e-23	0.0
1053.45373	35.3314769	776366.248	32761231700.0	31.987421587068926	0.0001290373812810257	3.40391286e-05	0.0465242614	0.417566429	0.000917188359	6.06826993e-07	8.771362610000001e-21	1.89817176e-22	1.8595180299999997e-18	3.68946723e-16	1.0328961800000002e-15	5.318344489999999e-34	6.32626527e-24	4.35339546e-30	1.7027415599999999e-28	1.0914721300000001e-26	1.24834828e-30	7.44755595e-30	0.0406801954	0.420412257	1.00178558e-18	1.7175713e-13	1.1924343e-10	1.46711636e-20	9.05471938e-20	3.6456427500000003e-25	2.94972877e-06	4.1140383399999997e-22	8.47555793e-24	2.1807874200000002e-23	3.54076936e-23	3.33030693e-29	3.48977835e-23	1.5599102400000001e-16	1.0302944e-23	1.60724888e-22	3.91832153e-22	3.47092038e-42	2.58089202e-35	2.6823747499999997e-46	3.8024641e-47	3.22653178e-22	8.578697240000001e-31	7.70699935e-25	7.93698529e-25	1.13241581e-33	9.29464269e-34	4.0649342599999996e-39	3.368881e-33	6.0913317e-38	8.182182479999999e-28	8.00177412e-23	6.02832099e-27	3.38068056e-13	1.13995905e-11	3.77661673e-47	1.57853841e-38	2.21083137e-38	1.8517896e-49	2.02189393e-08	1.12027105e-07	7.43110547e-10	4.48672025e-35	2.30979215e-34	7.10618644e-35	5.5700111e-30	2.05095437e-28	1.1442207e-06	1.0720056e-08	0.000260623206	4.52708439e-19	3.96947075e-11	5.0178213899999994e-17	7.50902857e-22	2.31587084e-14	0.0736000695	1.81991572e-22	1.25703425e-46	2.16530927e-21	2.1735387999999998e-18	1.7418330300000002e-37	1.38165861e-36	9.1667566e-08	8.2383899e-23	1.80669316e-22	0.0
1123.99888	61.757016	755913.886	26212656300.0	31.994315840505244	0.00021143809268624146	3.20227653e-05	0.0419692278	0.422434302	0.000492955896	3.25677564e-07	3.9488205400000006e-21	4.6007837300000004e-23	1.56589967e-18	3.61297262e-16	1.63286001e-15	1.70799491e-33	1.77484433e-23	1.6979261700000001e-29	3.0124595299999997e-28	2.0748676900000002e-26	9.11519021e-31	9.79722491e-30	0.0453789171	0.41581264	1.37393541e-18	4.40570088e-13	1.1344496e-10	2.2534894100000002e-20	2.02141395e-19	5.072716450000001e-25	1.74761521e-06	2.3075197300000002e-21	3.61967217e-23	2.36406035e-23	6.74057475e-23	7.33089564e-29	5.313617500000001e-23	1.58670058e-16	5.32728359e-23	1.59520496e-22	2.85790396e-21	5.201818040000001e-41	2.90170172e-35	5.59251354e-45	2.08170665e-45	4.55653516e-22	2.0030601100000002e-30	8.75303883e-24	1.91699556e-24	2.45968212e-33	6.01842204e-33	4.81225445e-38	2.03789497e-32	5.59130731e-37	2.94700856e-27	1.18313537e-22	1.7594460500000002e-26	3.36165507e-13	2.06299983e-11	2.7269582799999996e-46	4.04003056e-38	9.53865069e-38	7.077288619999999e-49	8.70830156e-08	2.70799189e-07	7.99953128e-09	3.77034527e-36	1.0832136199999999e-36	1.4705908599999998e-36	4.00777089e-30	1.91611666e-28	1.6247978e-06	7.28409247e-08	0.000341041753	1.0353856799999999e-17	4.4280292e-10	3.37191281e-16	3.75892814e-21	2.10159847e-13	0.0735346305	6.3429577800000005e-21	9.19440314e-44	4.82160869e-21	7.8220221e-17	1.0802400699999999e-36	1.2455209499999998e-36	1.24922087e-07	8.381224599999999e-22	7.64622767e-22	0.0
1193.30958	107.947059	734336.059	20968807800.0	31.999267376140985	0.000348167077802942	2.14558446e-05	0.0379647883	0.426660771	0.000201368623	9.48537498e-08	4.93797724e-22	2.35334686e-24	4.80706348e-19	1.88103909e-16	1.82981888e-15	2.86148003e-33	5.31591422e-23	4.7759725900000005e-29	3.3381253999999997e-28	3.36357056e-26	3.9618594300000004e-31	5.25859134e-30	0.0494423175	0.411820195	9.82175545e-19	9.11117997e-13	6.99198841e-11	2.00988053e-20	3.2069333999999998e-19	3.83336056e-25	5.84629983e-07	7.78129967e-21	6.46849457e-23	2.16858553e-23	1.07595591e-22	2.5996678e-28	1.32273011e-22	1.6235246e-16	2.55986429e-22	1.57780497e-22	2.6148862400000002e-20	8.12297081e-40	2.40422366e-35	1.165138e-43	1.19598293e-43	6.35409919e-22	5.34647089e-30	1.2768882499999999e-22	3.1261686999999998e-24	6.34833776e-33	3.56198054e-32	3.64938953e-37	1.39724014e-31	3.5357701099999995e-36	7.193172020000001e-27	9.720145680000001e-23	9.95935264e-26	2.19542943e-13	1.83702399e-11	9.24563271e-45	1.5738071700000002e-37	5.62196921e-37	4.621613019999999e-48	4.33176927e-07	7.6499592e-07	1.2497083e-07	5.75636225e-35	6.25632143e-38	2.43963728e-36	2.09202527e-30	1.77736775e-28	2.1652677e-06	8.20755598e-07	0.000425293579	4.59984958e-16	8.01383852e-09	3.5162072600000005e-15	2.4076220600000002e-20	4.49441287e-12	0.073458622	6.81284706e-19	7.538367819999999e-40	5.200037360000001e-21	9.45719191e-15	3.69855068e-36	8.06092013e-37	1.91439752e-07	6.63081529e-21	2.04773629e-21	0.0
1259.97665	188.684109	711701.259	16770766800.0	32.00263927598092	0.0005764326935071152	8.24462134e-06	0.0345755312	0.430174689	5.02942565e-05	9.6708875e-09	1.2213744800000001e-23	3.15149134e-26	4.3427587300000004e-20	5.1233802099999994e-17	1.77936887e-15	1.25863879e-33	1.31512171e-22	6.06092222e-29	1.70118607e-28	4.5523802600000005e-26	9.893208089999999e-32	1.4547000000000001e-30	0.0527390595	0.408571185	3.84389716e-19	1.62985278e-12	2.39365582e-11	9.669413450000001e-21	4.85745905e-19	1.54693123e-25	7.18790219e-08	1.94751746e-20	4.8978903e-23	2.1667421700000002e-23	1.30772919e-22	7.150206919999999e-28	4.27170417e-22	1.67215229e-16	5.35152318e-22	1.55310431e-22	1.76262285e-19	6.98097209e-39	1.18279643e-35	6.35422488e-43	1.2064867599999999e-42	7.75113146e-22	7.34996329e-30	1.2976629300000001e-21	6.659099529999999e-24	2.08013039e-32	1.7474499100000002e-31	1.00643206e-36	7.217353480000001e-31	8.524949559999999e-36	1.46503553e-26	3.13399617e-23	3.0592828400000003e-25	8.89835128e-14	3.24192448e-12	3.21113807e-42	1.36254462e-36	2.37655072e-36	3.69239911e-47	3.07583575e-06	1.3925242e-06	4.35258304e-06	2.94580021e-33	6.10554371e-36	4.99395064e-35	6.67224356e-31	1.7156625399999999e-28	2.71689336e-06	1.5866993e-05	0.000509193102	3.66880317e-14	2.93113473e-07	5.49980521e-14	1.37819619e-19	4.91039698e-10	0.0733436668	2.39262248e-16	7.322922e-35	9.36424734e-20	5.63951046e-12	5.6623959399999995e-36	3.2000527600000002e-37	3.56992668e-07	3.3070657900000004e-20	2.78970606e-21	0.0
1332.41668	329.806975	687928.68	13410675500.0	32.005076246178454	0.0009528589583263269	7.77422415e-06	0.0313572281	0.433416088	3.10112605e-05	6.00405017e-09	7.09737995e-24	3.3697558200000003e-25	1.97445767e-20	2.9328513099999996e-17	1.4749680300000001e-15	2.41380395e-33	2.37493089e-22	1.3660403299999999e-28	1.45785376e-28	4.8793661600000004e-26	4.956743609999999e-32	6.33811206e-31	0.0556377646	0.405705324	3.42442443e-19	2.68105083e-12	1.88018225e-11	1.04269901e-20	7.42378708e-19	1.31051971e-25	4.3886743e-08	4.0381161e-20	7.37482123e-23	3.6157911000000003e-23	1.33676187e-22	1.8553355e-27	8.903408569999999e-22	1.73895131e-16	7.70751509e-22	1.51851362e-22	3.42006633e-19	1.39643042e-38	1.41847671e-35	6.13814913e-43	1.5314016899999997e-42	8.34953269e-22	9.571066500000001e-30	3.7432967700000006e-21	1.23406162e-23	2.4283769099999998e-32	1.27464431e-30	1.53547723e-36	1.71990315e-30	9.51243586e-36	2.5076046300000002e-26	1.9213205000000001e-23	6.979657530000001e-25	1.7605005e-13	1.84852529e-12	8.94289314e-40	4.1109710499999995e-36	4.38333181e-36	1.06312093e-46	8.37014225e-06	8.5627543e-07	2.3345109e-05	8.36719795e-32	6.996513479999999e-34	1.82612684e-33	7.461280050000001e-31	2.36273115e-28	3.2704119e-06	5.69212377e-05	0.000600038068	4.72677188e-13	1.77473575e-06	1.02287849e-12	3.34313416e-19	6.81317868e-09	0.0731492135	2.9477498200000003e-15	9.27491271e-33	3.91601869e-18	1.41346072e-10	2.9443812e-35	4.5498344e-37	9.63547364e-07	2.83054103e-20	3.22118606e-21	0.0
1422.8476	576.480135	662726.304	10721820500.0	32.0065695396019	0.0015597502706297239	1.31774908e-05	0.0280595128	0.436705081	3.28254972e-05	1.16139052e-08	3.07326099e-23	8.84531889e-24	2.3218757000000002e-20	2.4499474199999996e-17	1.0284796300000002e-15	1.3488580099999998e-32	3.80781045e-22	5.0584196299999995e-28	1.72247583e-28	4.16743277e-26	3.10661914e-32	2.3742759400000002e-31	0.0586492523	0.40271195	4.73624898e-19	4.30469391e-12	2.40879968e-11	1.78344039e-20	1.04661846e-18	1.58980268e-25	8.80399044e-08	7.7417165e-20	1.8020974399999999e-22	7.14255075e-23	1.31966867e-22	4.92071308e-27	1.2434689300000001e-21	1.8354169900000002e-16	1.0027542900000001e-21	1.47068977e-22	3.43857548e-19	1.38194728e-38	2.92552821e-35	3.67356897e-43	9.86700946e-43	8.77934947e-22	1.24800062e-29	5.850641680000001e-21	3.1130475e-23	1.5404134199999998e-32	3.64876204e-29	1.8217769599999997e-36	2.7228838900000002e-30	5.0485303399999995e-36	3.65908468e-26	1.8656606900000002e-23	1.53609426e-24	8.14466228e-13	2.80082048e-12	0.0	5.58784755e-35	6.0150793e-35	1.44497822e-46	1.41804269e-05	4.70636409e-07	4.63556892e-05	6.51621883e-30	1.2288070400000001e-31	1.0337317600000001e-31	5.51929635e-30	1.2255526200000001e-27	4.04714829e-06	7.5815764e-05	0.000716949125	2.54200785e-12	4.10741608e-06	5.56375256e-12	4.73058422e-19	2.34352012e-08	0.07296415	4.70926171e-15	1.85551944e-32	5.82670827e-17	5.2854922e-10	1.29849728e-33	4.4202175e-36	2.00070552e-06	1.2824058400000001e-20	4.4801351400000004e-21	0.0
1534.085	1007.64802	635762.671	8570616140.0	32.00581100482835	0.0025285890247589474	3.13780618e-05	0.0248788635	0.43984892	4.73133531e-05	4.324706e-08	2.77179448e-22	2.9224224599999997e-22	4.6818565000000005e-20	2.4867316899999998e-17	6.37442187e-16	1.77438997e-31	7.1982919e-22	3.16705858e-27	2.8271174299999998e-28	3.81383088e-26	3.3944361199999997e-32	0.0	0.061719752	0.399627712	8.34872242e-19	6.84091636e-12	4.06946624e-11	3.96364596e-20	1.39151914e-18	2.31767007e-25	3.55304008e-07	1.41035391e-19	5.8622137e-22	1.53125465e-22	1.35979213e-22	1.0247169200000001e-26	9.80076484e-22	1.97572194e-16	9.74283685e-22	1.4077273499999999e-22	1.87150691e-19	9.137509439999999e-39	8.17875679e-35	1.77414715e-43	2.98440747e-43	9.7068865e-22	1.17776965e-29	5.108846040000001e-21	1.10777239e-22	8.70773355e-33	3.45120723e-27	1.79362205e-36	2.4620310600000002e-30	1.3235579799999999e-36	4.79385568e-26	2.39362817e-23	2.6229761099999997e-24	7.44967733e-12	7.61838334e-12	0.0	1.60830692e-33	2.24187688e-33	2.62227863e-48	1.83125143e-05	3.10034045e-07	5.23824687e-05	0.0	0.0	0.0	0.0	0.0	5.06770941e-06	5.57753622e-05	0.000865107894	8.2962439e-12	5.47217627e-06	1.0345037e-11	4.08576208e-19	3.53435923e-08	0.0728406996	2.1995513e-15	3.06425056e-33	4.42611002e-16	6.40237817e-10	3.6700496e-31	0.0	2.49896616e-06	4.43843818e-21	5.447312850000001e-21	0.0
1659.90291	1761.30013	606825.585	7345590000.0	32.00077877795916	0.0040841455238481705	0.000121917605	0.0221395735	0.442468564	0.000113337612	4.35458092e-07	4.2909102500000005e-21	8.66931502e-21	2.3866184199999997e-19	4.05545149e-17	3.86561868e-16	6.01758455e-30	1.3327212700000002e-21	3.13530493e-26	1.03703084e-27	3.1018322400000003e-26	0.0	4.16336522e-31	0.0645647533	0.396711208	2.49528395e-18	1.08605695e-11	1.14637944e-10	1.4865433e-19	1.90255645e-18	5.4813759100000005e-25	3.93554579e-06	2.42226727e-19	2.8365274600000003e-21	3.34782777e-22	1.74039604e-22	1.39610618e-26	3.09611469e-22	2.17560479e-16	6.4021904e-22	1.34010209e-22	4.18518454e-20	1.25447178e-38	3.7531685299999996e-34	1.03902178e-42	3.11272662e-41	1.3419290100000001e-21	7.45158176e-30	1.80483521e-21	4.31235987e-22	1.57321344e-32	0.0	1.09715722e-36	8.93969458e-31	3.11298003e-37	6.09873788e-26	5.32574376e-23	2.97516467e-24	1.21307111e-10	5.69360861e-11	0.0	0.0	0.0	4.51708616e-47	1.3964279e-05	3.45099766e-07	2.09622375e-05	1.05950035e-27	1.70694108e-29	1.08231996e-26	0.0	0.0	6.29326677e-06	1.4674757e-05	0.0010368429	9.24247105e-12	2.57090914e-06	2.38632339e-12	1.3445623e-19	1.11954988e-08	0.0727795085	1.3464002700000001e-16	9.1152714e-36	6.94388123e-16	9.77027863e-11	3.4376866800000003e-31	1.0414988e-34	1.10166095e-06	1.5153963300000002e-21	4.04984376e-21	0.0
1790.95503	3078.63271	575873.304	7345590000.0	31.991176242383727	0.006614444648843547	0.000442458015	0.0199110614	0.444333154	0.000267480654	4.00733114e-06	5.65990291e-20	1.77460964e-19	1.28298321e-18	7.40305452e-17	2.71437693e-16	1.73294828e-28	2.4658293900000002e-21	2.79863487e-25	2.7478705500000002e-27	0.0	5.31825147e-31	1.5287837000000002e-31	0.0668355055	0.394301399	8.01316258e-18	1.73150445e-11	3.29050912e-10	5.8682509e-19	2.8238720499999997e-18	1.4839949799999999e-24	3.9603646e-05	4.28671243e-19	1.34676829e-20	6.92136472e-22	2.35787622e-22	1.8248227900000002e-26	1.01475592e-22	2.43198968e-16	4.36782734e-22	1.33587229e-22	1.0095856e-20	1.16521907e-36	1.74625622e-33	1.2123273e-36	3.21326297e-35	1.9621780200000003e-21	5.1826335e-30	6.54329457e-22	1.5085656900000002e-21	8.66839969e-32	0.0	7.36535024e-37	3.45880196e-31	1.03653088e-37	8.77743739e-26	1.28421042e-22	3.30632493e-24	1.60725533e-09	4.25405837e-10	3.25913108e-27	0.0	0.0	8.62356106e-48	1.00582466e-05	4.30884484e-07	7.8599316e-06	0.0	0.0	0.0	0.0	0.0	7.58669289e-06	3.7629255e-06	0.00121299371	8.58558208e-12	1.11228806e-06	4.63797915e-13	4.35425769e-20	3.13724995e-09	0.072621072	8.44484817e-18	0.0	8.16154137e-16	1.31204519e-11	0.0	0.0	4.48189605e-07	6.68645628e-22	3.1534836700000003e-21	0.0
1916.4521	5381.24035	543042.488	7345590000.0	31.967193624179796	0.010796398655848076	0.00122939272	0.0183235316	0.445053389	0.000524628001	2.30588107e-05	5.1247222e-19	2.19086566e-18	5.8128276899999994e-18	1.43560304e-16	2.50768969e-16	3.17271341e-27	5.0978211000000006e-21	2.0375561699999998e-24	8.750802160000001e-27	1.50138112e-25	2.26213235e-30	3.3560563300000003e-31	0.0688927046	0.391897223	2.4701846299999998e-17	2.82989481e-11	8.35122773e-10	2.15597136e-18	4.81688752e-18	4.42605699e-24	0.000243808635	8.48651277e-19	5.763888440000001e-20	1.2926908600000002e-21	3.25874931e-22	2.56584862e-26	4.76547661e-23	2.70701636e-16	3.5794127e-22	1.5932325e-22	3.658724580000001e-21	0.0	0.0	0.0	0.0	2.8820413600000002e-21	4.79679897e-30	3.32033675e-22	4.3083907700000004e-21	4.808903690000001e-31	0.0	7.31831519e-37	2.06330666e-31	6.09323816e-38	1.62246253e-25	2.84774272e-22	4.0592626599999995e-24	1.30168935e-08	2.26237969e-09	3.76841438e-34	8.530256519999999e-28	1.03319819e-26	8.2664847e-48	8.09588713e-06	5.49051137e-07	3.85675337e-06	0.0	0.0	0.0	0.0	0.0	8.95296802e-06	1.35350011e-06	0.00138717685	8.95870184e-12	6.1413203e-07	1.46009556e-13	1.92147144e-20	1.27194584e-09	0.0724014122	1.1575614e-18	0.0	1.08414278e-15	3.03650926e-12	3.06718137e-31	0.0	2.34942837e-07	4.65403524e-22	3.3326751500000005e-21	0.0
2028.91438	9406.04172	508580.648	7345590000.0	31.918016797961606	0.017797912169760555	0.00257902742	0.0174071394	0.444417562	0.000851182431	8.07409947e-05	3.22056308e-18	1.6467018599999997e-17	2.2551723499999997e-17	3.03995482e-16	3.16529984e-16	3.76677922e-26	1.23142028e-20	1.2479275e-23	3.42911869e-26	1.5552506000000002e-25	2.63835298e-30	4.018171030000001e-31	0.0713468637	0.38873315	7.42352161e-17	4.8211446e-11	1.88581147e-09	7.467700269999999e-18	9.692701379999999e-18	1.5043742e-23	0.000885140217	1.9481876999999998e-18	2.27920979e-19	2.1866421100000003e-21	4.63369652e-22	3.9938977100000004e-26	3.3189881400000004e-23	2.9872086e-16	3.5930490599999998e-22	1.76373095e-22	2.0563379100000002e-21	6.26568637e-30	5.05537995e-32	3.0320012600000002e-30	1.35239056e-28	4.2415417e-21	6.1056703e-30	2.4302968999999997e-22	9.865638450000002e-21	1.78240458e-30	0.0	1.1309464599999999e-36	1.9875916000000003e-31	6.6532344e-38	4.03051159e-25	5.70927477e-22	5.60139031e-24	6.26636125e-08	8.34608219e-09	1.40828583e-41	0.0	0.0	2.38697284e-47	7.50403026e-06	7.20958163e-07	2.58063175e-06	0.0	0.0	0.0	0.0	0.0	1.05347514e-05	7.20176043e-07	0.00156527799	1.10270446e-11	4.50398516e-07	8.08105975e-14	1.20046878e-20	7.94062684e-10	0.072111165	3.85888672e-19	4.25243166e-33	1.7238707900000002e-15	1.31879389e-12	0.0	2.0016948399999999e-35	1.65554892e-07	5.43100438e-22	5.0668048200000004e-21	0.0
2127.97073	16441.1205	472730.219	7345590000.0	31.842300498882487	0.029591036571452976	0.00432650345	0.0170455885	0.442634323	0.00119245569	0.000190262427	1.5404675499999998e-17	8.48311722e-17	7.86913249e-17	7.02425134e-16	5.20750917e-16	3.25295513e-25	3.4496959e-20	6.83235213e-23	1.6177212100000002e-25	3.26071832e-25	2.58644521e-30	3.2996215800000004e-31	0.0745403948	0.384447755	2.21418577e-16	8.57051903e-11	3.91419491e-09	2.49853036e-17	2.2534837699999998e-17	5.790717140000001e-23	0.00209820356	5.12583048e-18	8.621928079999999e-19	3.42075402e-21	6.75326846e-22	6.81434525e-26	3.20283909e-23	3.2540927500000003e-16	4.25120393e-22	1.52400797e-22	1.64371075e-21	1.41566818e-29	1.4815341900000002e-31	8.731165740000001e-30	3.68850599e-28	6.226610480000001e-21	1.01727839e-29	2.38848627e-22	1.87700082e-20	3.93601812e-30	0.0	2.5230660999999997e-36	2.84232995e-31	1.20689837e-37	1.2944026699999999e-24	1.04674204e-21	8.50976276e-24	1.98831671e-07	2.2949108e-08	6.696817809999999e-42	0.0	0.0	4.3547836e-47	7.8845072e-06	9.76928738e-07	2.24122624e-06	0.0	0.0	0.0	0.0	0.0	1.25100869e-05	5.33376185e-07	0.0017578249	1.58164301e-11	4.19640821e-07	7.20878401e-14	9.96876345e-21	7.14279087e-10	0.0717417441	2.70603058e-19	4.20433423e-34	3.2413154200000004e-15	9.7278876e-13	4.22592424e-32	1.10149475e-34	1.49780559e-07	9.81302783e-22	1.0555627400000001e-20	0.0
2217.68876	28737.9591	435665.824	7345590000.0	31.74817839753417	0.049483922591944375	0.00626408432	0.0170367869	0.440144153	0.00151698593	0.000345308604	6.16353604e-17	3.41128207e-16	2.56392151e-16	1.7214086600000001e-15	1.0214613800000002e-15	2.2817986599999997e-24	1.06720146e-19	3.47989673e-22	7.92427284e-25	1.1937301e-24	1.3559836e-29	1.17562869e-30	0.0783443667	0.379287352	6.57724577e-16	1.56780453e-10	7.68933281e-09	8.176825489999999e-17	5.76762831e-17	2.42227553e-22	0.0037535498	1.47703826e-17	3.17104855e-18	5.04594748e-21	9.93324235e-22	1.23400661e-25	3.84874578e-23	3.48736285e-16	5.5667425399999995e-22	1.9158619299999999e-22	1.6457450900000002e-21	0.0	7.13002448e-32	0.0	0.0	9.056199310000001e-21	2.03349624e-29	2.8315623199999997e-22	3.1349037200000004e-20	1.05872542e-29	0.0	7.14164668e-36	5.298775520000001e-31	3.0401411100000003e-37	4.92992909e-24	1.79458012e-21	1.36856667e-23	4.79238231e-07	5.19795124e-08	2.5701753300000003e-41	1.89202733e-28	5.1323910400000004e-27	2.1644560599999998e-46	9.00770398e-06	1.35226686e-06	2.31420183e-06	1.4946977100000001e-27	1.15542338e-28	3.97188599e-31	5.54793735e-31	2.2099130800000002e-29	1.49592081e-05	4.9195856e-07	0.00196869193	2.5131876e-11	4.58135217e-07	8.82570001e-14	9.919061170000001e-21	8.18810458e-10	0.0713094304	3.10624458e-19	6.383318419999999e-34	6.81908487e-15	1.01963983e-12	0.0	0.0	1.59941815e-07	2.36977063e-21	2.7115046e-20	0.0
2300.32486	50231.9957	397535.138	7345590000.0	31.64954360868093	0.08312826026819795	0.00818926214	0.0171883738	0.4374568	0.00179628126	0.000522957981	2.1414733700000001e-16	1.1366876000000002e-15	7.82745475e-16	4.31846603e-15	2.2240592600000002e-15	1.35005129e-23	3.45044559e-19	1.6428104500000002e-21	3.83533159e-24	4.77339736e-24	8.92170884e-29	7.06060698e-30	0.0822981802	0.373912782	1.92328824e-15	2.89766709e-10	1.44140343e-08	2.60014457e-16	1.55691646e-16	1.05013681e-21	0.00555524226	4.4478946599999997e-17	1.12227633e-17	7.042967730000001e-21	1.4476225200000002e-21	2.25818449e-25	5.1818936200000004e-23	3.66709819e-16	7.69470007e-22	4.36963633e-23	1.8954660700000003e-21	0.0	0.0	0.0	0.0	1.2954471000000001e-20	4.42307348e-29	3.75689547e-22	4.76306866e-20	4.58059694e-30	0.0	2.30756246e-35	1.13818357e-30	9.33011872e-37	2.0660981600000002e-23	2.9204369500000003e-21	2.24849813e-23	9.57578472e-07	1.03149126e-07	6.10079459e-36	7.62803765e-29	2.24819118e-27	1.15620079e-45	1.07734306e-05	1.88499878e-06	2.65963181e-06	0.0	0.0	0.0	0.0	0.0	1.77716508e-05	5.18870564e-07	0.00218839443	4.20273526e-11	5.51126779e-07	1.31029896e-13	1.0959617900000001e-20	1.08828622e-09	0.0708562859	4.84549712e-19	0.0	1.5165951e-14	1.3277972e-12	0.0	0.0	1.89056389e-07	6.81502695e-21	7.85037045e-20	0.0
2375.25333	87802.1083	358515.172	7345590000.0	31.565297207664017	0.1403443299312234	0.00984247079	0.0173197139	0.435178989	0.00198658195	0.00068223352	6.41340515e-16	3.1474698900000003e-15	2.19266133e-15	1.06967863e-14	5.10917383e-15	6.6165748e-23	1.1058072299999999e-18	6.947225350000001e-21	1.8046195e-23	1.98029814e-23	5.45730852e-28	4.1034684800000004e-29	0.0857146585	0.36928353	5.4226992000000005e-15	5.308918e-10	2.55912607e-08	7.8783270600000005e-16	4.28550151e-16	4.50556592e-21	0.00710550369	1.34199935e-16	3.7178035899999996e-17	9.222611650000001e-21	2.05186087e-21	4.0518388e-25	7.48936045e-23	3.77668619e-16	1.08877924e-21	0.0	2.3993959600000002e-21	3.15595925e-31	0.0	2.8516188400000003e-31	1.21721448e-29	1.80941374e-20	1.0015711999999999e-28	5.35698352e-22	6.700760670000001e-20	0.0	0.0	7.96021282e-35	2.66345238e-30	3.2165453399999994e-36	8.991859940000001e-23	4.54668609e-21	3.68107208e-23	1.64865835e-06	1.84313341e-07	3.56081568e-27	5.1953442799999995e-36	1.56163354e-34	6.91331017e-45	1.30812353e-05	2.605571e-06	3.25987249e-06	0.0	9.91441483e-31	2.5240533999999997e-32	0.0	0.0	2.05611567e-05	5.91138731e-07	0.00239284725	7.06760922e-11	7.01716197e-07	2.17138849e-13	1.2820521700000001e-20	1.57411383e-09	0.0704505466	9.12393015e-19	4.5618934e-35	3.38916956e-14	1.968859e-12	0.0	0.0	2.37122077e-07	2.15586424e-20	2.39276522e-19	0.0
2442.17351	153472.107	318801.087	7345590000.0	31.508816679374156	0.23816339506492604	0.0110397455	0.0173115534	0.43372905	0.00206197218	0.000787234911	1.6573174000000002e-15	7.30848025e-15	5.57885457e-15	2.55707165e-14	1.19578075e-14	2.67465135e-22	3.3960505199999997e-18	2.5855315e-20	7.978368610000001e-23	8.22644162e-23	3.2918478900000004e-27	2.46152309e-28	0.0881032321	0.366082772	1.45690842e-14	9.52891854e-10	4.292576e-08	2.25053553e-15	1.1761496e-15	1.85796253e-20	0.00812757583	3.94843393e-16	1.13560249e-16	1.1289050900000001e-20	2.7961766400000002e-21	6.957769010000001e-25	1.1176987e-22	3.80632989e-16	1.54363184e-21	1.48356338e-23	3.2273689300000004e-21	5.0727570600000004e-30	1.9209346700000002e-31	4.82206201e-30	2.15704206e-28	2.45726894e-20	2.2718418e-28	7.96700949e-22	8.85231543e-20	4.2922803e-30	0.0	2.7941888199999997e-34	6.47291692e-30	1.17584011e-35	3.9095352e-22	6.81563569e-21	5.90295674e-23	2.52284081e-06	3.03159808e-07	9.36000154e-28	1.83569873e-35	5.4424897899999995e-34	4.28534033e-44	1.57965359e-05	3.53714924e-06	4.13428072e-06	2.43215916e-29	1.4046038200000002e-29	2.3040007000000003e-31	0.0	0.0	2.28904854e-05	6.98911584e-07	0.00256040322	1.16027962e-10	9.19383866e-07	3.79014024e-13	1.53512783e-20	2.36996049e-09	0.0701452652	1.90597767e-18	0.0	7.36264648e-14	3.12522365e-12	0.0	0.0	3.06330691e-07	7.09948993e-20	7.33119393e-19	0.0
2501.22854	268258.793	278588.308	7345590000.0	31.485157191148847	0.4061593322572446	0.0116995969	0.0171187642	0.433265919	0.00202276482	0.000821163733	3.7382845500000004e-15	1.44822315e-14	1.29237746e-14	5.85146762e-14	2.80035931e-14	9.0295081e-22	9.86741724e-18	8.47874036e-20	3.27335841e-22	3.334968e-22	1.8887282e-26	1.47008551e-27	0.0892768826	0.364570122	3.72285135e-14	1.66894595e-09	6.82412737e-08	6.057571810000001e-15	3.1852918300000002e-15	7.284711820000001e-20	0.00852144624	1.1206492400000001e-15	3.19534891e-16	1.29470291e-20	3.65072861e-21	1.13426381e-24	1.68614716e-22	3.7553202e-16	2.1682084200000003e-21	5.19757326e-27	4.514386520000001e-21	0.0	0.0	0.0	0.0	3.24165168e-20	5.065474069999999e-28	1.2136540100000002e-21	1.10980842e-19	2.79509164e-33	1.5370562500000002e-26	9.73431075e-34	1.59184677e-29	4.4110661299999997e-35	1.6675357900000001e-21	9.88671706e-21	9.204871580000001e-23	3.51321833e-06	4.667397e-07	0.0	6.69536995e-35	1.87803678e-33	2.64563902e-43	1.87942071e-05	4.70089968e-06	5.33416451e-06	8.84713973e-28	1.84880423e-28	2.4507183900000002e-30	2.39412017e-31	4.09185645e-30	2.44516713e-05	8.39038559e-07	0.00267892556	1.83695429e-10	1.22058926e-06	6.75294705e-13	1.84660676e-20	3.62552603e-09	0.0699645682	4.2106861199999996e-18	0.0	1.53398288e-13	5.13079367e-12	1.30580563e-31	7.907257459999999e-34	4.01030756e-07	2.36384063e-19	2.20809743e-18	0.0
2551.01069	468898.104	238094.256	7345590000.0	31.49810525651932	0.6963708894367069	0.0117291581	0.0167203936	0.433909353	0.00187382225	0.000775848536	7.332424850000001e-15	2.44192522e-14	2.71338008e-14	1.27467215e-13	6.51659642e-14	2.5308073800000004e-21	2.6908209999999998e-17	2.43283401e-19	1.2354121600000001e-21	1.3063326800000001e-21	1.02725446e-25	8.64438374e-27	0.0890900632	0.364945427	9.01522933e-14	2.84410082e-09	1.02626385e-07	1.53033598e-14	8.472582000000001e-15	2.69645359e-19	0.0082216376	3.0495292900000002e-15	8.24021378e-16	1.39185424e-20	4.56513813e-21	1.7527407699999997e-24	2.5642352e-22	3.63560794e-16	3.01355091e-21	3.39556387e-23	6.55248333e-21	0.0	7.217942680000001e-31	0.0	0.0	4.1592233800000003e-20	1.10628348e-27	1.89076739e-21	1.32600031e-19	2.10553742e-29	3.52897391e-27	3.34495689e-33	3.9428760700000003e-29	1.6858695699999998e-34	6.92203973e-21	1.39243079e-20	1.39493446e-22	4.46591747e-06	6.74088713e-07	0.0	2.4659086199999997e-34	6.31168777e-33	1.6118780399999997e-42	2.19375142e-05	6.10188876e-06	6.96532965e-06	6.35643374e-27	1.25228396e-27	2.06895527e-29	2.26594845e-30	2.98136618e-29	2.49745533e-05	1.01558123e-06	0.00273647589	2.78667306e-10	1.63416503e-06	1.21570389e-12	2.22476499e-20	5.59130607e-09	0.0699293535	9.69947537e-18	0.0	3.04300766e-13	8.62165116e-12	3.5168243000000004e-30	3.66844514e-33	5.29352519e-07	7.87750133e-19	6.47732463e-18	0.0
2589.50538	819601.958	197559.481	7345590000.0	31.547187143349216	1.2009828107068368	0.0110814478	0.0161323008	0.435650345	0.00163421396	0.000659440856	1.2430606e-14	3.47672762e-14	5.14668314e-14	2.64328846e-13	1.51048341e-13	5.84602573e-21	6.88911632e-17	6.0831053e-19	4.28762837e-21	4.958173410000001e-21	5.296733340000001e-25	5.02644548e-26	0.0875471291	0.367197244	2.06637324e-13	4.71509539e-09	1.45702113e-07	3.62124061e-14	2.21573537e-14	9.42209876e-19	0.00724954833	7.96127022e-15	1.9430325900000003e-15	1.41789197e-20	5.53669927e-21	2.59909698e-24	3.99613796e-22	3.49769309e-16	4.2064569200000006e-21	8.86879885e-22	1.0047660300000001e-20	4.3331829800000005e-31	2.98056232e-29	3.9820382100000005e-31	2.3164133400000002e-29	5.2536165400000004e-20	2.40263645e-27	3.06395325e-21	1.52477295e-19	7.333634189999999e-28	1.11611123e-26	1.15285669e-32	1.00055815e-28	6.69075133e-34	2.80226976e-20	1.92550767e-20	2.0823246e-22	5.14598932e-06	9.08700815e-07	0.0	9.34190215e-34	2.09950833e-32	9.87167815e-42	2.51536905e-05	7.73571815e-06	9.23644149e-06	5.2828237600000005e-27	1.9951949400000002e-27	7.07264803e-29	0.0	0.0	2.43729593e-05	1.24481764e-06	0.0027276871	4.05595166e-10	2.21319742e-06	2.2250487e-12	2.7299963e-20	8.73418563e-09	0.0700437086	2.3534619399999998e-17	0.0	5.75517704e-13	1.49368771e-11	0.0	1.77689707e-35	7.06939812e-07	2.64089844e-18	1.8563152899999998e-17	0.0
2616.37912	1432608.42	157205.464	7345590000.0	31.621632974798462	2.0825771460898257	0.00987789398	0.0154371979	0.438166195	0.00134861657	0.000505297584	1.85209259e-14	4.24896147e-14	8.96046013e-14	5.29392353e-13	3.53354893e-13	1.14058347e-20	1.689642e-16	1.35612208e-18	1.40030192e-20	1.8632139e-20	2.65451546e-24	2.95964398e-25	0.0850324261	0.370785755	4.53202728e-13	7.66257382e-09	1.96805234e-07	8.11734071e-14	5.75544517e-14	3.1627190299999998e-18	0.0058263434	2.02410113e-14	4.25763974e-15	1.20016257e-20	5.71277337e-21	3.26278473e-24	5.61760562e-22	2.91279282e-16	5.17036945e-21	0.0	1.42533754e-20	0.0	0.0	0.0	0.0	5.70159647e-20	4.58313189e-27	4.524015750000001e-21	1.46669313e-19	0.0	2.75693346e-26	3.52901727e-32	2.29711067e-28	2.44070943e-33	1.12560584e-19	2.27337907e-20	2.68627517e-22	5.37172192e-06	1.14262385e-06	4.508712490000001e-37	3.2361514e-33	6.14871694e-32	5.44681508e-41	2.86200341e-05	9.64103465e-06	1.25609661e-05	2.70259315e-26	8.40174628e-27	4.32153768e-28	0.0	0.0	2.29558224e-05	1.56706317e-06	0.00266619418	5.75862367e-10	3.0609122e-06	4.22625615e-12	3.00180438e-20	1.40391854e-08	0.0702679279	6.177544859999999e-17	9.32436988e-35	1.05721385e-12	2.72354728e-11	0.0	6.50067815e-36	9.65069769e-07	9.088585839999999e-18	5.3038022899999995e-17	0.0
2633.18965	2504101.97	117198.075	7345590000.0	31.704737409608782	3.6264693467421982	0.00836583075	0.0147491591	0.440950794	0.00106633918	0.00035345665	2.51467864e-14	4.62924614e-14	1.4770577e-13	1.04935323e-12	8.50249936e-13	1.97830862e-20	4.1058896e-16	2.8167661499999998e-18	4.477002e-20	7.16432598e-20	1.34417618e-23	1.8257856099999998e-24	0.0821628113	0.374853063	9.70394583e-13	1.23678137e-08	2.56973831e-07	1.76164601e-13	1.50869934e-13	1.05054902e-17	0.00428718566	5.13684948e-14	8.9384253e-15	1.04902048e-20	6.22213167e-21	4.3397150699999996e-24	8.8371104e-22	2.57480607e-16	6.91874695e-21	0.0	2.29810427e-20	6.76607768e-30	0.0	5.53553251e-30	4.32585528e-28	6.54427861e-20	9.596634320000001e-27	7.49179446e-21	1.44725105e-19	0.0	0.0	1.20289081e-31	5.94641688e-28	1.02233921e-32	4.60630533e-19	2.8072147000000004e-20	3.7118963199999997e-22	5.12154262e-06	1.3476241e-06	2.9627874699999997e-36	4.56901376e-31	7.10672428e-30	3.44698549e-40	3.28173893e-05	1.19436734e-05	1.77319613e-05	1.35802289e-25	3.39741097e-26	2.6748466600000003e-27	0.0	0.0	2.12417162e-05	2.06309212e-06	0.00257837317	8.18879633e-10	4.37527285e-06	8.5555975e-12	3.66811913e-20	2.36982318e-08	0.070534652	1.81060858e-16	9.535171279999999e-34	1.94328815e-12	5.35997164e-11	0.0	5.02575335e-37	1.36421147e-06	3.3003803799999994e-17	1.55702413e-16	0.0
2642.47259	4376999.73	77638.4824	7345590000.0	31.781908694987113	6.331928237643508	0.00680168646	0.0141581542	0.443555904	0.00081979269	0.000229900861	3.23886643e-14	4.69526121e-14	2.38156676e-13	2.10700784e-12	2.13713211e-12	3.2253076200000004e-20	1.0203517900000002e-15	5.70596813e-18	1.45535922e-19	2.9005343099999997e-19	7.12236947e-23	1.21337168e-23	0.0794883483	0.378638435	2.07015282e-12	2.00792234e-08	3.29994988e-07	3.78597563e-13	4.04761617e-13	3.5519223199999995e-17	0.00292001977	1.33147805e-13	1.8550845e-14	7.162371330000001e-21	5.394441090000001e-21	4.6481060499999994e-24	1.16805328e-21	1.80167852e-16	7.558171270000001e-21	0.0	3.1297707400000004e-20	4.10420663e-30	0.0	3.57839193e-30	3.3466176399999998e-28	5.9472728e-20	1.6698271000000002e-26	1.03703193e-20	1.0954342099999999e-19	0.0	0.0	3.4622168e-31	1.30795327e-27	3.7081027699999996e-32	1.96533458e-18	2.70437906e-20	4.13500113e-22	4.52507874e-06	1.50590285e-06	1.01613627e-35	0.0	0.0	1.92116839e-39	3.84358038e-05	1.48634107e-05	2.61973324e-05	7.04591707e-25	1.39031275e-25	1.75126469e-26	2.04659803e-36	1.36313237e-35	1.96519771e-05	2.87758253e-06	0.00248899635	1.19447418e-09	6.51908678e-06	1.88211217e-11	3.73973762e-20	4.26321641e-08	0.070781754	6.04651564e-16	1.82592342e-32	3.67228958e-12	1.15796396e-10	1.4977796900000002e-31	6.91005698e-36	2.01495962e-06	1.29159907e-16	4.81799833e-16	0.0
2647.03659	7650697.5	38571.2717	7345590000.0	31.845051527136487	11.070647482630692	0.00537437636	0.0137020979	0.445722446	0.000621060794	0.000142125058	4.09190562e-14	4.60527847e-14	3.84853549e-13	4.34397478e-12	5.63572532e-12	5.1698598500000004e-20	2.6397962700000003e-15	1.1655951099999998e-17	4.92068275e-19	1.2512440799999999e-18	4.01637625e-22	8.76005707e-23	0.0773143793	0.381719274	4.46158187e-12	3.30400117e-08	4.22479152e-07	8.18905322e-13	1.11830509e-12	1.24240712e-16	0.00187369907	3.56861609e-13	3.89159016e-14	3.9054135400000005e-21	3.78860481e-21	4.09461995e-24	1.3069167900000002e-21	1.00901699e-16	6.811347100000001e-21	0.0	3.60038538e-20	1.21786091e-30	0.0	9.523300600000001e-31	1.08115104e-28	4.3376289e-20	2.44929881e-26	1.20393341e-20	6.46976974e-20	0.0	0.0	8.527670950000001e-31	2.4649484e-27	1.1720014700000001e-31	8.82756165e-18	2.05963417e-20	3.7685796499999997e-22	3.77921073e-06	1.61676987e-06	3.0428157e-35	4.07317061e-30	3.93180576e-29	9.58079603e-39	4.62495462e-05	1.86971229e-05	4.04716118e-05	3.87970872e-24	5.94807857e-25	1.23825803e-25	0.0	0.0	1.83865562e-05	4.25449657e-06	0.00241293547	1.80916999e-09	1.01251283e-05	4.50554189e-11	3.20729252e-20	8.18080104e-08	0.0709703625	2.28994588e-15	4.5399747100000005e-31	7.23472321e-12	2.74143756e-10	0.0	1.0364875499999999e-34	3.10921224e-06	5.46777505e-16	1.58664013e-15	0.0
2649.43	13372898.3	0.0	7345590000.0	31.892707788518837	19.362189477905982	0.00417933101	0.0133703407	0.447388276	0.000468414888	8.54023191e-05	5.1832435e-14	4.48949183e-14	6.31128672e-13	9.21032498e-12	1.54697573e-11	8.375321030000001e-20	7.11717055e-15	2.43997825e-17	1.73696489e-18	5.7106269899999995e-18	2.4002870700000003e-21	6.78099423e-22	0.0756864974	0.384027993	9.76502586e-12	5.51689459e-08	5.43521986e-07	1.79572393e-12	3.17249855e-12	4.50259436e-16	0.00115793486	9.88515311e-13	8.33152043e-14	1.10121499e-21	1.3880711400000001e-21	1.90825298e-24	7.85605724e-22	2.91002641e-17	3.2362001e-21	0.0	2.21226807e-20	2.03791425e-31	0.0	2.42423579e-31	3.36604432e-29	1.63487545e-20	1.9307834200000002e-26	7.43758208e-21	1.9349973e-20	0.0	5.13897128e-27	1.14158452e-30	2.52051065e-27	2.03459798e-31	4.1502790799999997e-17	8.008834130000001e-21	1.8032997499999999e-22	3.05131181e-06	1.69440979e-06	5.0569954e-35	9.07259696e-30	6.75731811e-29	2.69367886e-38	5.7020986e-05	2.37962868e-05	6.47250942e-05	2.27174382e-23	2.68150929e-24	9.40602497e-25	0.0	0.0	1.74597441e-05	6.58654856e-06	0.00235435908	2.84087436e-09	1.62480405e-05	1.15353366e-10	1.47078527e-20	1.65221688e-07	0.0710851268	9.5489934e-15	1.37395252e-29	1.48371333e-11	6.96723751e-10	0.0	1.71093066e-33	4.96466421e-06	2.46713305e-15	5.515416530000001e-15	0.0
