file,T_inf,atmosphere_type,mass_case,flux_case,weighted_mass_loss_kg_s_const,M_total_kg_s_const,dominant_escaping_species_const,dominant_lambda_j_const,dominant_species_Mdot_kg_s_const,jeans_valid_const,T_exo_K_const,exobase_altitude_km_const,exobase_radius_m_const,exobase_index_const,unphysical_extension_const,weighted_mass_loss_kg_s_diss,M_total_kg_s_diss,dominant_escaping_species_diss,dominant_lambda_j_diss,dominant_species_Mdot_kg_s_diss,jeans_valid_diss,T_exo_K_diss,exobase_altitude_km_diss,exobase_radius_m_diss,exobase_index_diss,unphysical_extension_diss,ratio_diss_const,delta_log10_Mdot,either_unphysical,both_jeans_valid
H2_atmosphere_1_M_earth_1_F_earth.csv,200,H2,1_M_earth,1_F_earth,1.2992209038501114e-14,2.367219431024642e-10,H,25.34905420709377,2.367218516524381e-10,True,199.3869134410463,3173.34433752753,9484971.28372753,338.0,False,3.208783220084817e-06,3.543057492657206e-06,H,25.07713021352359,3.543057492657206e-06,True,199.7727036945128,3257.679190437926,9569306.136637926,420.0,False,246977493.24813882,8.392657378346723,False,True
H2_atmosphere_1_M_earth_1_F_earth.csv,300,H2,1_M_earth,1_F_earth,9.571674835153698e-10,6.375697569046216e-07,H,16.855868090117813,6.363807288165339e-07,True,296.4094368308889,3283.5122798833363,9595139.226083336,340.0,False,0.0092376596502726,0.0101999907733407,H,16.511894221887843,0.0101999907733407,True,298.66883112826645,3409.2989133702927,9720925.859570293,422.0,False,9651037.88978041,6.984574020656369,False,True
H2_atmosphere_1_M_earth_1_F_earth.csv,500,H2,1_M_earth,1_F_earth,0.0004331359175799,0.0008642032068761,H2,19.906542296131427,0.0005582973899828,True,490.65410644397326,3504.793642292414,9816420.588492414,342.0,False,4.252354103423225,4.695342138808313,H,9.624072985635047,4.695342138808313,True,496.6179428775524,3718.654432187764,10030281.378387764,426.0,False,9817.59750422637,3.9920052231929977,False,True
H2_atmosphere_1_M_earth_1_F_earth.csv,1000,H2,1_M_earth,1_F_earth,5.444651216028172,7.039582252433089,H2,9.429090670924898,7.018238334152502,True,977.9961818651788,4085.5983637003937,10397225.309900394,349.0,False,272.93720129722806,301.3703730523343,H,4.459471450796313,301.3703730523343,True,992.2277335400906,4522.64372289004,10834270.66909004,435.0,False,50.129418849410435,1.7000926698642571,False,True
H2_atmosphere_1_M_earth_1_F_earth.csv,2000,H2,1_M_earth,1_F_earth,356.6661207760379,459.859073863909,H2,4.191706218262096,459.7481519269611,True,1959.2688164089395,5362.907296859169,11674534.24305917,364.0,False,1302.2084931589711,1437.8657731877204,H,1.9169452952975412,1437.86577078871,True,1986.2925800749956,6278.829970194543,12590456.916394545,454.0,False,3.651057438047696,0.5624186652781165,False,True
H2_atmosphere_1_M_earth_1_F_earth.csv,3000,H2,1_M_earth,1_F_earth,1078.0201924941878,1389.739027783976,H2,2.485998664705957,1389.5846972879306,True,2946.724021463766,6776.698100252496,13088325.046452496,378.0,False,1718.2540042333292,1897.2705909530137,H,1.1063956920682596,1897.251094536954,False,2982.9179819937585,8214.259425921682,14525886.372121682,472.0,False,1.593897791708195,0.20246046892941233,False,False
H2_atmosphere_1_M_earth_1_F_earth.csv,4000,H2,1_M_earth,1_F_earth,1620.9925905639925,2089.700185288992,H2,1.6621158881858091,2089.469673448904,True,3939.0782493764864,8332.669694000193,14644296.640200194,392.0,False,1800.3741307763023,1988.9703315123093,H,0.725221824807758,1987.8333165527376,False,3980.93355868798,10293.363739562006,16604990.685762009,488.0,False,1.1106615423515893,0.045581734293392934,False,False
H2_atmosphere_1_M_earth_1_F_earth.csv,5000,H2,1_M_earth,1_F_earth,1922.5689767416704,2479.8927099537264,H2,1.1908097724534086,2477.792213009184,False,4934.3192699495785,10005.916958183752,16317543.904383752,405.0,False,1739.225523437416,1929.562794512845,H,0.5107096283419571,1919.5957595191685,False,4980.176993316986,12536.821567678437,18848448.513878435,504.0,False,0.9046362156457028,-0.04352602996589555,False,False
H2_atmosphere_1_M_earth_1_F_earth.csv,6000,H2,1_M_earth,1_F_earth,2044.4584421107284,2647.346298140185,H2,0.8917870760305858,2632.0250060197955,False,5932.236498443048,11811.986716325742,18123613.662525743,418.0,False,1647.8844238642157,1852.2771068932493,H,0.3776856104556521,1816.7081886331453,False,5980.037408412508,14913.978708829736,21225605.655029736,519.0,False,0.8060249061178842,-0.09365153831594525,False,False
H2_atmosphere_1_M_earth_1_F_earth.csv,7000,H2,1_M_earth,1_F_earth,2061.5234043497508,2702.324888758817,H2,0.6893899386705722,2644.997806880032,False,6932.1516718330495,13751.167772830458,20062794.71903046,431.0,False,1577.1909837528742,1814.3403865911769,H,0.2899760009998017,1735.2966913153807,False,6980.012419164133,17373.525223349476,23685152.169549476,532.0,False,0.7650609158377973,-0.11630398398498526,False,False
H2_atmosphere_10_M_earth_1_F_earth.csv,200,H2,10_M_earth,1_F_earth,0.0312733675538969,0.6617466186728519,H,9.027614590521765,0.6351200733359776,True,199.97548078824448,147048.4007509079,265549000.7509079,676.0,False,88.68689637562636,88.68689637855526,H,8.809624988285664,88.68689637855526,True,199.98723010012935,153603.28595096947,272103885.95096946,728.0,False,2835.860136353474,3.4526848077847356,False,True
H2_atmosphere_10_M_earth_1_F_earth.csv,300,H2,10_M_earth,1_F_earth,23.860350998826537,37.7445432857478,H2,10.547019188489315,23.937716562654614,True,299.9485600852664,184572.8613552789,303073461.3552789,692.0,False,1825.5299124674943,1825.5299125277827,H,5.104297885504343,1825.5299125277827,True,299.9735434759134,194593.91964079428,313094519.6407943,745.0,False,76.5089295022221,1.8837121254441545,False,True
H2_atmosphere_10_M_earth_1_F_earth.csv,500,H2,10_M_earth,1_F_earth,2433.430255312352,2546.6128402284244,H2,5.008707094107084,2451.423881167862,True,499.9196272985365,264411.0708594644,382911670.8594644,720.0,False,11842.5105556657,11842.510556056795,H,2.397603184362592,11842.510556056795,True,499.9591781513258,281428.10667896585,399928706.67896587,774.0,False,4.866591318905752,0.6872248770846154,False,True
H2_atmosphere_10_M_earth_1_F_earth.csv,1000,H2,10_M_earth,1_F_earth,22781.67806388758,23147.173944030023,H2,1.589385653027979,22955.51657275287,True,999.9030928369816,484804.8192528238,603305419.2528238,774.0,False,22380.6848530054,22380.684853745428,H,0.7507325104320777,22380.684853744515,False,999.9519997944568,520101.0763844778,638601676.3844779,830.0,False,0.9823984339626933,-0.007712338509404721,False,False
H2_atmosphere_10_M_earth_1_F_earth.csv,2000,H2,10_M_earth,1_F_earth,28267.66673788793,28647.40873032954,H2,0.4355080974951651,28483.9388583322,False,1999.915273348856,982320.1192783671,1100820719.2783673,846.0,False,18696.205227180195,18696.20522825029,H,0.2044067156127909,18696.205227797636,False,1999.958556271883,1054176.0417966298,1172676641.7966297,903.0,False,0.6613989545207549,-0.17953649591494664,False,False
H2_atmosphere_10_M_earth_1_F_earth.csv,3000,H2,10_M_earth,1_F_earth,24412.650608271804,24734.98840827063,H2,0.1944400159926522,24599.472076024635,False,2999.9287101180867,1525219.4176029975,1643720017.6029975,894.0,False,15479.853539783133,15479.85354142975,H,0.0912361100084139,15479.853540294353,False,2999.9651288178675,1633004.733634153,1751505333.634153,951.0,False,0.6340914711874036,-0.19784808822789104,False,False
H2_atmosphere_10_M_earth_1_F_earth.csv,4000,H2,10_M_earth,1_F_earth,21298.831196342733,21579.087936880685,H2,0.1081259096391114,21461.83119394745,False,3999.93877187534,2098374.9264494707,2216875526.4494705,930.0,False,,,,,,False,,,,,True,,,True,False
H2_atmosphere_10_M_earth_1_F_earth.csv,5000,H2,10_M_earth,1_F_earth,,,,,,False,,,,,True,,,,,,False,,,,,True,,,True,False
H2_atmosphere_10_M_earth_1_F_earth.csv,6000,H2,10_M_earth,1_F_earth,,,,,,False,,,,,True,,,,,,False,,,,,True,,,True,False
H2_atmosphere_10_M_earth_1_F_earth.csv,7000,H2,10_M_earth,1_F_earth,,,,,,False,,,,,True,,,,,,False,,,,,True,,,True,False
H2_atmosphere_10_M_earth_1000_F_earth.csv,200,H2,10_M_earth,1000_F_earth,50.76441519574366,87.16704332532748,H,8.31467337844168,87.12610310826348,True,199.9788339038749,169813.0508950321,288313650.8950321,689.0,False,154.5151590300892,154.51515957348772,H,8.18066177687477,154.51515957348772,True,199.98510416466013,174526.87639682973,293027476.3968297,717.0,False,3.0437691133501823,0.48341170571976166,False,True
H2_atmosphere_10_M_earth_1000_F_earth.csv,300,H2,10_M_earth,1000_F_earth,956.8679824899835,1650.592550642894,H,4.693249294302655,1623.1039234528796,True,299.9582052668366,222033.07161768957,340533671.61768955,709.0,False,2787.4501492523905,2787.4501590552886,H,4.597595198517287,2787.4501590552886,True,299.97058657110904,229103.6102032569,347604210.20325685,737.0,False,2.9130979406363084,0.4643550861940468,False,True
H2_atmosphere_10_M_earth_1000_F_earth.csv,500,H2,10_M_earth,1000_F_earth,6036.2126416958745,10886.860092078668,H,2.1189053741489965,9037.869196458158,True,499.9396577331614,334048.0564755326,452548656.4755326,743.0,False,14829.11679635864,14829.116848509642,H,2.0631830569513805,14829.116848509642,True,499.95806307523566,346253.3519224792,464753951.9224792,772.0,False,2.4566922467119046,0.3903507552077702,False,True
H2_atmosphere_10_M_earth_1000_F_earth.csv,1000,H2,10_M_earth,1000_F_earth,13376.163744797272,26135.65143696077,H,0.6280900627796974,14937.486644348472,False,999.9343129064114,644809.5494145417,763310149.4145417,805.0,False,23669.47417804878,23669.47426153529,H,0.6079631444606141,23669.474261289528,False,999.9549177205728,670063.0573104891,788563657.3104892,835.0,False,1.7695263477359227,0.24785703354100042,False,False
H2_atmosphere_10_M_earth_1000_F_earth.csv,2000,H2,10_M_earth,1000_F_earth,11891.22589065303,23746.43415625085,H,0.1637365828770597,11982.4172366726,False,1999.946776578321,1345462.9716403598,1463963571.64036,883.0,False,18907.7178296224,18907.71797167244,H,0.158274537219076,18907.71789611701,False,1999.9634717714373,1395971.632213788,1514472232.213788,913.0,False,1.5900562316694875,0.20141248323362163,False,False
H2_atmosphere_10_M_earth_1000_F_earth.csv,3000,H2,10_M_earth,1000_F_earth,9915.619814071371,19842.26714657572,H2,0.1436265722309251,9954.566086369325,False,2999.9563394234174,2106728.3253684803,2225228925.36848,933.0,False,,,,,,False,,,,,True,,,True,False
H2_atmosphere_10_M_earth_1000_F_earth.csv,4000,H2,10_M_earth,1000_F_earth,,,,,,False,,,,,True,,,,,,False,,,,,True,,,True,False
H2_atmosphere_10_M_earth_1000_F_earth.csv,5000,H2,10_M_earth,1000_F_earth,,,,,,False,,,,,True,,,,,,False,,,,,True,,,True,False
H2_atmosphere_10_M_earth_1000_F_earth.csv,6000,H2,10_M_earth,1000_F_earth,,,,,,False,,,,,True,,,,,,False,,,,,True,,,True,False
H2_atmosphere_10_M_earth_1000_F_earth.csv,7000,H2,10_M_earth,1000_F_earth,,,,,,False,,,,,True,,,,,,False,,,,,True,,,True,False
H2O_atmosphere_1_M_earth_1_F_earth.csv,200,H2O,1_M_earth,1_F_earth,11.972734694153573,47.19739005935308,H,7.519293773754879,47.12536912755875,True,199.55931316231897,25636.09822345991,31948123.59685991,456.0,False,69.42871546244393,88.45015345979216,H,7.378360444333399,88.45015345979216,True,199.852257559129,26198.611954219403,32510637.327619404,543.0,False,5.798902024977367,0.7633457712122363,False,True
H2O_atmosphere_1_M_earth_1_F_earth.csv,300,H2O,1_M_earth,1_F_earth,97.45685778257966,383.7485059034284,H,4.849733921409723,375.69694126371263,True,299.0207462646724,26745.86813343671,33057893.50683671,461.0,False,553.024666161567,704.5372546968779,H,4.718833394022835,704.5372546968779,True,299.6717003442837,27589.09358396553,33901118.95736553,548.0,False,5.67455876112209,0.7539320975726641,False,True
H2O_atmosphere_1_M_earth_1_F_earth.csv,500,H2O,1_M_earth,1_F_earth,471.665149926996,1843.954119541716,H,2.7246813239317547,1576.190506172217,True,498.0675734614865,29013.64614171768,35325671.515117675,468.0,False,2217.6454217691157,2825.215425179338,H,2.610155592959694,2825.2154251793377,True,499.3761045608065,30467.003285166564,36779028.65856656,558.0,False,4.701736861653572,0.6722583196571327,False,True
H2O_atmosphere_1_M_earth_1_F_earth.csv,1000,H2O,1_M_earth,1_F_earth,1361.9521233833125,5241.8711933561735,H,1.160071559397709,3045.916555849683,False,996.4830432276336,35158.51712665257,41470542.50005257,488.0,False,4152.925417205421,5290.709010624897,H,1.0790830313438315,5290.704249936865,False,998.9065234463288,38162.84557412424,44474870.94752424,581.0,False,3.0492447905502527,0.48419229052405593,False,False
H2O_atmosphere_1_M_earth_1_F_earth.csv,2000,H2O,1_M_earth,1_F_earth,1804.258653459029,6816.361510849439,H2,0.8688887303701088,3753.046435149433,False,1995.0778784784632,48997.558023704005,55309583.39710401,522.0,False,3985.1080430030574,5137.622822741855,H,0.3895250875317578,5054.006038823738,False,1998.5446315818533,55268.74590096992,61580771.274369925,619.0,False,2.2087232533777903,0.34414130344033644,False,False
H2O_atmosphere_1_M_earth_1_F_earth.csv,3000,H2O,1_M_earth,1_F_earth,2471.640690889487,7955.38706928014,H2,0.4511793827896571,3596.785638473504,False,2994.820707412466,64646.45916668087,70958484.54008088,552.0,False,3516.7144083335875,5082.664075237384,H,0.1982101875986375,4252.883897787216,False,2998.525228664902,74348.44112330998,80660466.49670999,652.0,False,1.42282590721874,0.15315176434316752,False,False
H2O_atmosphere_1_M_earth_1_F_earth.csv,4000,H2O,1_M_earth,1_F_earth,4011.634199670963,10933.756294554742,H2O,2.457340190621459,5364.4690378306,True,3994.899789090096,81589.36426412997,87901389.63752997,577.0,False,,,,,,False,,,,,True,,,True,False
H2O_atmosphere_1_M_earth_1_F_earth.csv,5000,H2O,1_M_earth,1_F_earth,5257.233173918378,13302.793866657785,H2O,1.62757577544962,8291.505993195295,True,4995.193189935841,99826.5875466644,106138612.9200644,600.0,False,,,,,,False,,,,,True,,,True,False
H2O_atmosphere_1_M_earth_1_F_earth.csv,6000,H2O,1_M_earth,1_F_earth,6015.48252406181,14736.378355503266,H2O,1.1506147445185262,10083.90187432722,False,5995.4368594335165,118776.11776465947,125088143.13805948,619.0,False,,,,,,False,,,,,True,,,True,False
H2O_atmosphere_1_M_earth_1_F_earth.csv,7000,H2O,1_M_earth,1_F_earth,,,,,,False,,,,,True,,,,,,False,,,,,True,,,True,False
H2O_atmosphere_1_M_earth_1000_F_earth.csv,200,H2O,1_M_earth,1000_F_earth,2.629366186236301e-07,4.613765649856884e-06,H,23.705638810480004,4.613765649734122e-06,True,258.8206749954309,1501.7111561369366,7813469.240536937,221.0,False,2.126308909745018e-07,4.449587091649917e-07,H,27.78049946521401,4.449587091649917e-07,True,220.3152640788256,1520.9131549832168,7832671.239383217,309.0,False,0.8086773614399584,-0.09222471459844957,False,True
H2O_atmosphere_1_M_earth_1000_F_earth.csv,300,H2O,1_M_earth,1000_F_earth,6.969431424024701e-05,0.0012229305963196,H,17.704368469342192,0.0012229305832627,True,346.1494582762882,1510.8295895813387,7822587.673981339,221.0,False,0.0005732131346793,0.0011995255031591,H,19.34231155182748,0.0011995255031591,True,315.74752835870163,1537.8179643052313,7849576.048705231,310.0,False,8.224675727539928,0.9151187841276366,False,True
H2O_atmosphere_1_M_earth_1000_F_earth.csv,500,H2O,1_M_earth,1000_F_earth,0.0148374323506532,0.2603542355196388,H,11.744586425932376,0.2603531721386647,True,520.5571691364769,1529.547429105443,7841305.513505443,222.0,False,0.4533076269964919,0.9486071174258136,H,11.992524061455462,0.9486071174258136,True,507.0999579612619,1571.220782150805,7882978.866550805,310.0,False,30.55162215964783,1.4850342743586276,False,True
H2O_atmosphere_1_M_earth_1000_F_earth.csv,1000,H2O,1_M_earth,1000_F_earth,1.4119614273917829,24.79338511976194,H,6.344799049900841,24.77166103883073,True,957.9618804567104,1575.543291282869,7887301.375682869,222.0,False,63.53585555129786,132.9573146320919,H,6.102776939027397,132.9573146320919,True,985.8276328053804,1656.548795898214,7968306.880298214,312.0,False,44.99829408843213,1.653196049730372,False,True
H2O_atmosphere_1_M_earth_1000_F_earth.csv,2000,H2O,1_M_earth,1000_F_earth,12.772639300158216,227.37941999750305,H,3.269583541832193,223.36086819902408,True,1836.763432999791,1670.9247069707726,7982682.791370773,224.0,False,561.2546935804227,1174.5008583832089,H,3.0277592856413547,1174.5008583832036,True,1944.9678388983657,1828.9234650915616,8140681.549491562,314.0,False,43.94195125931962,1.6428793380269122,False,True
H2O_atmosphere_1_M_earth_1000_F_earth.csv,3000,H2O,1_M_earth,1000_F_earth,23.52633119775961,429.6871711774036,H,2.183231736687984,408.8743473093517,True,2717.989053974931,1767.044506078873,8078802.590478873,225.0,False,962.3083491417116,2013.759520288512,H,1.9821399339703611,2013.7595195242827,True,2907.1949246659838,2007.5282511016064,8319286.335501607,317.0,False,40.90346008702586,1.6117600472039855,False,True
H2O_atmosphere_1_M_earth_1000_F_earth.csv,4000,H2O,1_M_earth,1000_F_earth,29.407760521389307,551.1859728282059,H,1.624864929281474,507.7986570684485,True,3606.8689440895087,1868.121448651064,8179879.533051064,227.0,False,1156.8764228975076,2420.919618865697,H,1.4559798723003186,2420.9193213359995,False,3872.1806989072447,2191.4645128217267,8503222.597221727,320.0,False,39.33915410036308,1.59482501716201,False,False
H2O_atmosphere_1_M_earth_1000_F_earth.csv,5000,H2O,1_M_earth,1000_F_earth,32.607127688108214,624.581980705715,H,1.287999369312529,559.9017302914091,False,4495.152600844637,1968.3202455042156,8280078.329904215,228.0,False,1249.9988390720523,2615.799126177521,H,1.1405717006833436,2615.787397476297,False,4837.829247314864,2376.273832331301,8688031.916731302,322.0,False,38.33514104733382,1.5835970655045024,False,False
H2O_atmosphere_1_M_earth_1000_F_earth.csv,6000,H2O,1_M_earth,1000_F_earth,33.60704969039011,655.1227687906347,H,1.0597878202797175,574.3368374118387,False,5393.546923839927,2075.135832973415,8386893.917373415,230.0,False,1264.798728671405,2646.8476165623583,H,0.9294020124256211,2646.696585998969,False,5807.530048894498,2570.010660080848,8881768.744480848,325.0,False,37.634923039170324,1.5755910322688482,False,False
H2O_atmosphere_1_M_earth_1000_F_earth.csv,7000,H2O,1_M_earth,1000_F_earth,34.17793135200079,674.8690784501176,H,0.8977924297655936,581.2315292924417,False,6288.536648925166,2179.440540163815,8491198.624563815,231.0,False,1249.9616199401223,2616.157688872913,H,0.7786881499978304,2615.1607495992453,False,6779.593238552982,2769.1092659758665,9080867.350375868,328.0,False,36.57218475473792,1.5631509050628418,False,False
H2O_atmosphere_10_M_earth_1_F_earth.csv,200,H2O,10_M_earth,1_F_earth,0.0001013248306423,0.0072269464297811,H,16.960869281235794,0.0072269418296648,True,199.7554786965869,22996.56180530274,141497161.80530274,466.0,False,0.1107283082407633,0.1617499850353209,H,16.831925874830233,0.1617499850353209,True,199.9444647329141,23945.75468396693,142446354.68396693,584.0,False,1092.8052634172145,3.0385427780903376,False,True
H2O_atmosphere_10_M_earth_1_F_earth.csv,300,H2O,10_M_earth,1_F_earth,0.0177025679947792,1.2615447326586149,H,11.213624784249124,1.261296570094117,True,299.23420059809666,24368.16346986729,142868763.4698673,467.0,False,19.437061933090543,28.39332169666973,H,11.081133722400644,28.39332169666973,True,299.8260729281036,25790.964734134704,144291564.7341347,585.0,False,1097.97979246982,3.04059434730933,False,True
H2O_atmosphere_10_M_earth_1_F_earth.csv,500,H2O,10_M_earth,1_F_earth,0.947757172110305,62.44993606472743,H,6.6068654787409375,61.27366163073687,True,498.23055726018697,27135.389543127745,145635989.54312775,469.0,False,913.0400089672178,1333.7529502029222,H,6.481379581097723,1333.7529502029222,True,499.6080978052576,29545.71768400514,148046317.68400514,589.0,False,963.3691369849674,2.983792728908222,False,True
H2O_atmosphere_10_M_earth_1_F_earth.csv,1000,H2O,10_M_earth,1_F_earth,42.60210975929227,1171.6571143236813,H,3.151402125508937,745.1291274302108,True,995.9880208470244,34233.70628365764,152734306.28365764,475.0,False,10934.933684860309,15973.560763183816,H,3.044641305051712,15973.560763183816,True,999.1225055870304,39093.392696762174,157593992.69676217,596.0,False,256.67587231346465,2.4093850466472846,False,True
H2O_atmosphere_10_M_earth_1_F_earth.csv,2000,H2O,10_M_earth,1_F_earth,397.1188021772562,6668.299899551364,H2,2.8717830612544644,4947.663232980829,True,1992.3757886683768,49071.47438764572,167572074.38764572,486.0,False,24534.844895548013,35840.07493064837,H,1.3512401120320874,35840.07384350357,False,1998.3941160866752,59033.124400830566,177533724.40083057,610.0,False,61.78212857470482,1.7908628669360342,False,False
H2O_atmosphere_10_M_earth_1_F_earth.csv,3000,H2O,10_M_earth,1_F_earth,698.9979013206244,10812.393665402506,H2,1.7508468935327164,8896.563778563588,True,2989.6333399205,64671.123989984575,183171723.98998457,496.0,False,26282.207612481747,38394.29173535054,H,0.8051852670039988,38391.17455180069,False,2997.923479993982,80098.90971282133,198599509.71282133,624.0,False,37.59983765734702,1.5751859698034436,False,False
H2O_atmosphere_10_M_earth_1_F_earth.csv,4000,H2O,10_M_earth,1_F_earth,942.792002005101,12522.331895930016,H2,1.203756103331743,10547.149636214885,False,3987.798850297399,81233.7612479606,199734361.2479606,507.0,False,25517.40678387511,37342.36896174421,H,0.5439357363485181,37218.88487309836,False,3997.586526542933,101969.18059210468,220469780.59210467,636.0,False,27.065786228145207,1.4324206473363916,False,False
H2O_atmosphere_10_M_earth_1_F_earth.csv,5000,H2O,10_M_earth,1_F_earth,2297.006461345657,14393.183419425295,H2,0.8861654690758463,11069.883637708344,False,4986.44127808034,98479.04731122058,216979647.3112206,517.0,False,24093.447215625645,35686.58822646574,H,0.3942755195189968,34779.619382999845,False,4997.384531194607,124804.91572623428,243305515.7262343,648.0,False,10.489063753660911,1.0207367251082446,False,False
H2O_atmosphere_10_M_earth_1_F_earth.csv,6000,H2O,10_M_earth,1_F_earth,7450.843621156991,20044.914105161748,H2,0.6822714208326892,11127.666277196233,False,5985.391893240218,116286.78568932904,234787385.68932903,526.0,False,23221.595021947585,35539.292930003765,H,0.2995365916414038,32551.537285533115,False,5997.2520188793005,148364.85072823768,266865450.7282377,659.0,False,3.116639699162236,0.4936865983274966,False,False
H2O_atmosphere_10_M_earth_1_F_earth.csv,7000,H2O,10_M_earth,1_F_earth,18622.356890480085,32057.05071379692,H2O,4.876983750380799,19603.74419398201,True,6984.721805533483,134817.7313294362,253318331.3294362,535.0,False,23039.0913416352,37111.5319151411,H,0.2354162542770312,30726.02425394864,False,6997.161843404626,172528.33549066223,291028935.4906622,669.0,False,1.2371737625441488,0.09243070109583394,False,False
H2O_atmosphere_10_M_earth_1000_F_earth.csv,200,H2O,10_M_earth,1000_F_earth,34.33390865906322,34.78205459316571,H,9.834275272654171,34.78198953460275,True,199.9808647890673,125260.12487605184,243760724.87605184,673.0,False,35.33159984090757,35.335452095158395,H,9.828023626946177,35.335452095158395,True,199.98110303095467,125414.8914800095,243915491.4800095,674.0,False,1.0290584795267983,0.012440055631370617,False,True
H2O_atmosphere_10_M_earth_1000_F_earth.csv,300,H2O,10_M_earth,1000_F_earth,1288.466494607036,1305.4603123346778,H,5.496874715901612,1305.279552043493,True,299.95435366967314,172251.946266786,290752546.266786,694.0,False,1323.746549507192,1323.8908794638116,H,5.492479105000571,1323.8908794638116,True,299.9549219867889,172484.0831416546,290984683.1416546,695.0,False,1.0273814298220583,0.011731711477187974,False,True
H2O_atmosphere_10_M_earth_1000_F_earth.csv,500,H2O,10_M_earth,1000_F_earth,11161.09524711954,11337.029198419368,H,2.4452118397746463,11306.35856659675,True,499.93151158038825,273663.2281505847,392163828.1505847,730.0,False,11447.651044563523,11448.899198131348,H,2.4427976560323588,11448.899198131348,True,499.9323642916757,274050.1287784921,392550728.7784921,731.0,False,1.0256745230731668,0.01100956812603101,False,True
H2O_atmosphere_10_M_earth_1000_F_earth.csv,1000,H2O,10_M_earth,1000_F_earth,22223.5246270738,22796.403186770945,H,0.7101666872545078,22509.84966981109,False,999.9260225873812,556596.6953430639,675097295.343064,795.0,False,22767.09581811297,22769.582420116058,H,0.7093529169062264,22769.578146429656,False,999.9269436390732,557370.5450510363,675871145.0510362,796.0,False,1.024459270082522,0.010494696626881874,False,False
H2O_atmosphere_10_M_earth_1000_F_earth.csv,2000,H2O,10_M_earth,1000_F_earth,18350.34218388269,18914.47605731202,H,0.1823568853863635,18585.59462746313,False,1999.940810600079,1195983.1654125273,1314483765.412527,875.0,False,18793.44244623272,18797.249397072894,H,0.18214235069384,18795.491405782297,False,1999.9415475344351,1197530.9330969718,1316031533.0969718,876.0,False,1.0241467029829672,0.010362171222388049,False,False
H2O_atmosphere_10_M_earth_1000_F_earth.csv,3000,H2O,10_M_earth,1000_F_earth,15347.448861733948,15830.320588775909,H,0.0795805839773698,15544.094407792654,False,2999.9512398975808,1889543.3669508875,2008043966.9508877,925.0,False,15492.305772210497,15498.074202724429,H,0.0793969558634254,15493.99467408616,False,2999.9524465090294,1894186.732035144,2012687332.035144,927.0,False,1.0094385009379456,0.004079865115342244,False,False
H2O_atmosphere_10_M_earth_1000_F_earth.csv,4000,H2O,10_M_earth,1000_F_earth,,,,,,False,,,,,True,,,,,,False,,,,,True,,,True,False
H2O_atmosphere_10_M_earth_1000_F_earth.csv,5000,H2O,10_M_earth,1000_F_earth,,,,,,False,,,,,True,,,,,,False,,,,,True,,,True,False
H2O_atmosphere_10_M_earth_1000_F_earth.csv,6000,H2O,10_M_earth,1000_F_earth,,,,,,False,,,,,True,,,,,,False,,,,,True,,,True,False
H2O_atmosphere_10_M_earth_1000_F_earth.csv,7000,H2O,10_M_earth,1000_F_earth,,,,,,False,,,,,True,,,,,,False,,,,,True,,,True,False
CO2_atmosphere_1_M_earth_1_F_earth.csv,200,CO2,1_M_earth,1_F_earth,6.219822071456687e-19,1.540143277778893e-14,H,36.95988583603254,1.5401432777787835e-14,True,195.6461560616075,320.1776430757549,6629686.445875755,176.0,False,4.3242118462717323e-13,1.0928800525527549e-11,H,36.27502079483728,1.0928800525527549e-11,True,199.07486462140767,329.00450560871604,6638513.308408716,304.0,False,695230.7954460502,5.842129001064422,False,True
CO2_atmosphere_1_M_earth_1_F_earth.csv,300,CO2,1_M_earth,1_F_earth,1.472390909188964e-14,3.645910031758166e-10,H,26.39407114344553,3.6459100217150047e-10,True,273.87693636964514,322.3166199962497,6631825.422796249,176.0,False,3.158795745965653e-08,7.983385142961441e-07,H,24.50272268899189,7.983385142961441e-07,True,294.449187728446,335.1123415221144,6644621.144322114,304.0,False,2145351.2964879754,6.33149841709621,False,True
CO2_atmosphere_1_M_earth_1_F_earth.csv,500,CO2,1_M_earth,1_F_earth,1.1655972750716422e-10,2.85193902388903e-06,H,16.753942239022688,2.851819505459256e-06,True,431.1763620665636,326.7447610558104,6636253.56385581,177.0,False,0.0002405835046701,0.0060803892726476,H,14.842537849188846,0.0060803892726476,True,485.19783394252266,347.32801334891,6656836.81614891,304.0,False,2064036.265487261,6.314717323654126,False,True
CO2_atmosphere_1_M_earth_1_F_earth.csv,1000,CO2,1_M_earth,1_F_earth,4.922480303352656e-06,0.0037943269569497,H,8.756419614595496,0.0033827747840199,True,823.6394277955692,337.5762529976731,6647085.055797673,177.0,False,0.1472633382890086,3.721861245700689,H,7.4474068567633935,3.721861245700689,True,962.5256653559916,378.2027060926454,6687711.508892645,305.0,False,29916.491121093746,4.475910654161981,False,True
CO2_atmosphere_1_M_earth_1_F_earth.csv,2000,CO2,1_M_earth,1_F_earth,0.0098046736751509,0.9421848960254584,H2,8.93803086560692,0.8427902324604415,True,1608.5655592535802,359.2392368813995,6668748.039681399,177.0,False,2.461046883692293,62.19928956309975,H,3.703356155957719,62.19928956309971,True,1917.8256550276344,440.2821845806847,6749790.987380684,306.0,False,251.00752612803467,2.399686743420773,False,True
CO2_atmosphere_1_M_earth_1_F_earth.csv,3000,CO2,1_M_earth,1_F_earth,0.1085806934077116,9.595475417620648,H2,5.968487975664077,9.33630285476544,True,2400.786568249474,381.7380035832701,6691246.80638327,178.0,False,5.182635062708112,130.9833713504913,H,2.448319745493114,130.98337128670215,True,2874.206339230529,503.02784114621954,6812536.643946219,307.0,False,47.73072357576261,1.6787980181202566,False,True
CO2_atmosphere_1_M_earth_1_F_earth.csv,4000,CO2,1_M_earth,1_F_earth,0.3305254276008354,28.80913469493985,H2,4.479579659395763,28.421598314696237,True,3188.299535713826,403.6751095580533,6713183.912358053,178.0,False,6.899023514921121,174.36198257048082,H,1.8196030390926692,174.36190371917291,True,3831.6481880180095,566.440238519608,6875949.041319608,308.0,False,20.87289793405197,1.3195827494677739,False,True
CO2_atmosphere_1_M_earth_1_F_earth.csv,5000,CO2,1_M_earth,1_F_earth,0.611929357552385,53.09172044617824,H2,3.5805820177328456,52.62013507325913,True,3975.8125031781783,425.6122155328374,6735121.018332837,178.0,False,7.815908132474659,197.49831805114167,H,1.4420694647240406,197.4930200887447,False,4790.131984904318,630.5199303992372,6940028.733199237,309.0,False,12.772566042160461,1.1062781569343918,False,False
CO2_atmosphere_1_M_earth_1_F_earth.csv,6000,CO2,1_M_earth,1_F_earth,0.8835042558864048,76.4889025730369,H2,2.9689034256791493,75.97358139082452,True,4778.199775095945,449.2126882186318,6758721.491018632,179.0,False,8.150457247013486,205.3915195402827,H,1.189346503041533,205.30753403378537,False,5752.650082019623,697.2726467093435,7006781.449509343,311.0,False,9.22514769194436,0.9649733278157059,False,False
CO2_atmosphere_1_M_earth_1_F_earth.csv,7000,CO2,1_M_earth,1_F_earth,1.1288801842876293,97.61828235698682,H2,2.539307330579723,97.07413068444474,True,5568.2684649749735,471.424812782702,6780933.615582702,179.0,False,8.478315200431204,209.9171261061732,H,1.0096298376345236,209.32315419740144,False,6713.636313070701,763.0235264188713,7072532.329218871,312.0,False,7.510376493836126,0.8756617086549124,False,False
CO2_atmosphere_1_M_earth_1000_F_earth.csv,200,CO2,1_M_earth,1000_F_earth,1.1864880933831086e-09,5.47912376210372e-07,H,22.85849746169746,5.479123761081636e-07,True,289.8187355112853,926.861658873872,7236370.461673872,189.0,False,5.266582605261078e-12,7.471696701976012e-10,H,30.088026247247168,7.471696701976012e-10,True,219.7923485172654,939.6674742024568,7249176.277002457,314.0,False,0.004438799373236134,-2.3527344839598854,False,True
CO2_atmosphere_1_M_earth_1000_F_earth.csv,300,CO2,1_M_earth,1000_F_earth,1.2539324302900018e-07,5.7905773312058766e-05,H,17.83888227958395,5.790577168649347e-05,True,371.2166773865356,929.8451422521044,7239353.945052104,189.0,False,2.9601437332421394e-08,4.199553643561211e-06,H,20.92574351003714,4.199553643561211e-06,True,315.6932213646992,947.3517005803772,7256860.503380377,314.0,False,0.23606883925615796,-0.6269613353788226,False,True
CO2_atmosphere_1_M_earth_1000_F_earth.csv,500,CO2,1_M_earth,1000_F_earth,1.7298473954639227e-05,0.0079883433520847,H,12.390414367227407,0.0079882918136567,True,534.0125611370362,935.8121090085692,7245320.911808569,189.0,False,4.183530919900767e-05,0.0059351721067873,H,12.989596066534103,0.0059351721067873,True,507.49496705956665,962.7201533362175,7272228.956136217,314.0,False,2.4184392975189573,0.3835351911317916,False,True
CO2_atmosphere_1_M_earth_1000_F_earth.csv,1000,CO2,1_M_earth,1000_F_earth,0.0016902798887734,0.7810146484337198,H,7.017030766425232,0.7799579788301492,True,941.0022705132876,950.7295258997316,7260238.328699731,189.0,False,0.0093033554670803,1.3198663264344388,H,6.64245909367879,1.3198663264344388,True,987.155691312538,1001.5518538212488,7311060.656621248,315.0,False,5.504032514894055,0.7406809908156377,False,True
CO2_atmosphere_1_M_earth_1000_F_earth.csv,2000,CO2,1_M_earth,1000_F_earth,0.0195782711202883,9.171708639445432,H,3.74040219755931,8.868123484882908,True,1757.928542832536,981.2949459852334,7290803.748785233,190.0,False,0.103417057983779,14.671770082683569,H,3.3317319864089603,14.671770082680764,True,1947.298980022902,1079.6029468616862,7389111.749661686,316.0,False,5.282236482904325,0.7228178404379999,False,True
CO2_atmosphere_1_M_earth_1000_F_earth.csv,3000,CO2,1_M_earth,1000_F_earth,0.0420322724589675,20.265315024418083,H,2.5438576317460795,18.277506052952884,True,2574.145245042323,1011.468814607272,7320977.617407272,190.0,False,0.1938843807809564,27.50630935997871,H,2.207182712474116,27.506308237771677,True,2908.402845970511,1158.4529063750124,7467961.709175012,317.0,False,4.612750380561248,0.6639599533557116,False,True
CO2_atmosphere_1_M_earth_1000_F_earth.csv,4000,CO2,1_M_earth,1000_F_earth,0.0584852435748235,29.05658936934636,H,1.918986348570166,24.29450393747093,True,3397.6941097536824,1043.054407541288,7352563.210341288,191.0,False,0.2415357133822052,34.23563268212851,H,1.6400478452016234,34.23497644374758,True,3872.0080567483874,1239.7125414739196,7549221.344273919,319.0,False,4.129857355782315,0.6159350514950293,False,True
CO2_atmosphere_1_M_earth_1000_F_earth.csv,5000,CO2,1_M_earth,1000_F_earth,0.0701000746976365,35.70825677146809,H,1.5400841227777826,27.95194801131733,True,4216.121187445116,1073.5682359907246,7383077.038790724,191.0,False,0.2756128554382393,37.73537341078914,H,1.2993660765839148,37.70679119600961,False,4835.426656783584,1320.5626478753873,7630071.450675387,320.0,False,3.9317055884325884,0.5945809898044947,False,False
CO2_atmosphere_1_M_earth_1000_F_earth.csv,6000,CO2,1_M_earth,1000_F_earth,0.0766324456544102,39.82528249347529,H,1.2810984776328902,29.51083576121275,False,5046.15982543128,1106.1785675588585,7415687.370358858,192.0,False,0.3966687810237027,39.493904950037006,H,1.0718517722319347,39.14986944677472,False,5799.743705393346,1402.2137564826066,7711722.5592826065,321.0,False,5.176251098817363,0.7140153357027101,False,False
CO2_atmosphere_1_M_earth_1000_F_earth.csv,7000,CO2,1_M_earth,1000_F_earth,0.0814477570242363,42.98586896555087,H,1.0973398927657474,30.492922164884963,False,5866.77069425296,1137.033269698482,7446542.072498482,192.0,False,0.9927149419860868,40.89689235647332,H,0.9084946723201472,38.90695008491782,False,6767.769932227822,1487.4808511009608,7796989.65390096,323.0,False,12.188364397692203,1.0859454299238898,False,False
CO2_atmosphere_10_M_earth_1_F_earth.csv,200,CO2,10_M_earth,1_F_earth,1.964249306687015e-08,5.352394345131448e-05,H,18.802856076908565,5.352392085586619e-05,True,199.5778048308624,9248.799115211516,127749399.11521152,426.0,False,1.2751244711138662e-05,0.0008810291698222,H,18.72450256909108,0.0008810291698222,True,199.90670543202992,9572.310284475088,128072910.28447507,546.0,False,649.1663083565214,2.8123559719142923,False,True
CO2_atmosphere_10_M_earth_1_F_earth.csv,300,CO2,10_M_earth,1_F_earth,5.822893566249703e-06,0.0157915896012574,H,12.522420223749249,0.0157880731520932,True,298.7227220592771,9655.238857022136,128155838.85702214,427.0,False,0.003796375847516,0.2623052052595837,H,12.43381820579567,0.2623052052595837,True,299.71775353588043,10139.967498137044,128640567.49813704,547.0,False,651.9741094909101,2.814230349829335,False,True
CO2_atmosphere_10_M_earth_1_F_earth.csv,500,CO2,10_M_earth,1_F_earth,0.0007762569975451,1.2447548214390227,H,7.479465235438861,1.2041523725457142,True,497.00199988621887,10462.731931320264,128963331.93132026,427.0,False,0.2831462744602526,19.563590282921368,H,7.397671549594666,19.563590282921368,True,499.3457994036376,11276.624976879371,129777224.97687936,548.0,False,364.7584180956797,2.562005323568408,False,True
CO2_atmosphere_10_M_earth_1_F_earth.csv,1000,CO2,10_M_earth,1_F_earth,0.2521180954140082,50.559271892724695,H2,7.3710067427942,29.685786946558785,True,992.8815788883294,12508.258723328903,131008858.7233289,429.0,False,4.864127359834203,336.0799817448921,H,3.620008662411514,336.0799817448908,True,998.4466727285944,14135.103595685125,132635703.59568512,550.0,False,19.29305134503226,1.2854009201016585,False,True
CO2_atmosphere_10_M_earth_1_F_earth.csv,2000,CO2,10_M_earth,1_F_earth,4.21717920189085,567.8958264292855,H2,3.5726949710243634,509.51202185599215,True,1985.2528673924835,16679.621712414562,135180221.71241456,433.0,False,13.449221117043413,929.1844877733143,H,1.7339231874573926,929.1813522318724,True,1996.8222255517303,19959.82905684051,138460429.0568405,555.0,False,3.189150963993469,0.5036750778122725,False,True
CO2_atmosphere_10_M_earth_1_F_earth.csv,3000,CO2,10_M_earth,1_F_earth,8.758974134534343,1129.5849307250617,H2,2.308328831837529,1060.5715093627225,True,2978.3901098608794,20958.117775289,139458717.775289,437.0,False,16.937987833845085,1097.3593619908995,H,1.108186590559091,1094.199646488576,False,2995.4016265951623,25919.279180723875,144419879.18072388,560.0,False,1.933786716764356,0.286408572725146,False,False
CO2_atmosphere_10_M_earth_1_F_earth.csv,4000,CO2,10_M_earth,1_F_earth,11.644835850257094,1481.586150364036,H2,1.6787929485676434,1410.8554857301506,True,3971.8850022358015,25290.207541393786,143790807.5413938,440.0,False,49.67159571858206,1191.9638960993525,H,0.7974284043029608,1101.0043798751906,False,3994.166057908493,32013.474151851296,150514074.1518513,565.0,False,4.265547093777661,0.6299747411473735,False,False
CO2_atmosphere_10_M_earth_1_F_earth.csv,5000,CO2,10_M_earth,1_F_earth,12.981662329561717,1640.6376081342592,H2,1.302075484326491,1571.2897818317294,False,4966.3178580728245,29769.728874745662,148270328.87474567,444.0,False,277.4813649978243,1716.7199593893415,H,0.612542989476021,1059.908437184633,False,4993.098238387556,38242.43250628632,156743032.50628632,570.0,False,21.374871565249883,1.32990351387175,False,False
CO2_atmosphere_10_M_earth_1_F_earth.csv,6000,CO2,10_M_earth,1_F_earth,13.629437194642689,1705.3062019526164,H2,1.052188311645368,1631.344357151863,False,5961.364885511904,34356.54608673274,152857146.08673275,448.0,False,1032.554075045745,3395.8025292628977,C,5.885985212872601,1708.244985626813,True,5992.182306326644,44606.17125761682,163106771.25761682,575.0,False,75.75911318272263,1.8794348822821205,False,False
CO2_atmosphere_10_M_earth_1_F_earth.csv,7000,CO2,10_M_earth,1_F_earth,14.811455758011126,1763.631831839003,H2,0.8753365312942966,1661.852651033372,False,6956.434550599685,38956.83334856492,157457433.34856492,451.0,False,2643.814050736791,6813.744312808583,C,4.851458937829766,3759.733883175412,True,6991.403710579176,51104.70601369834,169605306.01369834,580.0,False,178.49792038887344,2.2516331606784754,False,False
CO2_atmosphere_10_M_earth_1000_F_earth.csv,200,CO2,10_M_earth,1000_F_earth,7.241683254971224e-15,3.1113419387052175e-08,H,18.483481734864768,3.1110103009849896e-08,True,199.47672092096772,11522.023958689406,130022623.9586894,429.0,False,1.1396561168970278e-05,0.0009722791842287,H,18.399004736599867,0.0009722791842287,True,199.87972184981555,11855.650978444084,130356250.97844408,546.0,False,1573744772.8256881,9.196934300614423,False,True
CO2_atmosphere_10_M_earth_1000_F_earth.csv,300,CO2,10_M_earth,1000_F_earth,2.8203375344841057e-10,8.714043934160416e-06,H,12.304540277192617,8.292739996727163e-06,True,298.65028407350184,11956.165020294726,130456765.02029473,430.0,False,0.0030512920423566,0.2603160456738167,H,12.215050391573747,0.2603160456738167,True,299.6897614649263,12456.11136496751,130956711.36496753,547.0,False,10818889.601151021,7.034182689158778,False,True
CO2_atmosphere_10_M_earth_1000_F_earth.csv,500,CO2,10_M_earth,1000_F_earth,2.700870679449352e-06,0.0046266126906582,H2,14.689165276292425,0.004053720393129,True,497.0220007144903,12825.846919081749,131326446.91908176,431.0,False,0.2090874809485093,17.837960275469737,H,7.264788384387366,17.837960275469737,True,499.3154928991732,13658.453429582372,132159053.42958236,548.0,False,77414.84349451993,4.888824240136418,False,True
CO2_atmosphere_10_M_earth_1000_F_earth.csv,1000,CO2,10_M_earth,1000_F_earth,0.0017374241822167,2.617107600176434,H2,7.230985544410444,2.6077766067877874,True,993.0851504356268,15017.746001534984,133518346.00153498,433.0,False,3.3216525710936105,283.3814169230623,H,3.551486299524198,283.38141692305936,True,998.4304381243068,16696.374630424023,135196974.63042402,551.0,False,1911.8259116525394,3.281448343457427,False,True
CO2_atmosphere_10_M_earth_1000_F_earth.csv,2000,CO2,10_M_earth,1000_F_earth,0.0284519899179393,42.73056892268878,H2,3.500098148351602,42.7047472442703,True,1985.6162426039573,19458.192799319684,137958792.79931968,436.0,False,8.935608530491193,762.1944816566039,H,1.6982110618929316,762.1897751642397,True,1996.8161490570888,22871.979921859325,141372579.92185932,556.0,False,314.05917674873035,2.497011487926713,False,True
CO2_atmosphere_10_M_earth_1000_F_earth.csv,3000,CO2,10_M_earth,1000_F_earth,0.0583252339030191,87.30604209829207,H2,2.2581953123344194,87.23359153251303,True,2978.9753538964205,24026.19305150032,142526793.05150032,440.0,False,11.919233524656988,895.9268397958596,H,1.0836430579734526,891.757960801978,False,2995.4043027743883,29190.12652902624,147690726.52902624,561.0,False,204.3580921505745,2.310391839536036,False,False
CO2_atmosphere_10_M_earth_1000_F_earth.csv,4000,CO2,10_M_earth,1000_F_earth,0.0903964264820967,114.97140660643856,H2,1.63935141825097,113.34465375281708,True,3973.020167065526,28707.63131605324,147208231.31605324,444.0,False,52.79074145016503,1008.7536504601252,H,0.7786102790865345,895.9770917881573,False,3994.1762287652737,35650.83566386682,154151435.66386682,566.0,False,583.9914640942184,2.7664064992975517,False,False
CO2_atmosphere_10_M_earth_1000_F_earth.csv,5000,CO2,10_M_earth,1000_F_earth,0.2877051408590946,141.53364702075402,H2,1.2697463772488675,125.78094446626804,False,4967.699410478254,33502.5658437095,152003165.8437095,448.0,False,326.9519985672472,1647.8636759501442,H,0.5972547715754039,862.835027251127,False,4993.114779769556,42254.12680772749,160754726.8077275,571.0,False,1136.4134738467326,3.0555363742788075,False,False
CO2_atmosphere_10_M_earth_1000_F_earth.csv,6000,CO2,10_M_earth,1000_F_earth,1.3187424268190246,205.50261084713048,H2,1.0247252996100875,130.3944262812987,False,5962.965191615585,38411.05104612085,156911651.04612085,452.0,False,1208.6084758135626,3605.830702673456,C,5.731564133398995,1966.277448372891,True,5992.204215490964,49000.01784347451,167500617.8434745,576.0,False,916.485623905254,2.962125656960443,False,False
CO2_atmosphere_10_M_earth_1000_F_earth.csv,7000,CO2,10_M_earth,1000_F_earth,5.081394912813289,363.6155533920446,H2,0.8508537712808033,130.76696319805706,False,6958.772788980142,43433.13773227787,161933737.73227787,456.0,False,3046.076867343981,7485.4477184752195,C,4.718356558745707,4245.827462818787,True,6991.430094824624,55888.52517793709,174389125.1779371,581.0,False,599.456826247251,2.7777579100407537,False,False
N2_atmosphere_1_M_earth_1_F_earth.csv,200,N2,1_M_earth,1_F_earth,6.230935898961937e-19,2.147726972171525e-14,H,35.618391662863424,2.1477269721676724e-14,True,197.4124151926966,510.4972573414901,6817835.45924149,219.0,False,4.153491774533436e-12,5.341588997532125e-11,H,35.32393611731992,5.341588997532125e-11,True,198.8357431177655,518.1188039554088,6825457.0058554085,285.0,False,6665919.601621003,6.82386007128327,False,True
N2_atmosphere_1_M_earth_1_F_earth.csv,300,N2,1_M_earth,1_F_earth,2.0196409272156035e-14,6.96015429618208e-10,H,24.69706977540424,6.960153609213904e-10,True,284.4744911561797,516.151253685045,6823489.455585045,219.0,False,2.0552248234119705e-07,2.643117381742129e-06,H,23.93078338158406,2.643117381742129e-06,True,293.0984788194981,527.4459335093703,6834784.13540937,286.0,False,10176189.22114747,7.007585173868035,False,True
N2_atmosphere_1_M_earth_1_F_earth.csv,500,N2,1_M_earth,1_F_earth,3.970530721580443e-10,4.231500780551438e-06,H,15.294555816569266,4.226503227846361e-06,True,458.5986430831458,527.4592463721549,6834797.448272155,219.0,False,0.001220406276019,0.0156950081771493,H,14.525083279747903,0.0156950081771493,True,481.5959435186616,545.868508488737,6853206.710388737,286.0,False,3073660.3280410473,6.487655871684136,False,True
N2_atmosphere_1_M_earth_1_F_earth.csv,1000,N2,1_M_earth,1_F_earth,0.0003297694547396,0.0089125557365014,H2,15.604907998012626,0.0060036805029958,True,895.1850551362468,556.2503744646795,6863588.576364679,220.0,False,0.6422652124738116,8.259837694834772,H,7.287513277347219,8.259837694834772,True,953.4068371422002,592.4802177001285,6899818.419600128,287.0,False,1947.6188690094768,3.2895039734457394,False,True
N2_atmosphere_1_M_earth_1_F_earth.csv,2000,N2,1_M_earth,1_F_earth,0.298187971900907,5.486573404112712,H2,7.825319209347221,5.4300775894299935,True,1770.160056224155,614.328445641011,6921666.647541011,221.0,False,9.969391043262965,128.2111351111815,H,3.609012002347829,128.2111351111815,True,1899.0586171947684,687.3536454539047,6994691.8473539045,289.0,False,33.43324339915349,1.5241785100663416,False,True
N2_atmosphere_1_M_earth_1_F_earth.csv,3000,N2,1_M_earth,1_F_earth,2.393987567344308,43.72178932418329,H2,5.186548554907774,43.59528548915701,True,2648.157751046831,673.4261509915525,6980764.352891552,222.0,False,20.69374292447057,266.13142749110006,H,2.3762224651398705,266.13142748650984,True,2845.47749814422,782.7727222216726,7090110.924121672,290.0,False,8.644047783183142,0.9367171589418156,False,True
N2_atmosphere_1_M_earth_1_F_earth.csv,4000,N2,1_M_earth,1_F_earth,6.151493338496797,112.1944634075778,H2,3.858612891619144,112.02075706751552,True,3529.1235142585324,733.5461204685922,7040884.322368592,223.0,False,27.05385989390322,347.9253898944009,H,1.756895239977001,347.92537279201406,True,3795.687232002356,881.50477511938,7188842.97701938,292.0,False,4.397933705722618,0.6432486785364027,False,True
N2_atmosphere_1_M_earth_1_F_earth.csv,5000,N2,1_M_earth,1_F_earth,10.23428328180544,186.5700696247636,H2,3.0592047634705635,186.3697782750257,True,4413.003597268971,794.69094181279,7102029.14371279,224.0,False,30.221753953100084,388.64256260706594,H,1.384956894000613,388.64035197135394,False,4748.36635719219,982.4482636828134,7289786.465582813,294.0,False,2.95299173580904,0.4702622315578473,False,False
N2_atmosphere_1_M_earth_1_F_earth.csv,6000,N2,1_M_earth,1_F_earth,13.851814356493488,252.46006313866152,H2,2.525239135004493,252.246279384867,True,5299.745115055012,856.8631611881246,7164201.363088124,225.0,False,32.05079530426268,411.6149101409613,H,1.1381832795016815,411.56130359582784,False,5699.81470623524,1082.2858457070618,7389624.047607061,295.0,False,2.313833731769429,0.36433214806023667,False,False
N2_atmosphere_1_M_earth_1_F_earth.csv,7000,N2,1_M_earth,1_F_earth,16.767929624352284,305.5693116170443,H2,2.143392576126121,305.3497544943248,True,6189.296033162778,920.0652838076855,7227403.485707685,226.0,False,32.750580619264845,415.7933513825942,H,0.9609487263524448,415.2893475432016,False,6656.647412976178,1187.107428027803,7494445.629927803,297.0,False,1.953167824112331,0.29073956123692485,False,False
N2_atmosphere_1_M_earth_1000_F_earth.csv,200,N2,1_M_earth,1000_F_earth,4.417100638492263e-12,9.77661771691911e-09,H,24.87816041817038,9.776617716633728e-09,True,257.7313165887359,1169.359585740272,7476697.787640272,229.0,False,2.112974625602182e-13,3.4653236644737435e-10,H,28.334201576807565,3.4653236644737435e-10,True,225.97554283006733,1179.9209471099823,7487259.149009982,295.0,False,0.04783623463746633,-1.3202430125591165,False,True
N2_atmosphere_1_M_earth_1000_F_earth.csv,300,N2,1_M_earth,1000_F_earth,1.6946874920741602e-09,3.7509473314427672e-06,H,18.499627077853894,3.750947267361297e-06,True,346.2680245785584,1176.422971806894,7483761.173706894,229.0,False,5.67670838960096e-10,9.309923403928508e-07,H,19.92826296370632,9.309923403928508e-07,True,320.81776625093363,1191.041472846401,7498379.674746401,295.0,False,0.3349708082552217,-0.47499303883203786,False,True
N2_atmosphere_1_M_earth_1000_F_earth.csv,500,N2,1_M_earth,1000_F_earth,5.018637550501915e-07,0.0011108066263712,H,12.217186723446543,0.0011107965989679,True,523.3414405582034,1190.5497439401383,7497887.945840138,229.0,False,4.975590705837094e-07,0.0008160075378453,H,12.486593294123915,0.0008160075378453,True,510.50221309266624,1213.28252431924,7520620.72621924,295.0,False,0.9914226033994993,-0.003741183857566886,False,True
N2_atmosphere_1_M_earth_1000_F_earth.csv,1000,N2,1_M_earth,1000_F_earth,5.893574548563108e-05,0.1305508018049052,H,6.584249763189541,0.1302318289429799,True,966.4336236535032,1226.511548119354,7533849.750019354,230.0,False,8.457739700662012e-05,0.1387087434820016,H,6.424124328274242,0.1387087434820016,True,984.8971944871824,1269.5424246819018,7576880.626581902,296.0,False,1.4350780890222326,0.15687553361965562,False,True
N2_atmosphere_1_M_earth_1000_F_earth.csv,2000,N2,1_M_earth,1000_F_earth,0.0006204128038885,1.397695762901154,H,3.3977388290601613,1.323262220571861,True,1854.9454009775127,1298.9741993382795,7606312.401238279,231.0,False,0.0008426615774021,1.3819830440563443,H,3.2203117999165025,1.3819830440562804,True,1935.519348318605,1383.9634081642553,7691301.610064255,298.0,False,1.3582272514697202,0.13297243990203578,False,True
N2_atmosphere_1_M_earth_1000_F_earth.csv,3000,N2,1_M_earth,1000_F_earth,0.0012550636320015,2.914165341280513,H,2.273070637977457,2.500205736075354,True,2746.14393987615,1372.6234860373029,7679961.6879373025,232.0,False,0.0015236675137397,2.4986007555585203,H,2.125528025245209,2.4986006040838515,True,2888.51146834626,1500.9233258838626,7808261.527783862,300.0,False,1.214016146185231,0.08422446281215389,False,True
N2_atmosphere_1_M_earth_1000_F_earth.csv,4000,N2,1_M_earth,1000_F_earth,0.0017153555962602,4.093802336708322,H,1.6983436811561865,3.191145499704934,True,3639.980737589072,1447.462083419972,7754800.285319972,233.0,False,0.0021077512675139,3.0923340393905843,H,1.5732039685798922,3.0921110582384004,True,3843.788449517153,1620.4268718692344,7927765.073769234,302.0,False,1.2287547095827809,0.08946519541141815,False,True
N2_atmosphere_1_M_earth_1000_F_earth.csv,5000,N2,1_M_earth,1000_F_earth,0.001987025188987,4.842059599186539,H,1.3473296093313694,3.4881089067062003,False,4541.984038711338,1526.5221415209417,7833860.343420941,235.0,False,0.0187721998981918,3.3710862791446705,H,1.2403759787019042,3.354326570683687,False,4801.267901668192,1742.4785904072382,8049816.792307238,304.0,False,9.447388992467681,0.975311797626155,False,False
N2_atmosphere_1_M_earth_1000_F_earth.csv,6000,N2,1_M_earth,1000_F_earth,0.0021836570770245,5.370659622504348,H,1.1134074909343454,3.638366464610614,False,5442.1700993432905,1604.3476051004006,7911685.8070004,236.0,False,0.287631312381113,3.7776377893974695,H,1.018999542275517,3.491671554979936,False,5757.958857246322,1863.2389733359869,8170577.175235987,305.0,False,131.72000100539864,2.1196517253547738,False,False
N2_atmosphere_1_M_earth_1000_F_earth.csv,7000,N2,1_M_earth,1000_F_earth,0.0024067957956645,5.710899122352073,H,0.9455627777080348,3.682683804006305,False,6344.823494537472,1683.3718068097542,7990710.008709754,237.0,False,2.092320714964461,5.57896475767645,H,0.8599148884694303,3.4857005788135558,False,6719.139628793972,1989.7584329285053,8297096.634828505,307.0,False,869.3386945138756,2.9391890106269685,False,False
N2_atmosphere_10_M_earth_1_F_earth.csv,200,N2,10_M_earth,1_F_earth,5.288940043206304e-06,0.0007731806002912,H,18.30268425496357,0.0007731797583977,True,199.6529657560062,12690.60747487183,131191207.47487184,472.0,False,0.0068922857015775,0.0242525457601076,H,18.23728714643924,0.0242525457601076,True,199.84276898486476,13035.998839155018,131536598.83915502,535.0,False,1303.1506587847803,3.114994627912507,False,True
N2_atmosphere_10_M_earth_1_F_earth.csv,300,N2,10_M_earth,1_F_earth,0.0014362445655713,0.2063287074300565,H,12.126347631828631,0.2062220005839314,True,299.1720760535104,13642.415567308888,132143015.56730887,473.0,False,1.8398650761699131,6.4741094441313605,H,12.0607687802889,6.4741094441313605,True,299.6248919960658,14160.135466857404,132660735.4668574,536.0,False,1281.024917534197,3.1075575773967996,False,True
N2_atmosphere_10_M_earth_1_F_earth.csv,500,N2,10_M_earth,1_F_earth,0.3399452543301979,15.210275291239904,H,7.178039809128653,14.199574295757955,True,498.2240873440612,15548.746125097769,134049346.12509777,474.0,False,124.28123741969615,437.3202923021733,H,7.117412473521664,437.3202923021733,True,499.2054343156076,16424.840078843266,134925440.07884327,538.0,False,365.5919176297089,2.5629965859468644,False,True
N2_atmosphere_10_M_earth_1_F_earth.csv,1000,N2,10_M_earth,1_F_earth,148.8364043471451,835.2838641790144,H2,6.928351243622089,613.193778373691,True,996.08232834996,20430.71498756796,138931314.98756796,479.0,False,1939.773244301585,6825.665883364185,H,3.413621604657925,6825.665883364185,True,998.2471843728188,22182.461382413985,140683061.38241398,543.0,False,13.032921971006973,1.1150417951155034,False,True
N2_atmosphere_10_M_earth_1_F_earth.csv,2000,N2,10_M_earth,1_F_earth,2261.588175249896,9984.8838355002,H2,3.2298120038276936,9396.90039851259,True,1992.3876011042569,30495.260847979425,148995860.84797943,487.0,False,5012.641754125834,17638.459914483905,H,1.573281159946391,17638.45802825584,True,1996.678652079354,34108.61771793982,152609217.71793982,553.0,False,2.216425522994238,0.3456531425850228,False,True
N2_atmosphere_10_M_earth_1_F_earth.csv,3000,N2,10_M_earth,1_F_earth,4453.348000948195,19195.96796556148,H2,2.0108566624931123,18517.305448933723,True,2989.4354840570945,40997.30346711916,159497903.46711916,495.0,False,5761.556413311714,20267.264441549665,H,0.9699433519231968,20262.686854794985,False,2995.4481834296785,46500.59923475364,165001199.23475364,562.0,False,1.2937584065033723,0.11185318474199035,False,False
N2_atmosphere_10_M_earth_1_F_earth.csv,4000,N2,10_M_earth,1_F_earth,5617.051774864116,24035.729204604733,H2,1.4109142107356791,23361.041086424542,False,3987.117721864151,51937.07926965916,170437679.26965916,503.0,False,5814.51551306759,20210.018087728757,H,0.6746643135042948,20032.1473332622,False,3994.5188695680654,59385.93145166055,177886531.45166054,571.0,False,1.0351543382753048,0.015005106569951902,False,False
N2_atmosphere_10_M_earth_1_F_earth.csv,5000,N2,10_M_earth,1_F_earth,6075.622291346862,25921.090382765276,H2,1.057790947533763,25262.02107350679,False,4985.339974037972,63314.79429086673,181815394.29086676,511.0,False,6329.514817992243,20357.82325370909,H,0.5019083092199649,18987.998387137,False,4993.840371490916,72764.72430671942,191265324.30671945,580.0,False,1.0417887278817488,0.0177796540707234,False,False
N2_atmosphere_10_M_earth_1_F_earth.csv,6000,N2,10_M_earth,1_F_earth,6271.059775023636,26692.53646201661,H2,0.8282091066837731,25952.01820518164,False,5983.81806099851,74966.39969640574,193466999.6964057,518.0,False,8410.96910311428,22861.84933665153,H,0.3902413113434399,18018.285679702083,False,5993.285825003601,86472.58539605826,204973185.39605823,588.0,False,1.3412356770403417,0.12750509719912773,False,False
N2_atmosphere_10_M_earth_1_F_earth.csv,7000,N2,10_M_earth,1_F_earth,6422.437286811175,26971.59018262389,H2,0.6681722773325885,25813.58111566784,False,6982.656423912998,87001.44703786644,205502047.03786644,525.0,False,12321.399697606246,28059.51679615176,H,0.3128648060755648,17010.04225364911,False,6992.8937077806095,100619.21033248896,219119810.33248892,596.0,False,1.9184928006862616,0.28296017380897864,False,False
N2_atmosphere_10_M_earth_1000_F_earth.csv,200,N2,10_M_earth,1000_F_earth,7.319849149196113e-09,2.9016536695790943e-05,H,18.3657630896084,2.90165326234105e-05,True,199.61896129871576,12262.290941487105,130762890.9414871,467.0,False,2.200252201034933e-07,0.0001405848756866,H,18.315564321816264,0.0001405848756866,True,199.79672388422748,12504.021220214456,131004621.22021446,517.0,False,30.058709628962383,1.4779703331021994,False,True
N2_atmosphere_10_M_earth_1000_F_earth.csv,300,N2,10_M_earth,1000_F_earth,2.000646702643576e-06,0.0079287090065358,H,12.181053985719842,0.0079281757617896,True,299.09572202060804,13082.530182077571,131583130.18207756,467.0,False,5.921297801914546e-05,0.03783406806702,H,12.129586995052298,0.03783406806702,True,299.5236111745236,13452.07717041506,131952677.17041506,518.0,False,29.596918806755717,1.4712465010969389,False,True
N2_atmosphere_10_M_earth_1000_F_earth.csv,500,N2,10_M_earth,1000_F_earth,0.0001425917941751,0.5459338495620378,H,7.223056044290869,0.5408798409027289,True,498.0976616583028,14747.122664772674,133247722.66477267,469.0,False,0.004025212424045,2.571905111516176,H,7.1768719040562425,2.571905111516176,True,498.9978162148002,15362.674077535048,133863274.07753503,520.0,False,28.228920516296444,1.4506942708929538,False,True
N2_atmosphere_10_M_earth_1000_F_earth.csv,1000,N2,10_M_earth,1000_F_earth,0.0059975421879133,11.755720036410036,H,3.502131698789273,8.610464568789416,True,995.7647348273164,18968.8095519048,137469409.5519048,473.0,False,0.0639196834778696,40.84141241369489,H,3.464084925124564,40.84141241369485,True,997.7687911823832,20199.51989380765,138700119.89380765,524.0,False,10.65764632830518,1.027661304175301,False,True
N2_atmosphere_10_M_earth_1000_F_earth.csv,2000,N2,10_M_earth,1000_F_earth,0.0655467184264928,72.02186236458871,H2,3.293792971160301,49.01747817796573,True,1991.6776194938457,27653.141194873573,146153741.19487357,480.0,False,0.1706782853753531,107.9386279505709,H,1.615852847237296,107.9368719893852,True,1995.670382561734,30163.005988580764,148663605.98858076,532.0,False,2.6039180827452073,0.4156273175415755,False,True
N2_atmosphere_10_M_earth_1000_F_earth.csv,3000,N2,10_M_earth,1000_F_earth,0.4797025949230105,125.63426769313406,H2,2.067646951847497,97.68082071743407,True,2988.3088800134533,36674.99080211568,155175590.80211568,487.0,False,4.795431439746085,128.97725201179722,H,1.0069551530759224,124.36502504272649,False,2993.993791297132,40512.99585747376,159013595.85747376,540.0,False,9.996676045739807,0.9998556185034658,False,False
N2_atmosphere_10_M_earth_1000_F_earth.csv,4000,N2,10_M_earth,1000_F_earth,15.60126622330285,205.3590965720353,H2,1.4620982721953106,124.36433462493764,False,3985.566511405406,46034.53560522318,164535135.60522318,494.0,False,190.41551994659025,313.8639539892263,N,9.902589321530716,190.58739203661105,True,3992.677523950065,51249.60795689979,169750207.9568998,548.0,False,12.205132405354115,1.0865424951504021,False,False
N2_atmosphere_10_M_earth_1000_F_earth.csv,5000,N2,10_M_earth,1000_F_earth,132.0720354862677,623.47452766101,N,7.729849353704445,460.89424466504994,True,4983.368909862694,55731.932799736,174232532.799736,501.0,False,1560.292334040102,1682.422232824428,N,7.438784402620656,1563.0974191140251,True,4991.562624765551,62252.11213375777,180752712.13375777,555.0,False,11.813949321636182,1.072395103530314,False,True
N2_atmosphere_10_M_earth_1000_F_earth.csv,6000,N2,10_M_earth,1000_F_earth,522.5193795400315,1964.3070304825308,N,6.0941240329945,1772.296603196797,True,5981.411640454114,65622.52520213848,184123125.20213848,507.0,False,5708.451631688501,5832.279795087295,N,5.827703682092431,5719.221384483123,True,5990.803715435441,73738.07597293878,192238675.9729388,563.0,False,10.924861077331892,1.038415923104082,False,True
N2_atmosphere_10_M_earth_1000_F_earth.csv,7000,N2,10_M_earth,1000_F_earth,1366.232137148253,4670.257831655426,N,4.944301297681032,4306.586859182456,True,6980.078330607769,75971.85379908988,194472453.79908988,514.0,False,13549.428102784364,13684.75546989305,N,4.707928387604763,13575.239905341688,True,6990.144082360803,85441.7140103671,203942314.0103671,570.0,False,9.917368896815875,0.9963964680051982,False,True
