file,T_inf,atmosphere_type,mass_case,flux_case,weighted_mass_loss_kg_s,M_total_kg_s,dominant_escaping_species,dominant_lambda_j,dominant_species_Mdot_kg_s,jeans_valid,T_exo_K,exobase_altitude_km,exobase_radius_m,exobase_index,unphysical_extension
H2_atmosphere_1_M_earth_1_F_earth.csv,200,H2,1_M_earth,1_F_earth,3.208783220084817e-06,3.543057492657206e-06,H,25.07713021352359,3.543057492657206e-06,True,199.77270369451278,3257.679190437926,9569306.136637926,420.0,False
H2_atmosphere_1_M_earth_1_F_earth.csv,300,H2,1_M_earth,1_F_earth,0.009237659650272685,0.010199990773340759,H,16.511894221887843,0.010199990773340759,True,298.66883112826645,3409.2989133702927,9720925.859570293,422.0,False
H2_atmosphere_1_M_earth_1_F_earth.csv,500,H2,1_M_earth,1_F_earth,4.252354103423225,4.695342138808313,H,9.624072985635047,4.695342138808313,True,496.61794287755237,3718.654432187764,10030281.378387764,426.0,False
H2_atmosphere_1_M_earth_1_F_earth.csv,1000,H2,1_M_earth,1_F_earth,272.93720129722806,301.3703730523343,H,4.459471450796313,301.3703730523343,True,992.2277335400906,4522.6437228900395,10834270.66909004,435.0,False
H2_atmosphere_1_M_earth_1_F_earth.csv,2000,H2,1_M_earth,1_F_earth,1302.2084931589707,1437.8657731877204,H,1.9169452952975414,1437.86577078871,True,1986.2925800749954,6278.8299701945425,12590456.916394543,454.0,False
H2_atmosphere_1_M_earth_1_F_earth.csv,3000,H2,1_M_earth,1_F_earth,1718.2540042333292,1897.2705909530139,H,1.1063956920682596,1897.251094536954,False,2982.9179819937585,8214.259425921682,14525886.372121682,472.0,False
H2_atmosphere_1_M_earth_1_F_earth.csv,4000,H2,1_M_earth,1_F_earth,1800.3741307763025,1988.9703315123093,H,0.725221824807758,1987.8333165527379,False,3980.9335586879797,10293.363739562006,16604990.685762007,488.0,False
H2_atmosphere_1_M_earth_1_F_earth.csv,5000,H2,1_M_earth,1_F_earth,1739.225523437416,1929.562794512845,H,0.5107096283419571,1919.5957595191683,False,4980.176993316986,12536.821567678435,18848448.513878435,504.0,False
H2_atmosphere_1_M_earth_1_F_earth.csv,6000,H2,1_M_earth,1_F_earth,1647.8844238642153,1852.2771068932495,H,0.37768561045565213,1816.7081886331455,False,5980.037408412508,14913.978708829736,21225605.655029736,519.0,False
H2_atmosphere_1_M_earth_1_F_earth.csv,7000,H2,1_M_earth,1_F_earth,1577.1909837528742,1814.3403865911769,H,0.2899760009998017,1735.2966913153807,False,6980.012419164133,17373.525223349476,23685152.169549473,532.0,False
H2_atmosphere_1_M_earth_1000_F_earth.csv,200,H2,1_M_earth,1000_F_earth,,,,,,False,,,,,True
H2_atmosphere_1_M_earth_1000_F_earth.csv,300,H2,1_M_earth,1000_F_earth,,,,,,False,,,,,True
H2_atmosphere_1_M_earth_1000_F_earth.csv,500,H2,1_M_earth,1000_F_earth,,,,,,False,,,,,True
H2_atmosphere_1_M_earth_1000_F_earth.csv,1000,H2,1_M_earth,1000_F_earth,,,,,,False,,,,,True
H2_atmosphere_1_M_earth_1000_F_earth.csv,2000,H2,1_M_earth,1000_F_earth,,,,,,False,,,,,True
H2_atmosphere_1_M_earth_1000_F_earth.csv,3000,H2,1_M_earth,1000_F_earth,,,,,,False,,,,,True
H2_atmosphere_1_M_earth_1000_F_earth.csv,4000,H2,1_M_earth,1000_F_earth,,,,,,False,,,,,True
H2_atmosphere_1_M_earth_1000_F_earth.csv,5000,H2,1_M_earth,1000_F_earth,,,,,,False,,,,,True
H2_atmosphere_1_M_earth_1000_F_earth.csv,6000,H2,1_M_earth,1000_F_earth,,,,,,False,,,,,True
H2_atmosphere_1_M_earth_1000_F_earth.csv,7000,H2,1_M_earth,1000_F_earth,,,,,,False,,,,,True
H2_atmosphere_10_M_earth_1_F_earth.csv,200,H2,10_M_earth,1_F_earth,88.68689637562638,88.68689637855526,H,8.809624988285664,88.68689637855526,True,199.98723010012938,153603.28595096947,272103885.95096946,728.0,False
H2_atmosphere_10_M_earth_1_F_earth.csv,300,H2,10_M_earth,1_F_earth,1825.5299124674946,1825.5299125277827,H,5.104297885504343,1825.5299125277827,True,299.9735434759134,194593.91964079428,313094519.6407943,745.0,False
H2_atmosphere_10_M_earth_1_F_earth.csv,500,H2,10_M_earth,1_F_earth,11842.510555665698,11842.510556056797,H,2.3976031843625916,11842.510556056797,True,499.9591781513258,281428.10667896585,399928706.67896587,774.0,False
H2_atmosphere_10_M_earth_1_F_earth.csv,1000,H2,10_M_earth,1_F_earth,22380.6848530054,22380.68485374543,H,0.7507325104320777,22380.684853744515,False,999.9519997944567,520101.07638447784,638601676.3844779,830.0,False
H2_atmosphere_10_M_earth_1_F_earth.csv,2000,H2,10_M_earth,1_F_earth,18696.205227180195,18696.20522825029,H,0.2044067156127909,18696.205227797633,False,1999.958556271883,1054176.0417966298,1172676641.7966297,903.0,False
H2_atmosphere_10_M_earth_1_F_earth.csv,3000,H2,10_M_earth,1_F_earth,15479.853539783133,15479.85354142975,H,0.09123611000841397,15479.853540294353,False,2999.9651288178675,1633004.7336341527,1751505333.6341527,951.0,False
H2_atmosphere_10_M_earth_1_F_earth.csv,4000,H2,10_M_earth,1_F_earth,,,,,,False,,,,,True
H2_atmosphere_10_M_earth_1_F_earth.csv,5000,H2,10_M_earth,1_F_earth,,,,,,False,,,,,True
H2_atmosphere_10_M_earth_1_F_earth.csv,6000,H2,10_M_earth,1_F_earth,,,,,,False,,,,,True
H2_atmosphere_10_M_earth_1_F_earth.csv,7000,H2,10_M_earth,1_F_earth,,,,,,False,,,,,True
H2_atmosphere_10_M_earth_1000_F_earth.csv,200,H2,10_M_earth,1000_F_earth,154.5151590300892,154.51515957348772,H,8.18066177687477,154.51515957348772,True,199.98510416466013,174526.87639682973,293027476.3968297,717.0,False
H2_atmosphere_10_M_earth_1000_F_earth.csv,300,H2,10_M_earth,1000_F_earth,2787.4501492523905,2787.4501590552886,H,4.597595198517287,2787.4501590552886,True,299.97058657110904,229103.61020325686,347604210.20325685,737.0,False
H2_atmosphere_10_M_earth_1000_F_earth.csv,500,H2,10_M_earth,1000_F_earth,14829.11679635864,14829.116848509642,H,2.0631830569513805,14829.116848509642,True,499.95806307523566,346253.35192247917,464753951.92247915,772.0,False
H2_atmosphere_10_M_earth_1000_F_earth.csv,1000,H2,10_M_earth,1000_F_earth,23669.47417804878,23669.474261535295,H,0.6079631444606141,23669.474261289528,False,999.9549177205727,670063.0573104891,788563657.3104892,835.0,False
H2_atmosphere_10_M_earth_1000_F_earth.csv,2000,H2,10_M_earth,1000_F_earth,18907.717829622397,18907.717971672442,H,0.15827453721907608,18907.717896117014,False,1999.9634717714375,1395971.632213788,1514472232.213788,913.0,False
H2_atmosphere_10_M_earth_1000_F_earth.csv,3000,H2,10_M_earth,1000_F_earth,,,,,,False,,,,,True
H2_atmosphere_10_M_earth_1000_F_earth.csv,4000,H2,10_M_earth,1000_F_earth,,,,,,False,,,,,True
H2_atmosphere_10_M_earth_1000_F_earth.csv,5000,H2,10_M_earth,1000_F_earth,,,,,,False,,,,,True
H2_atmosphere_10_M_earth_1000_F_earth.csv,6000,H2,10_M_earth,1000_F_earth,,,,,,False,,,,,True
H2_atmosphere_10_M_earth_1000_F_earth.csv,7000,H2,10_M_earth,1000_F_earth,,,,,,False,,,,,True
H2O_atmosphere_1_M_earth_1_F_earth.csv,200,H2O,1_M_earth,1_F_earth,69.42871546244393,88.45015345979216,H,7.378360444333399,88.45015345979216,True,199.852257559129,26198.611954219403,32510637.327619404,543.0,False
H2O_atmosphere_1_M_earth_1_F_earth.csv,300,H2O,1_M_earth,1_F_earth,553.024666161567,704.5372546968779,H,4.718833394022835,704.5372546968779,True,299.67170034428375,27589.09358396553,33901118.95736553,548.0,False
H2O_atmosphere_1_M_earth_1_F_earth.csv,500,H2O,1_M_earth,1_F_earth,2217.6454217691153,2825.215425179338,H,2.610155592959694,2825.2154251793377,True,499.3761045608065,30467.003285166564,36779028.658566564,558.0,False
H2O_atmosphere_1_M_earth_1_F_earth.csv,1000,H2O,1_M_earth,1_F_earth,4152.925417205421,5290.709010624897,H,1.0790830313438315,5290.704249936865,False,998.9065234463287,38162.845574124236,44474870.94752424,581.0,False
H2O_atmosphere_1_M_earth_1_F_earth.csv,2000,H2O,1_M_earth,1_F_earth,3985.108043003058,5137.622822741855,H,0.3895250875317578,5054.006038823738,False,1998.5446315818533,55268.74590096992,61580771.274369925,619.0,False
H2O_atmosphere_1_M_earth_1_F_earth.csv,3000,H2O,1_M_earth,1_F_earth,3516.714408333589,5082.664075237384,H,0.19821018759863757,4252.883897787216,False,2998.525228664902,74348.44112330998,80660466.49670999,652.0,False
H2O_atmosphere_1_M_earth_1_F_earth.csv,4000,H2O,1_M_earth,1_F_earth,,,,,,False,,,,,True
H2O_atmosphere_1_M_earth_1_F_earth.csv,5000,H2O,1_M_earth,1_F_earth,,,,,,False,,,,,True
H2O_atmosphere_1_M_earth_1_F_earth.csv,6000,H2O,1_M_earth,1_F_earth,,,,,,False,,,,,True
H2O_atmosphere_1_M_earth_1_F_earth.csv,7000,H2O,1_M_earth,1_F_earth,,,,,,False,,,,,True
H2O_atmosphere_1_M_earth_1000_F_earth.csv,200,H2O,1_M_earth,1000_F_earth,2.126308909745018e-07,4.4495870916499165e-07,H,27.780499465214014,4.4495870916499165e-07,True,220.31526407882558,1520.9131549832168,7832671.239383217,309.0,False
H2O_atmosphere_1_M_earth_1000_F_earth.csv,300,H2O,1_M_earth,1000_F_earth,0.0005732131346793911,0.0011995255031591156,H,19.34231155182748,0.0011995255031591156,True,315.74752835870163,1537.8179643052313,7849576.048705231,310.0,False
H2O_atmosphere_1_M_earth_1000_F_earth.csv,500,H2O,1_M_earth,1000_F_earth,0.45330762699649196,0.9486071174258137,H,11.992524061455462,0.9486071174258137,True,507.0999579612619,1571.220782150805,7882978.866550805,310.0,False
H2O_atmosphere_1_M_earth_1000_F_earth.csv,1000,H2O,1_M_earth,1000_F_earth,63.535855551297864,132.9573146320919,H,6.102776939027397,132.9573146320919,True,985.8276328053805,1656.548795898214,7968306.880298214,312.0,False
H2O_atmosphere_1_M_earth_1000_F_earth.csv,2000,H2O,1_M_earth,1000_F_earth,561.2546935804227,1174.5008583832087,H,3.0277592856413547,1174.5008583832036,True,1944.9678388983657,1828.9234650915619,8140681.549491562,314.0,False
H2O_atmosphere_1_M_earth_1000_F_earth.csv,3000,H2O,1_M_earth,1000_F_earth,962.3083491417118,2013.7595202885122,H,1.9821399339703614,2013.7595195242827,True,2907.1949246659833,2007.5282511016064,8319286.335501607,317.0,False
H2O_atmosphere_1_M_earth_1000_F_earth.csv,4000,H2O,1_M_earth,1000_F_earth,1156.8764228975076,2420.9196188656974,H,1.4559798723003186,2420.9193213359995,False,3872.1806989072447,2191.4645128217267,8503222.597221727,320.0,False
H2O_atmosphere_1_M_earth_1000_F_earth.csv,5000,H2O,1_M_earth,1000_F_earth,1249.9988390720525,2615.7991261775214,H,1.1405717006833436,2615.787397476297,False,4837.829247314864,2376.2738323313015,8688031.916731302,322.0,False
H2O_atmosphere_1_M_earth_1000_F_earth.csv,6000,H2O,1_M_earth,1000_F_earth,1264.7987286714047,2646.8476165623583,H,0.9294020124256213,2646.696585998969,False,5807.530048894498,2570.010660080848,8881768.744480848,325.0,False
H2O_atmosphere_1_M_earth_1000_F_earth.csv,7000,H2O,1_M_earth,1000_F_earth,1249.9616199401225,2616.1576888729132,H,0.7786881499978304,2615.1607495992453,False,6779.593238552982,2769.1092659758665,9080867.350375867,328.0,False
H2O_atmosphere_10_M_earth_1_F_earth.csv,200,H2O,10_M_earth,1_F_earth,0.1107283082407634,0.1617499850353209,H,16.831925874830233,0.1617499850353209,True,199.9444647329141,23945.754683966934,142446354.68396693,584.0,False
H2O_atmosphere_10_M_earth_1_F_earth.csv,300,H2O,10_M_earth,1_F_earth,19.437061933090543,28.39332169666973,H,11.081133722400644,28.39332169666973,True,299.8260729281036,25790.964734134704,144291564.7341347,585.0,False
H2O_atmosphere_10_M_earth_1_F_earth.csv,500,H2O,10_M_earth,1_F_earth,913.0400089672178,1333.7529502029222,H,6.481379581097723,1333.7529502029222,True,499.60809780525756,29545.71768400514,148046317.68400514,589.0,False
H2O_atmosphere_10_M_earth_1_F_earth.csv,1000,H2O,10_M_earth,1_F_earth,10934.933684860307,15973.560763183817,H,3.0446413050517114,15973.560763183817,True,999.1225055870303,39093.392696762174,157593992.69676217,596.0,False
H2O_atmosphere_10_M_earth_1_F_earth.csv,2000,H2O,10_M_earth,1_F_earth,24534.84489554801,35840.07493064838,H,1.3512401120320874,35840.07384350357,False,1998.3941160866752,59033.124400830566,177533724.40083057,610.0,False
H2O_atmosphere_10_M_earth_1_F_earth.csv,3000,H2O,10_M_earth,1_F_earth,26282.20761248175,38394.29173535054,H,0.8051852670039988,38391.17455180069,False,2997.923479993982,80098.90971282133,198599509.71282133,624.0,False
H2O_atmosphere_10_M_earth_1_F_earth.csv,4000,H2O,10_M_earth,1_F_earth,25517.406783875114,37342.368961744214,H,0.5439357363485181,37218.88487309836,False,3997.586526542933,101969.18059210468,220469780.59210467,636.0,False
H2O_atmosphere_10_M_earth_1_F_earth.csv,5000,H2O,10_M_earth,1_F_earth,24093.44721562565,35686.58822646574,H,0.3942755195189968,34779.619382999845,False,4997.384531194607,124804.91572623429,243305515.7262343,648.0,False
H2O_atmosphere_10_M_earth_1_F_earth.csv,6000,H2O,10_M_earth,1_F_earth,23221.59502194759,35539.29293000377,H,0.2995365916414038,32551.537285533115,False,5997.2520188793005,148364.85072823768,266865450.7282377,659.0,False
H2O_atmosphere_10_M_earth_1_F_earth.csv,7000,H2O,10_M_earth,1_F_earth,23039.091341635205,37111.5319151411,H,0.23541625427703122,30726.02425394864,False,6997.161843404626,172528.33549066223,291028935.4906622,669.0,False
H2O_atmosphere_10_M_earth_1000_F_earth.csv,200,H2O,10_M_earth,1000_F_earth,35.33159984090757,35.335452095158395,H,9.828023626946177,35.335452095158395,True,199.98110303095467,125414.8914800095,243915491.4800095,674.0,False
H2O_atmosphere_10_M_earth_1000_F_earth.csv,300,H2O,10_M_earth,1000_F_earth,1323.746549507192,1323.8908794638116,H,5.492479105000571,1323.8908794638116,True,299.9549219867889,172484.0831416546,290984683.1416546,695.0,False
H2O_atmosphere_10_M_earth_1000_F_earth.csv,500,H2O,10_M_earth,1000_F_earth,11447.651044563523,11448.899198131348,H,2.4427976560323588,11448.899198131348,True,499.93236429167564,274050.1287784921,392550728.7784921,731.0,False
H2O_atmosphere_10_M_earth_1000_F_earth.csv,1000,H2O,10_M_earth,1000_F_earth,22767.09581811297,22769.582420116058,H,0.7093529169062264,22769.578146429656,False,999.9269436390731,557370.5450510363,675871145.0510362,796.0,False
H2O_atmosphere_10_M_earth_1000_F_earth.csv,2000,H2O,10_M_earth,1000_F_earth,18793.44244623272,18797.24939707289,H,0.18214235069384002,18795.491405782297,False,1999.9415475344351,1197530.9330969718,1316031533.0969718,876.0,False
H2O_atmosphere_10_M_earth_1000_F_earth.csv,3000,H2O,10_M_earth,1000_F_earth,15492.305772210497,15498.074202724427,H,0.07939695586342545,15493.994674086161,False,2999.9524465090294,1894186.732035144,2012687332.035144,927.0,False
H2O_atmosphere_10_M_earth_1000_F_earth.csv,4000,H2O,10_M_earth,1000_F_earth,,,,,,False,,,,,True
H2O_atmosphere_10_M_earth_1000_F_earth.csv,5000,H2O,10_M_earth,1000_F_earth,,,,,,False,,,,,True
H2O_atmosphere_10_M_earth_1000_F_earth.csv,6000,H2O,10_M_earth,1000_F_earth,,,,,,False,,,,,True
H2O_atmosphere_10_M_earth_1000_F_earth.csv,7000,H2O,10_M_earth,1000_F_earth,,,,,,False,,,,,True
CO2_atmosphere_1_M_earth_1_F_earth.csv,200,CO2,1_M_earth,1_F_earth,4.324211846271733e-13,1.0928800525527547e-11,H,36.27502079483728,1.0928800525527547e-11,True,199.07486462140767,329.00450560871604,6638513.308408716,304.0,False
CO2_atmosphere_1_M_earth_1_F_earth.csv,300,CO2,1_M_earth,1_F_earth,3.158795745965653e-08,7.983385142961441e-07,H,24.50272268899189,7.983385142961441e-07,True,294.44918772844596,335.1123415221144,6644621.144322114,304.0,False
CO2_atmosphere_1_M_earth_1_F_earth.csv,500,CO2,1_M_earth,1_F_earth,0.0002405835046701734,0.006080389272647643,H,14.842537849188846,0.006080389272647643,True,485.19783394252266,347.32801334891,6656836.81614891,304.0,False
CO2_atmosphere_1_M_earth_1_F_earth.csv,1000,CO2,1_M_earth,1_F_earth,0.14726333828900864,3.721861245700689,H,7.4474068567633935,3.721861245700689,True,962.5256653559917,378.2027060926454,6687711.508892645,305.0,False
CO2_atmosphere_1_M_earth_1_F_earth.csv,2000,CO2,1_M_earth,1_F_earth,2.461046883692293,62.19928956309975,H,3.703356155957719,62.19928956309971,True,1917.8256550276342,440.28218458068466,6749790.987380684,306.0,False
CO2_atmosphere_1_M_earth_1_F_earth.csv,3000,CO2,1_M_earth,1_F_earth,5.18263506270811,130.9833713504913,H,2.448319745493114,130.98337128670215,True,2874.2063392305286,503.02784114621954,6812536.643946219,307.0,False
CO2_atmosphere_1_M_earth_1_F_earth.csv,4000,CO2,1_M_earth,1_F_earth,6.8990235149211205,174.36198257048082,H,1.8196030390926694,174.36190371917291,True,3831.6481880180095,566.440238519608,6875949.041319608,308.0,False
CO2_atmosphere_1_M_earth_1_F_earth.csv,5000,CO2,1_M_earth,1_F_earth,7.815908132474659,197.49831805114164,H,1.4420694647240406,197.4930200887447,False,4790.131984904318,630.5199303992372,6940028.733199237,309.0,False
CO2_atmosphere_1_M_earth_1_F_earth.csv,6000,CO2,1_M_earth,1_F_earth,8.150457247013486,205.3915195402827,H,1.1893465030415333,205.30753403378537,False,5752.6500820196225,697.2726467093435,7006781.449509343,311.0,False
CO2_atmosphere_1_M_earth_1_F_earth.csv,7000,CO2,1_M_earth,1_F_earth,8.478315200431204,209.91712610617313,H,1.0096298376345236,209.32315419740146,False,6713.636313070701,763.0235264188713,7072532.329218871,312.0,False
CO2_atmosphere_1_M_earth_1000_F_earth.csv,200,CO2,1_M_earth,1000_F_earth,5.266582605261078e-12,7.471696701976013e-10,H,30.088026247247168,7.471696701976013e-10,True,219.7923485172654,939.6674742024569,7249176.277002457,314.0,False
CO2_atmosphere_1_M_earth_1000_F_earth.csv,300,CO2,1_M_earth,1000_F_earth,2.960143733242139e-08,4.199553643561211e-06,H,20.92574351003714,4.199553643561211e-06,True,315.6932213646992,947.3517005803772,7256860.503380377,314.0,False
CO2_atmosphere_1_M_earth_1000_F_earth.csv,500,CO2,1_M_earth,1000_F_earth,4.183530919900766e-05,0.005935172106787393,H,12.989596066534103,0.005935172106787393,True,507.49496705956665,962.7201533362177,7272228.956136217,314.0,False
CO2_atmosphere_1_M_earth_1000_F_earth.csv,1000,CO2,1_M_earth,1000_F_earth,0.009303355467080325,1.3198663264344388,H,6.64245909367879,1.3198663264344388,True,987.155691312538,1001.5518538212488,7311060.656621248,315.0,False
CO2_atmosphere_1_M_earth_1000_F_earth.csv,2000,CO2,1_M_earth,1000_F_earth,0.10341705798377901,14.671770082683567,H,3.3317319864089603,14.671770082680764,True,1947.298980022902,1079.6029468616862,7389111.749661686,316.0,False
CO2_atmosphere_1_M_earth_1000_F_earth.csv,3000,CO2,1_M_earth,1000_F_earth,0.1938843807809565,27.50630935997871,H,2.207182712474116,27.506308237771673,True,2908.402845970511,1158.4529063750124,7467961.709175012,317.0,False
CO2_atmosphere_1_M_earth_1000_F_earth.csv,4000,CO2,1_M_earth,1000_F_earth,0.24153571338220514,34.23563268212851,H,1.6400478452016234,34.23497644374758,True,3872.0080567483874,1239.7125414739196,7549221.344273919,319.0,False
CO2_atmosphere_1_M_earth_1000_F_earth.csv,5000,CO2,1_M_earth,1000_F_earth,0.2756128554382393,37.735373410789144,H,1.2993660765839148,37.70679119600961,False,4835.426656783584,1320.5626478753873,7630071.450675387,320.0,False
CO2_atmosphere_1_M_earth_1000_F_earth.csv,6000,CO2,1_M_earth,1000_F_earth,0.39666878102370257,39.493904950037006,H,1.0718517722319347,39.149869446774716,False,5799.743705393346,1402.2137564826066,7711722.5592826065,321.0,False
CO2_atmosphere_1_M_earth_1000_F_earth.csv,7000,CO2,1_M_earth,1000_F_earth,0.9927149419860868,40.896892356473316,H,0.9084946723201471,38.90695008491782,False,6767.769932227822,1487.4808511009608,7796989.65390096,323.0,False
CO2_atmosphere_10_M_earth_1_F_earth.csv,200,CO2,10_M_earth,1_F_earth,1.2751244711138662e-05,0.0008810291698222692,H,18.724502569091076,0.0008810291698222692,True,199.90670543202992,9572.310284475088,128072910.28447509,546.0,False
CO2_atmosphere_10_M_earth_1_F_earth.csv,300,CO2,10_M_earth,1_F_earth,0.003796375847516082,0.26230520525958373,H,12.43381820579567,0.26230520525958373,True,299.71775353588043,10139.967498137043,128640567.49813704,547.0,False
CO2_atmosphere_10_M_earth_1_F_earth.csv,500,CO2,10_M_earth,1_F_earth,0.28314627446025264,19.563590282921368,H,7.3976715495946666,19.563590282921368,True,499.3457994036376,11276.624976879373,129777224.97687937,548.0,False
CO2_atmosphere_10_M_earth_1_F_earth.csv,1000,CO2,10_M_earth,1_F_earth,4.864127359834203,336.0799817448921,H,3.620008662411514,336.0799817448908,True,998.4466727285944,14135.103595685125,132635703.59568512,550.0,False
CO2_atmosphere_10_M_earth_1_F_earth.csv,2000,CO2,10_M_earth,1_F_earth,13.449221117043411,929.1844877733145,H,1.7339231874573926,929.1813522318723,True,1996.8222255517303,19959.82905684051,138460429.0568405,555.0,False
CO2_atmosphere_10_M_earth_1_F_earth.csv,3000,CO2,10_M_earth,1_F_earth,16.93798783384508,1097.3593619908997,H,1.108186590559091,1094.199646488576,False,2995.4016265951623,25919.279180723875,144419879.18072388,560.0,False
CO2_atmosphere_10_M_earth_1_F_earth.csv,4000,CO2,10_M_earth,1_F_earth,49.67159571858207,1191.9638960993525,H,0.7974284043029608,1101.0043798751906,False,3994.166057908493,32013.474151851296,150514074.1518513,565.0,False
CO2_atmosphere_10_M_earth_1_F_earth.csv,5000,CO2,10_M_earth,1_F_earth,277.4813649978243,1716.7199593893415,H,0.612542989476021,1059.908437184633,False,4993.098238387556,38242.43250628632,156743032.50628632,570.0,False
CO2_atmosphere_10_M_earth_1_F_earth.csv,6000,CO2,10_M_earth,1_F_earth,1032.5540750457455,3395.802529262897,C,5.885985212872601,1708.244985626813,True,5992.182306326644,44606.17125761682,163106771.25761682,575.0,False
CO2_atmosphere_10_M_earth_1_F_earth.csv,7000,CO2,10_M_earth,1_F_earth,2643.8140507367907,6813.744312808582,C,4.851458937829766,3759.7338831754123,True,6991.403710579176,51104.70601369834,169605306.01369834,580.0,False
CO2_atmosphere_10_M_earth_1000_F_earth.csv,200,CO2,10_M_earth,1000_F_earth,1.1396561168970278e-05,0.0009722791842287105,H,18.399004736599867,0.0009722791842287105,True,199.87972184981555,11855.650978444084,130356250.97844408,546.0,False
CO2_atmosphere_10_M_earth_1000_F_earth.csv,300,CO2,10_M_earth,1000_F_earth,0.0030512920423566847,0.2603160456738167,H,12.215050391573747,0.2603160456738167,True,299.6897614649263,12456.11136496751,130956711.36496751,547.0,False
CO2_atmosphere_10_M_earth_1000_F_earth.csv,500,CO2,10_M_earth,1000_F_earth,0.20908748094850935,17.837960275469737,H,7.264788384387366,17.837960275469737,True,499.3154928991732,13658.453429582372,132159053.42958237,548.0,False
CO2_atmosphere_10_M_earth_1000_F_earth.csv,1000,CO2,10_M_earth,1000_F_earth,3.3216525710936105,283.3814169230623,H,3.551486299524198,283.38141692305936,True,998.4304381243069,16696.374630424023,135196974.63042402,551.0,False
CO2_atmosphere_10_M_earth_1000_F_earth.csv,2000,CO2,10_M_earth,1000_F_earth,8.935608530491193,762.1944816566039,H,1.6982110618929316,762.1897751642397,True,1996.8161490570888,22871.979921859325,141372579.92185932,556.0,False
CO2_atmosphere_10_M_earth_1000_F_earth.csv,3000,CO2,10_M_earth,1000_F_earth,11.919233524656988,895.9268397958596,H,1.0836430579734526,891.757960801978,False,2995.4043027743883,29190.12652902624,147690726.52902624,561.0,False
CO2_atmosphere_10_M_earth_1000_F_earth.csv,4000,CO2,10_M_earth,1000_F_earth,52.79074145016504,1008.7536504601253,H,0.7786102790865345,895.9770917881573,False,3994.1762287652737,35650.83566386682,154151435.66386682,566.0,False
CO2_atmosphere_10_M_earth_1000_F_earth.csv,5000,CO2,10_M_earth,1000_F_earth,326.9519985672471,1647.8636759501442,H,0.5972547715754039,862.835027251127,False,4993.114779769556,42254.12680772749,160754726.8077275,571.0,False
CO2_atmosphere_10_M_earth_1000_F_earth.csv,6000,CO2,10_M_earth,1000_F_earth,1208.608475813563,3605.8307026734556,C,5.731564133398995,1966.277448372891,True,5992.204215490964,49000.01784347451,167500617.8434745,576.0,False
CO2_atmosphere_10_M_earth_1000_F_earth.csv,7000,CO2,10_M_earth,1000_F_earth,3046.076867343981,7485.447718475219,C,4.718356558745707,4245.827462818787,True,6991.430094824624,55888.52517793709,174389125.1779371,581.0,False
N2_atmosphere_1_M_earth_1_F_earth.csv,200,N2,1_M_earth,1_F_earth,4.153491774533436e-12,5.3415889975321254e-11,H,35.32393611731992,5.3415889975321254e-11,True,198.8357431177655,518.1188039554088,6825457.0058554085,285.0,False
N2_atmosphere_1_M_earth_1_F_earth.csv,300,N2,1_M_earth,1_F_earth,2.0552248234119705e-07,2.643117381742129e-06,H,23.93078338158406,2.643117381742129e-06,True,293.0984788194981,527.4459335093703,6834784.13540937,286.0,False
N2_atmosphere_1_M_earth_1_F_earth.csv,500,N2,1_M_earth,1_F_earth,0.0012204062760190486,0.015695008177149396,H,14.525083279747905,0.015695008177149396,True,481.59594351866156,545.868508488737,6853206.710388737,286.0,False
N2_atmosphere_1_M_earth_1_F_earth.csv,1000,N2,1_M_earth,1_F_earth,0.6422652124738116,8.259837694834772,H,7.287513277347219,8.259837694834772,True,953.4068371422002,592.4802177001285,6899818.419600128,287.0,False
N2_atmosphere_1_M_earth_1_F_earth.csv,2000,N2,1_M_earth,1_F_earth,9.969391043262961,128.2111351111815,H,3.6090120023478294,128.2111351111815,True,1899.0586171947684,687.3536454539047,6994691.8473539045,289.0,False
N2_atmosphere_1_M_earth_1_F_earth.csv,3000,N2,1_M_earth,1_F_earth,20.693742924470566,266.13142749110006,H,2.3762224651398705,266.13142748650984,True,2845.47749814422,782.7727222216726,7090110.924121672,290.0,False
N2_atmosphere_1_M_earth_1_F_earth.csv,4000,N2,1_M_earth,1_F_earth,27.05385989390322,347.92538989440095,H,1.756895239977001,347.92537279201406,True,3795.6872320023563,881.50477511938,7188842.97701938,292.0,False
N2_atmosphere_1_M_earth_1_F_earth.csv,5000,N2,1_M_earth,1_F_earth,30.221753953100077,388.64256260706594,H,1.384956894000613,388.64035197135394,False,4748.36635719219,982.4482636828134,7289786.465582813,294.0,False
N2_atmosphere_1_M_earth_1_F_earth.csv,6000,N2,1_M_earth,1_F_earth,32.05079530426268,411.61491014096134,H,1.1381832795016817,411.56130359582784,False,5699.81470623524,1082.2858457070618,7389624.047607061,295.0,False
N2_atmosphere_1_M_earth_1_F_earth.csv,7000,N2,1_M_earth,1_F_earth,32.75058061926484,415.7933513825942,H,0.9609487263524449,415.2893475432016,False,6656.647412976178,1187.107428027803,7494445.629927803,297.0,False
N2_atmosphere_1_M_earth_1000_F_earth.csv,200,N2,1_M_earth,1000_F_earth,2.112974625602182e-13,3.465323664473744e-10,H,28.334201576807565,3.465323664473744e-10,True,225.97554283006735,1179.9209471099823,7487259.149009982,295.0,False
N2_atmosphere_1_M_earth_1000_F_earth.csv,300,N2,1_M_earth,1000_F_earth,5.67670838960096e-10,9.309923403928509e-07,H,19.92826296370632,9.309923403928509e-07,True,320.81776625093363,1191.041472846401,7498379.674746401,295.0,False
N2_atmosphere_1_M_earth_1000_F_earth.csv,500,N2,1_M_earth,1000_F_earth,4.975590705837094e-07,0.0008160075378453275,H,12.486593294123917,0.0008160075378453275,True,510.50221309266624,1213.2825243192399,7520620.72621924,295.0,False
N2_atmosphere_1_M_earth_1000_F_earth.csv,1000,N2,1_M_earth,1000_F_earth,8.457739700662012e-05,0.1387087434820016,H,6.424124328274242,0.1387087434820016,True,984.8971944871823,1269.5424246819018,7576880.626581902,296.0,False
N2_atmosphere_1_M_earth_1000_F_earth.csv,2000,N2,1_M_earth,1000_F_earth,0.000842661577402123,1.3819830440563443,H,3.2203117999165025,1.3819830440562804,True,1935.519348318605,1383.9634081642553,7691301.610064255,298.0,False
N2_atmosphere_1_M_earth_1000_F_earth.csv,3000,N2,1_M_earth,1000_F_earth,0.0015236675137397424,2.4986007555585203,H,2.125528025245209,2.4986006040838515,True,2888.51146834626,1500.9233258838626,7808261.527783862,300.0,False
N2_atmosphere_1_M_earth_1000_F_earth.csv,4000,N2,1_M_earth,1000_F_earth,0.0021077512675139244,3.0923340393905847,H,1.5732039685798922,3.0921110582384004,True,3843.788449517153,1620.4268718692344,7927765.073769234,302.0,False
N2_atmosphere_1_M_earth_1000_F_earth.csv,5000,N2,1_M_earth,1000_F_earth,0.018772199898191858,3.3710862791446705,H,1.2403759787019042,3.354326570683687,False,4801.267901668192,1742.4785904072382,8049816.792307238,304.0,False
N2_atmosphere_1_M_earth_1000_F_earth.csv,6000,N2,1_M_earth,1000_F_earth,0.2876313123811131,3.7776377893974695,H,1.018999542275517,3.491671554979936,False,5757.958857246322,1863.2389733359869,8170577.175235987,305.0,False
N2_atmosphere_1_M_earth_1000_F_earth.csv,7000,N2,1_M_earth,1000_F_earth,2.0923207149644614,5.57896475767645,H,0.8599148884694303,3.4857005788135553,False,6719.139628793972,1989.7584329285053,8297096.634828505,307.0,False
N2_atmosphere_10_M_earth_1_F_earth.csv,200,N2,10_M_earth,1_F_earth,0.006892285701577546,0.02425254576010763,H,18.237287146439236,0.02425254576010763,True,199.84276898486473,13035.998839155018,131536598.83915502,535.0,False
N2_atmosphere_10_M_earth_1_F_earth.csv,300,N2,10_M_earth,1_F_earth,1.8398650761699133,6.4741094441313605,H,12.0607687802889,6.4741094441313605,True,299.6248919960658,14160.135466857404,132660735.4668574,536.0,False
N2_atmosphere_10_M_earth_1_F_earth.csv,500,N2,10_M_earth,1_F_earth,124.28123741969614,437.3202923021733,H,7.1174124735216635,437.3202923021733,True,499.2054343156076,16424.840078843266,134925440.07884327,538.0,False
N2_atmosphere_10_M_earth_1_F_earth.csv,1000,N2,10_M_earth,1_F_earth,1939.7732443015855,6825.665883364185,H,3.413621604657925,6825.665883364185,True,998.2471843728187,22182.461382413985,140683061.38241398,543.0,False
N2_atmosphere_10_M_earth_1_F_earth.csv,2000,N2,10_M_earth,1_F_earth,5012.641754125836,17638.459914483905,H,1.573281159946391,17638.45802825584,True,1996.678652079354,34108.61771793982,152609217.71793982,553.0,False
N2_atmosphere_10_M_earth_1_F_earth.csv,3000,N2,10_M_earth,1_F_earth,5761.556413311716,20267.264441549665,H,0.9699433519231969,20262.686854794985,False,2995.4481834296785,46500.59923475364,165001199.23475364,562.0,False
N2_atmosphere_10_M_earth_1_F_earth.csv,4000,N2,10_M_earth,1_F_earth,5814.51551306759,20210.018087728753,H,0.6746643135042948,20032.147333262197,False,3994.5188695680663,59385.931451660545,177886531.45166054,571.0,False
N2_atmosphere_10_M_earth_1_F_earth.csv,5000,N2,10_M_earth,1_F_earth,6329.514817992243,20357.8232537091,H,0.5019083092199649,18987.998387137,False,4993.840371490916,72764.72430671942,191265324.30671942,580.0,False
N2_atmosphere_10_M_earth_1_F_earth.csv,6000,N2,10_M_earth,1_F_earth,8410.969103114277,22861.849336651532,H,0.3902413113434399,18018.285679702083,False,5993.285825003601,86472.58539605826,204973185.39605826,588.0,False
N2_atmosphere_10_M_earth_1_F_earth.csv,7000,N2,10_M_earth,1_F_earth,12321.399697606244,28059.516796151765,H,0.3128648060755648,17010.04225364911,False,6992.8937077806095,100619.21033248896,219119810.33248895,596.0,False
N2_atmosphere_10_M_earth_1000_F_earth.csv,200,N2,10_M_earth,1000_F_earth,2.200252201034933e-07,0.0001405848756866287,H,18.315564321816264,0.0001405848756866287,True,199.79672388422748,12504.021220214456,131004621.22021446,517.0,False
N2_atmosphere_10_M_earth_1000_F_earth.csv,300,N2,10_M_earth,1000_F_earth,5.921297801914547e-05,0.037834068067020096,H,12.129586995052298,0.037834068067020096,True,299.5236111745236,13452.07717041506,131952677.17041506,518.0,False
N2_atmosphere_10_M_earth_1000_F_earth.csv,500,N2,10_M_earth,1000_F_earth,0.004025212424045045,2.571905111516176,H,7.1768719040562425,2.571905111516176,True,498.9978162148002,15362.674077535048,133863274.07753505,520.0,False
N2_atmosphere_10_M_earth_1000_F_earth.csv,1000,N2,10_M_earth,1000_F_earth,0.0639196834778696,40.84141241369488,H,3.4640849251245633,40.841412413694854,True,997.7687911823833,20199.51989380765,138700119.89380765,524.0,False
N2_atmosphere_10_M_earth_1000_F_earth.csv,2000,N2,10_M_earth,1000_F_earth,0.17067828537535312,107.9386279505709,H,1.615852847237296,107.93687198938521,True,1995.670382561734,30163.005988580764,148663605.98858076,532.0,False
N2_atmosphere_10_M_earth_1000_F_earth.csv,3000,N2,10_M_earth,1000_F_earth,4.7954314397460855,128.97725201179722,H,1.0069551530759224,124.36502504272647,False,2993.9937912971313,40512.99585747376,159013595.85747376,540.0,False
N2_atmosphere_10_M_earth_1000_F_earth.csv,4000,N2,10_M_earth,1000_F_earth,190.41551994659022,313.8639539892263,N,9.902589321530716,190.58739203661102,True,3992.6775239500653,51249.60795689979,169750207.9568998,548.0,False
N2_atmosphere_10_M_earth_1000_F_earth.csv,5000,N2,10_M_earth,1000_F_earth,1560.292334040102,1682.4222328244282,N,7.438784402620656,1563.0974191140253,True,4991.562624765551,62252.11213375777,180752712.13375777,555.0,False
N2_atmosphere_10_M_earth_1000_F_earth.csv,6000,N2,10_M_earth,1000_F_earth,5708.451631688501,5832.279795087295,N,5.827703682092431,5719.221384483123,True,5990.803715435441,73738.07597293878,192238675.97293878,563.0,False
N2_atmosphere_10_M_earth_1000_F_earth.csv,7000,N2,10_M_earth,1000_F_earth,13549.428102784366,13684.75546989305,N,4.707928387604763,13575.239905341687,True,6990.144082360803,85441.7140103671,203942314.0103671,570.0,False
