Dominant_spec,Instellation,Planet_mass,T_inf,Lim_flux[1/cm^2_s],Lim_flux[kg/s],Homopause_alt[km],Exobase_alt[km],Homopause_pressure[bar],Exobase_pressure[bar],Homopause_temp[K],Exobase_temp[K]
CO2,1_F_earth,1_M_earth,200,234176050.83831412,2.177421226927735,318.10844781559405,339.2448273039929,2.395026619987486e-11,2.92090371703225e-13,180.0,199.26601840803738
CO2,1_F_earth,1_M_earth,300,228314068.84350622,2.129514283991602,318.10844781559405,349.5706235873586,2.395026619987486e-11,2.92090371703225e-13,180.0,295.59611044822435
CO2,1_F_earth,1_M_earth,500,223090410.1221254,2.09371876159276,318.10844781559405,370.2222161540901,2.395026619987486e-11,2.92090371703225e-13,180.0,488.25629452859823
CO2,1_F_earth,1_M_earth,1000,222985912.22653136,2.125213447516638,318.10844781559405,421.85119757091877,2.395026619987486e-11,2.92090371703225e-13,180.0,969.906754729533
CO2,1_F_earth,1_M_earth,2000,242137874.42599228,2.3790890976976713,318.10844781559405,525.1091604045761,2.395026619987486e-11,2.92090371703225e-13,180.0,1933.2076751314023
CO2,1_F_earth,1_M_earth,3000,275596929.4667889,2.790274473672813,318.10844781559405,628.3671232382334,2.395026619987486e-11,2.92090371703225e-13,180.0,2896.508595533272
CO2,1_F_earth,1_M_earth,4000,321455361.4293469,3.3521648862620363,318.10844781559405,731.6250860718907,2.395026619987486e-11,2.92090371703225e-13,180.0,3859.809515935141
CO2,1_F_earth,1_M_earth,5000,380719134.0480726,4.087471435434333,318.10844781559405,834.883048905548,2.395026619987486e-11,2.92090371703225e-13,180.0,4823.1104363370105
CO2,1_F_earth,1_M_earth,6000,455661479.8557296,5.03449846386232,318.10844781559405,938.1410117392053,2.395026619987486e-11,2.92090371703225e-13,180.0,5786.41135673888
CO2,1_F_earth,1_M_earth,7000,549543354.9607406,6.246020466973774,318.10844781559405,1041.3989745728627,2.395026619987486e-11,2.92090371703225e-13,180.0,6749.712277140749
CO2,1_F_earth,10_M_earth,200,25547945.25396624,88.97766684898974,7523.193949183557,10176.94647096631,1.15263764099075e-07,1.0435369693029212e-14,180.0458289360655,199.99989585342982
CO2,1_F_earth,10_M_earth,300,25240863.414991878,89.73046772598599,7523.193949183557,11503.819238423377,1.15263764099075e-07,1.0435369693029212e-14,180.0458289360655,299.99937392460674
CO2,1_F_earth,10_M_earth,500,25120127.997859776,92.98423265955087,7523.193949183557,14157.564773337514,1.15263764099075e-07,1.0435369693029212e-14,180.0458289360655,499.99833006696053
CO2,1_F_earth,10_M_earth,1000,27183345.755269136,111.90021803178463,7523.193949183557,21395.06753867186,1.15263764099075e-07,4.8207885126350615e-15,180.0458289360655,999.9976019483073
CO2,1_F_earth,10_M_earth,2000,31633331.833371505,157.32355341547822,7523.193949183557,35266.937035125615,1.15263764099075e-07,4.8207885126350615e-15,180.0458289360655,1999.99467733157
CO2,1_F_earth,10_M_earth,3000,38708598.76518936,228.81219823775578,7523.193949183557,49138.80653157936,1.15263764099075e-07,4.8207885126350615e-15,180.0458289360655,2999.9917527148323
CO2,1_F_earth,10_M_earth,4000,48602273.851429194,336.80870045612664,7523.193949183557,63010.67602803309,1.15263764099075e-07,4.8207885126350615e-15,180.0458289360655,3999.988828098095
CO2,1_F_earth,10_M_earth,5000,61992994.36851214,497.77869186115896,7523.193949183557,76882.54552448682,1.15263764099075e-07,4.8207885126350615e-15,180.0458289360655,4999.985903481357
CO2,1_F_earth,10_M_earth,6000,83393630.16832116,794.8714501551402,7523.193949183557,94373.22446121548,1.15263764099075e-07,2.2270415488086064e-15,180.0458289360655,5999.990462244042
CO2,1_F_earth,10_M_earth,7000,108336873.45995834,1177.826267338729,7523.193949183557,108848.22914768057,1.15263764099075e-07,2.2270415488086064e-15,180.0458289360655,6999.988823441453
CO2,1000_F_earth,1_M_earth,200,5824661597.343426,64.96367933788238,950.4451380127512,972.3157481354416,7.278953843983146e-12,3.1207061265801594e-13,682.843,245.49292601099143
CO2,1000_F_earth,1_M_earth,300,5594714635.380114,62.549522748316186,950.4451380127512,981.0914018455337,7.278953843983146e-12,3.1207061265801594e-13,682.843,336.071038148686
CO2,1000_F_earth,1_M_earth,500,5318934844.607835,59.752935958677604,950.4451380127512,998.6427092657182,7.278953843983146e-12,3.1207061265801594e-13,682.843,517.2272624240751
CO2,1000_F_earth,1_M_earth,1000,5000632708.949529,56.853730450002516,950.4451380127512,1042.5209778161789,7.278953843983146e-12,3.1207061265801594e-13,682.843,970.117823112548
CO2,1000_F_earth,1_M_earth,2000,4781831326.446314,55.67172404630327,950.4451380127512,1130.2775149171007,7.278953843983146e-12,3.1207061265801594e-13,682.843,1875.8989444894937
CO2,1000_F_earth,1_M_earth,3000,4724620671.462444,56.31095760166925,950.4451380127512,1218.0340520180223,7.278953843983146e-12,3.1207061265801594e-13,682.843,2781.6800658664392
CO2,1000_F_earth,1_M_earth,4000,4733822824.431612,57.7438128605775,950.4451380127512,1305.7905891189441,7.278953843983146e-12,3.1207061265801594e-13,682.843,3687.4611872433848
CO2,1000_F_earth,1_M_earth,5000,4782554779.921073,59.690545683886995,950.4451380127512,1393.547126219866,7.278953843983146e-12,3.1207061265801594e-13,682.843,4593.242308620331
CO2,1000_F_earth,1_M_earth,6000,4859608277.451203,62.042066928820006,950.4451380127512,1481.3036633207876,7.278953843983146e-12,3.1207061265801594e-13,682.843,5499.023429997276
CO2,1000_F_earth,1_M_earth,7000,4959275223.743761,64.7488994137359,950.4451380127512,1569.0602004217092,7.278953843983146e-12,3.1207061265801594e-13,682.843,6404.804551374222
CO2,1000_F_earth,10_M_earth,200,18419805.236770045,67.48395700773915,9866.575603845236,13476.325290623103,2.8840325561413e-08,1.4234210571036583e-14,155.72025233255675,199.99917547266506
CO2,1000_F_earth,10_M_earth,300,18353619.595593628,69.09318169527565,9866.575603845236,15281.184954313376,2.8840325561413e-08,1.4234210571036583e-14,155.72025233255675,299.9973133858683
CO2,1000_F_earth,10_M_earth,500,18565525.459833622,73.71340902692154,9866.575603845236,18890.90428169392,2.8840325561413e-08,1.4234210571036583e-14,155.72025233255675,499.9935892122749
CO2,1000_F_earth,10_M_earth,1000,20086255.55364833,90.57208856449866,9866.575603845236,27915.202600145287,2.8840325561413e-08,1.4234210571036583e-14,155.72025233255675,999.9842787782911
CO2,1000_F_earth,10_M_earth,2000,26984694.723663826,156.7518459232309,9866.575603845236,47682.87281959317,2.8840325561413e-08,6.886523717762775e-15,155.72025233255675,1999.9800782854043
CO2,1000_F_earth,10_M_earth,3000,36505887.60555467,263.0606462248786,9866.575603845236,66591.0122024638,2.8840325561413e-08,6.886523717762775e-15,155.72025233255675,2999.9692763912662
CO2,1000_F_earth,10_M_earth,4000,50719766.5356412,443.9724451019405,9866.575603845236,85499.15158533442,2.8840325561413e-08,6.886523717762775e-15,155.72025233255675,3999.958474497128
CO2,1000_F_earth,10_M_earth,5000,71609189.05486746,748.4092300326371,9866.575603845236,104407.29096820505,2.8840325561413e-08,6.886523717762775e-15,155.72025233255675,4999.94767260299
CO2,1000_F_earth,10_M_earth,6000,106843267.82672133,1370.7743330886778,9866.575603845236,128472.50045063635,2.8840325561413e-08,3.331706291587889e-15,155.72025233255675,5999.963378940165
CO2,1000_F_earth,10_M_earth,7000,153669072.2596346,2299.771606962347,9866.575603845236,148240.15272689017,2.8840325561413e-08,3.331706291587889e-15,155.72025233255675,6999.9571128027765
H2,1_F_earth,1_M_earth,200,21314810.753261797,0.4134428174763079,3135.2655049646314,3291.3798977880806,1.3738237958832637e-12,1.912534135876122e-13,180.0,195.4418499635468
H2,1_F_earth,1_M_earth,300,20898166.755011413,0.41094722602024464,3135.2655049646314,3357.320163591741,1.3738237958832637e-12,1.912534135876122e-13,180.0,272.6510997812807
H2,1_F_earth,1_M_earth,500,20836411.400333002,0.4209862591493314,3135.2655049646314,3489.200695199062,1.3738237958832637e-12,1.912534135876122e-13,180.0,427.0695994167486
H2,1_F_earth,1_M_earth,1000,21788123.7881044,0.47033096641025735,3135.2655049646314,3818.902024217364,1.3738237958832637e-12,1.912534135876122e-13,180.0,813.1158485054183
H2,1_F_earth,1_M_earth,2000,24762517.688678883,0.6063895075161105,3135.2655049646314,4478.304682253969,1.3738237958832637e-12,1.912534135876122e-13,180.0,1585.2083466827576
H2,1_F_earth,1_M_earth,3000,30643490.3583426,0.9122102466726766,3135.2655049646314,5584.856670554002,1.3738237958832637e-12,1.2892728213968138e-13,180.0,2521.8551822515633
H2,1_F_earth,1_M_earth,4000,35553631.84306155,1.2073170954092394,3135.2655049646314,6394.375737687407,1.3738237958832637e-12,1.2892728213968138e-13,180.0,3352.3002823407705
H2,1_F_earth,1_M_earth,5000,41439486.272482894,1.5922068504370224,3135.2655049646314,7203.894804820811,1.3738237958832637e-12,1.2892728213968138e-13,180.0,4182.745382429977
H2,1_F_earth,1_M_earth,6000,52360454.271507725,2.5515552342879597,3135.2655049646314,8909.297747871626,1.3738237958832637e-12,8.691214325599685e-14,180.0,5265.849576563429
H2,1_F_earth,1_M_earth,7000,61383456.99663532,3.380205075480493,3135.2655049646314,9868.655787394542,1.3738237958832637e-12,8.691214325599685e-14,180.0,6139.706892124155
H2,1_F_earth,10_M_earth,200,55909096.530799076,741.9954336620109,66132.82343754619,132687.8304648534,1.93476445493e-09,3.061881861342166e-15,143.72153176293844,199.9974889086272
H2,1_F_earth,10_M_earth,300,60110246.345433764,1056.0261431144518,66132.82343754619,170503.05422926354,1.93476445493e-09,1.6209420671545108e-15,143.72153176293844,299.9956723344449
H2,1_F_earth,10_M_earth,500,63544124.030563414,1718.6001814939207,66132.82343754619,240082.6351905724,1.93476445493e-09,1.6209420671545108e-15,143.72153176293844,499.9901339316133
H2,1_F_earth,10_M_earth,1000,79521817.34434047,5297.792533923682,66132.82343754619,444287.0755714436,1.93476445493e-09,4.54282095067802e-16,143.72153176293844,999.9908664804336
H2,1_F_earth,10_M_earth,2000,111889100.77898714,22198.355557514733,66132.82343754619,852695.127129365,1.93476445493e-09,2.4049424229832915e-16,143.72153176293844,1999.9877114521582
H2,1_F_earth,10_M_earth,3000,166081517.23485002,73978.96537252009,66132.82343754619,1336736.3986282765,1.93476445493e-09,6.740045215484835e-17,143.72153176293844,2999.992716727176
H2,1_F_earth,10_M_earth,4000,231363335.8919761,171775.7899518519,66132.82343754619,1760270.8915811083,1.93476445493e-09,6.740045215484835e-17,143.72153176293844,3999.9901668102457
H2,1_F_earth,10_M_earth,5000,336054535.48544264,399696.6099283133,66132.82343754619,2259437.826381011,1.93476445493e-09,3.568139895349791e-17,143.72153176293844,4999.992314645373
H2,1_F_earth,10_M_earth,6000,489771629.8896403,870783.3155759221,66132.82343754619,2788857.2527709324,1.93476445493e-09,1.888952062745314e-17,143.72153176293844,5999.994248033515
H2,1_F_earth,10_M_earth,7000,692301763.3494059,1645089.3587553373,66132.82343754619,3242644.6510338183,1.93476445493e-09,1.888952062745314e-17,143.72153176293844,6999.993265845506
H2,1000_F_earth,1_M_earth,200,10769459143.186838,3152.693458923215,20659.1981,30994.844957521334,7.47831714e-07,7.937450580337896e-15,875.864298,200.00070675253107
H2,1000_F_earth,1_M_earth,300,10859628662.684925,4120.847804358159,20659.1981,36162.65573086547,7.47831714e-07,7.937450580337896e-15,875.864298,300.0006021823484
H2,1000_F_earth,1_M_earth,500,11042713997.547886,6477.778260520233,20659.1981,46498.27727755372,7.47831714e-07,7.937450580337896e-15,875.864298,500.00039304198305
H2,1000_F_earth,1_M_earth,1000,11976113344.99968,16484.953162921713,20659.1981,74584.20823555713,7.47831714e-07,3.4452512982259196e-15,875.864298,999.9999305840176
H2,1000_F_earth,1_M_earth,2000,13901695409.520658,60472.15471704114,20659.1981,137496.71878181555,7.47831714e-07,6.490836153064366e-16,875.864298,1999.9998202407212
H2,1000_F_earth,1_M_earth,3000,15416493873.965698,141600.10642478304,20659.1981,202656.1081707244,7.47831714e-07,2.817348146810743e-16,875.864298,2999.9998183607345
H2,1000_F_earth,1_M_earth,4000,16461753043.872746,251734.56917893016,20659.1981,263321.7440510485,7.47831714e-07,2.817348146810743e-16,875.864298,3999.999732848653
H2,1000_F_earth,1_M_earth,5000,18244131535.07957,447619.5280126227,20659.1981,335221.762556174,7.47831714e-07,1.2228702732837547e-16,875.864298,4999.999811411446
H2,1000_F_earth,1_M_earth,6000,19517488745.21894,671528.2854126104,20659.1981,398134.27517791983,7.47831714e-07,1.2228702732837547e-16,875.864298,5999.9997656834275
H2,1000_F_earth,1_M_earth,7000,21647156228.214794,1062601.0309541582,20659.1981,476774.92054306716,7.47831714e-07,5.3078697674403537e-17,875.864298,6999.999850244738
H2,1000_F_earth,10_M_earth,200,937311552.6553192,12017.660935771695,60251.44852583345,128392.09570251348,1.955545654344e-09,3.0717112467538146e-15,142.54160285231836,199.9974506009005
H2,1000_F_earth,10_M_earth,300,963348436.0910203,15995.548845713412,60251.44852583345,162461.7508023267,1.955545654344e-09,3.0717112467538146e-15,142.54160285231836,299.99301365308077
H2,1000_F_earth,10_M_earth,500,1063713439.4906225,28490.90106813162,60251.44852583345,238345.55554694837,1.955545654344e-09,1.6255666816385096e-15,142.54160285231836,499.9901592516531
H2,1000_F_earth,10_M_earth,1000,1329790031.9569054,89578.96605301356,60251.44852583345,447415.0956321274,1.955545654344e-09,4.552538129586589e-16,142.54160285231836,999.9909123355671
H2,1000_F_earth,10_M_earth,2000,1869576399.3192143,380803.1265928451,60251.44852583345,865553.3237082561,1.955545654344e-09,2.409228506802409e-16,142.54160285231836,1999.9877854739336
H2,1000_F_earth,10_M_earth,3000,2774395657.9232593,1277593.0963001924,60251.44852583345,1361126.691627943,1.955545654344e-09,6.747249906136982e-17,142.54160285231836,2999.9927660743065
H2,1000_F_earth,10_M_earth,4000,3864861849.620903,2975760.5007016226,60251.44852583345,1794751.7402990481,1.955545654344e-09,6.747249906136982e-17,142.54160285231836,3999.9902344799
H2,1000_F_earth,10_M_earth,5000,5614255688.242254,6940465.6592681045,60251.44852583345,2305811.13739212,1.955545654344e-09,3.5706821895111335e-17,142.54160285231836,4999.992370053056
H2,1000_F_earth,10_M_earth,6000,8183740808.820684,15146577.059199046,60251.44852583345,2847843.780146727,1.955545654344e-09,1.889624880634024e-17,142.54160285231836,5999.99429126423
H2,1000_F_earth,10_M_earth,7000,11570509469.35585,28648309.89754407,60251.44852583345,3312442.495409059,1.955545654344e-09,1.889624880634024e-17,142.54160285231836,6999.99331665453
H2O,1_F_earth,1_M_earth,200,7493488821.854748,1549.9627681827226,22376.114987365167,25046.99996188437,3.981246387643e-09,1.4234437844797687e-14,126.8018043700962,199.99398145760318
H2O,1_F_earth,1_M_earth,300,8560720264.06579,1924.7313340064288,22376.114987365167,26382.4000146463,3.981246387643e-09,1.4234437844797687e-14,126.8018043700962,299.985759202471
H2O,1_F_earth,1_M_earth,500,10452351068.517527,2749.6649657352004,22376.114987365167,29053.20012017016,3.981246387643e-09,1.4234437844797687e-14,126.8018043700962,499.9693146922067
H2O,1_F_earth,1_M_earth,1000,15159808747.983604,5636.1052397728445,22376.114987365167,35730.20038397981,3.981246387643e-09,1.4234437844797687e-14,126.8018043700962,999.9282034165459
H2O,1_F_earth,1_M_earth,2000,29148246630.289818,19732.687550898216,22376.114987365167,50420.11922471559,3.981246387643e-09,7.356530138455399e-15,126.8018043700962,1999.9061197574533
H2O,1_F_earth,1_M_earth,3000,53120857381.27135,59148.00173964381,22376.114987365167,66445.73950804934,3.981246387643e-09,3.801944008472489e-15,126.8018043700962,2999.912228083593
H2O,1_F_earth,1_M_earth,4000,94784336468.0816,161914.48526885192,22376.114987365167,83806.92108062425,3.981246387643e-09,1.9648907802333515e-15,126.8018043700962,3999.92787941509
H2O,1_F_earth,1_M_earth,5000,160193762061.63495,374865.5121804417,22376.114987365167,99164.61707826218,3.981246387643e-09,1.9648907802333515e-15,126.8018043700962,4999.909258993085
H2O,1_F_earth,1_M_earth,6000,280849264032.12946,920674.6408574991,22376.114987365167,118529.08663244985,3.981246387643e-09,1.0154793888711647e-15,126.8018043700962,5999.933340247059
H2O,1_F_earth,1_M_earth,7000,470020774075.77466,1961783.1246561974,22376.114987365167,134554.5795636044,3.981246387643e-09,1.0154793888711647e-15,126.8018043700962,6999.921990425256
H2O,1_F_earth,10_M_earth,200,494933345.72557926,2142.820953085706,18720.78048320904,24968.983589124113,7.370587367087e-09,9.033042068396804e-15,169.702981244422,199.99888403943896
H2O,1_F_earth,10_M_earth,300,559938889.5359498,2530.98926497084,18720.78048320904,28093.02653535416,7.370587367087e-09,9.033042068396804e-15,169.702981244422,299.99520063887064
H2O,1_F_earth,10_M_earth,500,667903837.2681737,3281.838624885707,18720.78048320904,34341.11242781426,7.370587367087e-09,9.033042068396804e-15,169.702981244422,499.98783383773406
H2O,1_F_earth,10_M_earth,1000,903094623.0766474,5390.837980580974,18720.78048320904,49961.327158964494,7.370587367087e-09,9.033042068396804e-15,169.702981244422,999.9694168348924
H2O,1_F_earth,10_M_earth,2000,1480930294.0435188,12795.818239568574,18720.78048320904,84177.57065668552,7.370587367087e-09,4.5735204943523635e-15,169.702981244422,1999.9595346807935
H2O,1_F_earth,10_M_earth,3000,2188339449.0829,25507.69353329136,18720.78048320904,116905.92889123346,7.370587367087e-09,4.5735204943523635e-15,169.702981244422,2999.9374260728505
H2O,1_F_earth,10_M_earth,4000,3309031023.152887,52287.11267133737,18720.78048320904,155585.5963437332,7.370587367087e-09,2.315619649934118e-15,169.702981244422,3999.949171616466
H2O,1_F_earth,10_M_earth,5000,4733629675.292717,94638.43545262488,18720.78048320904,189801.78874638642,7.370587367087e-09,2.315619649934118e-15,169.702981244422,4999.935901527153
H2O,1_F_earth,10_M_earth,6000,6726630290.573511,165991.29954138046,18720.78048320904,224017.98114903967,7.370587367087e-09,2.315619649934118e-15,169.702981244422,5999.92263143784
H2O,1_F_earth,10_M_earth,7000,9930328912.882399,313068.81214539555,18720.78048320904,268648.5758749174,7.370587367087e-09,1.1724216322595246e-15,169.702981244422,6999.945596619952
H2O,1000_F_earth,1_M_earth,200,192198184871.70712,2474.6750822506465,1439.12222,1512.1673882137516,1e-10,2.7122725793320297e-13,664.207,205.51711053491857
H2O,1000_F_earth,1_M_earth,300,209980978175.06802,2728.2835832141595,1439.12222,1547.7439509730937,1e-10,2.7122725793320297e-13,664.207,304.32860830748155
H2O,1000_F_earth,1_M_earth,500,238036057510.43005,3149.0559370971946,1439.12222,1618.8970764917779,1e-10,2.7122725793320297e-13,664.207,501.9516038526075
H2O,1000_F_earth,1_M_earth,1000,289078737794.5874,3997.7971449247407,1439.12222,1796.779890288488,1e-10,2.7122725793320297e-13,664.207,996.0090927154224
H2O,1000_F_earth,1_M_earth,2000,364121726234.159,5487.171721447855,1439.12222,2152.5455178819084,1e-10,2.7122725793320297e-13,664.207,1984.1240704410525
H2O,1000_F_earth,1_M_earth,3000,427198608841.97174,6990.259710311492,1439.12222,2508.311145475329,1e-10,2.7122725793320297e-13,664.207,2972.239048166682
H2O,1000_F_earth,1_M_earth,4000,486399449354.76556,8613.977753334293,1439.12222,2864.0767730687494,1e-10,2.7122725793320297e-13,664.207,3960.3540258923117
H2O,1000_F_earth,1_M_earth,5000,544882698434.8567,10412.479831072023,1439.12222,3219.84240066217,1e-10,2.7122725793320297e-13,664.207,4948.469003617942
H2O,1000_F_earth,1_M_earth,6000,653966169410.9142,13951.103261749618,1439.12222,3759.109567015891,1e-10,1.5848931924611142e-13,664.207,5957.616289654558
H2O,1000_F_earth,1_M_earth,7000,720435994054.5258,16571.215080510898,1439.12222,4145.545805991437,1e-10,1.5848931924611142e-13,664.207,6949.673007307315
H2O,1000_F_earth,10_M_earth,200,35293069904.30126,166078.917552548,18106.817730392064,31072.256496507394,2.9891606381848e-08,6.9608900894796715e-15,174.72954584969773,199.99973211420314
H2O,1000_F_earth,10_M_earth,300,40019220192.96779,204996.5268962427,18106.817730392064,37554.941082563535,2.9891606381848e-08,6.9608900894796715e-15,174.72954584969773,299.9986720390843
H2O,1000_F_earth,10_M_earth,500,47788462512.03302,287159.6560827122,18106.817730392064,50520.31025467581,2.9891606381848e-08,6.9608900894796715e-15,174.72954584969773,499.99655188884657
H2O,1000_F_earth,10_M_earth,1000,67310704223.03728,591405.4589570031,18106.817730392064,85880.55563533425,2.9891606381848e-08,3.3636680851609856e-15,174.72954584969773,999.9949295768242
H2O,1000_F_earth,10_M_earth,2000,103966380329.20526,1619737.281252427,18106.817730392064,153654.25137176778,2.9891606381848e-08,3.3636680851609856e-15,174.72954584969773,1999.9887856234686
H2O,1000_F_earth,10_M_earth,3000,157879087996.79272,4039425.4216015968,18106.817730392064,230268.29533583252,2.9891606381848e-08,1.6254046309724684e-15,174.72954584969773,2999.989939508319
H2O,1000_F_earth,10_M_earth,4000,234100070204.44604,9158669.116264455,18106.817730392064,312775.77228019363,2.9891606381848e-08,7.854342781446887e-16,174.72954584969773,3999.992105355229
H2O,1000_F_earth,10_M_earth,5000,329460959927.6652,17668887.65796355,18106.817730392064,386443.0070685107,2.9891606381848e-08,7.854342781446887e-16,174.72954584969773,4999.990041541738
H2O,1000_F_earth,10_M_earth,6000,460487933408.4722,32427306.93910296,18106.817730392064,460110.24185682775,2.9891606381848e-08,7.854342781446887e-16,174.72954584969773,5999.987977728246
H2O,1000_F_earth,10_M_earth,7000,666313458847.5443,63460838.23810184,18106.817730392064,554404.565965616,2.9891606381848e-08,3.7954057317750756e-16,174.72954584969773,6999.991836026601
N2,1_F_earth,1_M_earth,200,87737058.73139238,0.8644657118716828,506.60098711650255,536.860406082698,1.1721022975334793e-11,2.8221150360464245e-13,180.0,198.77753370971828
N2,1_F_earth,1_M_earth,300,86919565.79576007,0.8600537248516515,506.60098711650255,551.4006862456245,1.1721022975334793e-11,2.8221150360464245e-13,180.0,292.6652022583098
N2,1_F_earth,1_M_earth,500,87007371.29548775,0.868238521058031,506.60098711650255,580.4812465714772,1.1721022975334793e-11,2.8221150360464245e-13,180.0,480.4405393554928
N2,1_F_earth,1_M_earth,1000,90373852.88698092,0.920970605189478,506.60098711650255,653.1826473861091,1.1721022975334793e-11,2.8221150360464245e-13,180.0,949.8788820984503
N2,1_F_earth,1_M_earth,2000,102332429.19609708,1.0868606148211803,506.60098711650255,798.5854490153729,1.1721022975334793e-11,2.8221150360464245e-13,180.0,1888.7555675843653
N2,1_F_earth,1_M_earth,3000,119293591.6677768,1.3193849411275391,506.60098711650255,943.9882506446367,1.1721022975334793e-11,2.8221150360464245e-13,180.0,2827.63225307028
N2,1_F_earth,1_M_earth,4000,141327247.03715995,1.62639053291037,506.60098711650255,1089.3910522739004,1.1721022975334793e-11,2.8221150360464245e-13,180.0,3766.508938556195
N2,1_F_earth,1_M_earth,5000,169176547.19978058,2.024174340522825,506.60098711650255,1234.7938539031643,1.1721022975334793e-11,2.8221150360464245e-13,180.0,4705.38562404211
N2,1_F_earth,1_M_earth,6000,203984194.8483622,2.535655262959718,506.60098711650255,1380.1966555324282,1.1721022975334793e-11,2.8221150360464245e-13,180.0,5644.262309528025
N2,1_F_earth,1_M_earth,7000,247268416.27442428,3.1910784504712617,506.60098711650255,1525.599457161692,1.1721022975334793e-11,2.8221150360464245e-13,180.0,6583.13899501394
N2,1_F_earth,10_M_earth,200,377141260.61420685,1391.2793252682789,9789.721898217867,13932.149171507892,1.4369868840899998e-08,5.587735512986413e-15,142.57758102466397,199.9991058327455
N2,1_F_earth,10_M_earth,300,382505501.9782722,1455.5504146144199,9789.721898217867,16003.34923601552,1.4369868840899998e-08,5.587735512986413e-15,142.57758102466397,299.9975486582648
N2,1_F_earth,10_M_earth,500,397161943.577261,1605.8463863946665,9789.721898217867,20145.749365030773,1.4369868840899998e-08,5.587735512986413e-15,142.57758102466397,499.9944343093033
N2,1_F_earth,10_M_earth,1000,448751235.4331647,2095.614453305377,9789.721898217867,30501.749687568918,1.4369868840899998e-08,5.587735512986413e-15,142.57758102466397,999.9866484368997
N2,1_F_earth,10_M_earth,2000,608211600.4024504,3684.7779764658003,9789.721898217867,51213.75033264519,1.4369868840899998e-08,5.587735512986413e-15,142.57758102466397,1999.9710766920925
N2,1_F_earth,10_M_earth,3000,894914416.0022998,7029.821023880468,9789.721898217867,74750.34895184885,1.4369868840899998e-08,2.7668614625395834e-15,142.57758102466397,2999.973735120931
N2,1_F_earth,10_M_earth,4000,1283896579.1610384,12472.126203624028,9789.721898217867,96403.885719311,1.4369868840899998e-08,2.7668614625395834e-15,142.57758102466397,3999.9645433126448
N2,1_F_earth,10_M_earth,5000,1863478042.733999,21934.06548154401,9789.721898217867,118057.42248677317,1.4369868840899998e-08,2.7668614625395834e-15,142.57758102466397,4999.955351504358
N2,1_F_earth,10_M_earth,6000,2725891997.374816,38227.817050012934,9789.721898217867,139710.9592542353,1.4369868840899998e-08,2.7668614625395834e-15,142.57758102466397,5999.946159696072
N2,1_F_earth,10_M_earth,7000,4184214900.3880734,72218.46524126531,9789.721898217867,167955.04803675952,1.4369868840899998e-08,1.3700581094245733e-15,142.57758102466397,6999.962792924071
N2,1000_F_earth,1_M_earth,200,993352256.7636589,11.76469479955379,1147.6672796229022,1196.42195683692,4.893900918477489e-11,2.8825053029682304e-13,703.619,210.7075056748621
N2,1000_F_earth,1_M_earth,300,973143550.4253848,11.596671796701843,1147.6672796229022,1219.6022788000637,4.893900918477489e-11,2.8825053029682304e-13,703.619,308.58139334096245
N2,1000_F_earth,1_M_earth,500,952928611.6838946,11.49609413105168,1147.6672796229022,1265.962922726351,4.893900918477489e-11,2.8825053029682304e-13,703.619,504.32916867316317
N2,1000_F_earth,1_M_earth,1000,937209403.7320304,11.655173818731491,1147.6672796229022,1381.8645325420696,4.893900918477489e-11,2.8825053029682304e-13,703.619,993.6986070036648
N2,1000_F_earth,1_M_earth,2000,1022914276.9277276,13.64960904322359,1147.6672796229022,1657.569347854184,4.893900918477489e-11,1.7249702494319398e-13,703.619,1981.2467093389537
N2,1000_F_earth,1_M_earth,3000,1043558358.5630094,14.827605959983856,1147.6672796229022,1911.6319025538442,4.893900918477489e-11,1.7249702494319398e-13,703.619,2966.780830356582
N2,1000_F_earth,1_M_earth,4000,1071378147.8390032,16.17856651045531,1147.6672796229022,2165.694457253505,4.893900918477489e-11,1.7249702494319398e-13,703.619,3952.31495137421
N2,1000_F_earth,1_M_earth,5000,1104461764.559019,17.693331226412283,1147.6672796229022,2419.7570119531656,4.893900918477489e-11,1.7249702494319398e-13,703.619,4937.8490723918385
N2,1000_F_earth,1_M_earth,6000,1142093572.1616108,19.376968448759673,1147.6672796229022,2673.819566652826,4.893900918477489e-11,1.7249702494319398e-13,703.619,5923.383193409466
N2,1000_F_earth,1_M_earth,7000,1183947660.822086,21.239609077928638,1147.6672796229022,2927.8821213524866,4.893900918477489e-11,1.7249702494319398e-13,703.619,6908.917314427094
N2,1000_F_earth,10_M_earth,200,17725619.489003714,65.0949435265723,9771.958199181472,13632.970105650878,7.713663412358e-09,9.171074642291175e-15,137.98404514003937,199.99776708036467
N2,1000_F_earth,10_M_earth,300,17982605.148285557,67.98244105448731,9771.958199181472,15563.447307348337,7.713663412358e-09,9.171074642291175e-15,137.98404514003937,299.9941665236364
N2,1000_F_earth,10_M_earth,500,18688091.02520365,74.77741202519775,9771.958199181472,19424.401710743252,7.713663412358e-09,9.171074642291175e-15,137.98404514003937,499.98696541017983
N2,1000_F_earth,10_M_earth,1000,22190830.68217043,102.92653136344941,9771.958199181472,29996.216024548285,7.713663412358e-09,4.636371262806332e-15,137.98404514003937,999.9813918394334
N2,1000_F_earth,10_M_earth,2000,30306524.613689423,181.46551528564953,9771.958199181472,50220.43773280988,7.713663412358e-09,4.636371262806332e-15,137.98404514003937,1999.9598050457532
N2,1000_F_earth,10_M_earth,3000,43004475.84692605,322.92759091058895,9771.958199181472,70444.65944107145,7.713663412358e-09,4.636371262806332e-15,137.98404514003937,2999.938218252073
N2,1000_F_earth,10_M_earth,4000,65045696.17218627,619.8309792562383,9771.958199181472,94346.43722657446,7.713663412358e-09,2.343884367427429e-15,137.98404514003937,3999.9500171878153
N2,1000_F_earth,10_M_earth,5000,95217239.22309858,1096.5592216876291,9771.958199181472,115490.05132394207,7.713663412358e-09,2.343884367427429e-15,137.98404514003937,4999.937075032018
N2,1000_F_earth,10_M_earth,6000,140486446.09059423,1923.4969391189306,9771.958199181472,136633.66542130962,7.713663412358e-09,2.343884367427429e-15,137.98404514003937,5999.924132876219
N2,1000_F_earth,10_M_earth,7000,208455054.67316157,3346.756783631279,9771.958199181472,157777.27951867718,7.713663412358e-09,2.343884367427429e-15,137.98404514003937,6999.911190720421
