Temperature [K]	Pressure [Pa]	Height [m]	Kzz [cm2/s]	MMW [g/mol]	Density [kg/m3]	OH [VMR]	H2 [VMR]	H2O [VMR]	H [VMR]	O [VMR]	CH [VMR]	C [VMR]	CH2 [VMR]	CH3 [VMR]	CH4 [VMR]	C2 [VMR]	C2H2 [VMR]	C2H [VMR]	C2H3 [VMR]	C2H4 [VMR]	C2H5 [VMR]	C2H6 [VMR]	CO [VMR]	CO2 [VMR]	CH2OH [VMR]	H2CO [VMR]	HCO [VMR]	CH3O [VMR]	CH3OH [VMR]	CH3CO [VMR]	O2 [VMR]	H2CCO [VMR]	HCCO [VMR]	N [VMR]	NH [VMR]	CN [VMR]	HCN [VMR]	NO [VMR]	NH2 [VMR]	N2 [VMR]	NH3 [VMR]	N2H2 [VMR]	N2H [VMR]	N2H3 [VMR]	N2H4 [VMR]	HNO [VMR]	H2CN [VMR]	HNCO [VMR]	NO2 [VMR]	N2O [VMR]	C4H2 [VMR]	CH2NH2 [VMR]	CH2NH [VMR]	CH3NH2 [VMR]	CH3CHO [VMR]	HNO2 [VMR]	NCO [VMR]	HO2 [VMR]	H2O2 [VMR]	HC3N [VMR]	CH3CN [VMR]	CH2CN [VMR]	C2H3CN [VMR]	SH [VMR]	HSO [VMR]	H2S [VMR]	C3H3 [VMR]	C3H2 [VMR]	C3H4 [VMR]	C6H5 [VMR]	C6H6 [VMR]	S [VMR]	S2 [VMR]	SO [VMR]	CS [VMR]	COS [VMR]	CS2 [VMR]	NS [VMR]	HS2 [VMR]	SO2 [VMR]	S4 [VMR]	S8 [VMR]	HCS [VMR]	S3 [VMR]	C4H3 [VMR]	C4H5 [VMR]	S2O [VMR]	CH3SH [VMR]	CH3S [VMR]	O_1 [VMR]	CH2_1 [VMR]	N_2D [VMR]	He [VMR]	S8_l_s [VMR]
137.96375416606338	1.8764342480807083e-05	10506848.080157029	371689001.5783208	40.430475107614114	6.614045406439888e-10	0.0010137350836687	0.0006605558657563	0.0151610736631709	1.603715221527002e-07	0.0206010664432032	0.0007646081970428	0.0019585644115048	2.52876166990964e-13	3.434578627064527e-13	2.020811969264308e-11	6.055290140578823e-08	1.2449959427253358e-15	2.2291401831247054e-17	1.234511912902445e-17	1.5726742162647893e-14	1.5078890588152155e-31	2.0898953291526175e-32	0.1333034969982598	0.8159938706939253	2.0139061606941002e-17	3.741192792165432e-06	1.4966079895207084e-08	3.6269941672924e-27	2.4841885600809697e-25	2.95988723688817e-28	0.0002725294090169	9.299093818043352e-20	1.1721906982678405e-25	2.163796620250109e-05	2.379899557702717e-08	3.827642243769811e-06	7.360445194648815e-12	3.8601852388937055e-09	5.703765302959507e-07	0.0006422152354964	9.935120213264948e-07	1.1590855817110562e-14	4.2208165151854686e-17	4.4157030660834573e-23	1.4388347798397977e-22	3.0872499992220983e-09	1.9876426403947853e-18	5.137398952871544e-13	7.381079531252201e-24	2.665817421640763e-18	6.223157032796266e-28	4.917397568087921e-30	2.7728968687610904e-36	5.992683432624466e-26	3.141511313601641e-33	5.029723965821096e-23	1.462764009403608e-07	1.3178344229417286e-13	4.798499607298709e-17	1.7923801558292702e-20	5.838411640472426e-25	5.938069446073891e-20	1.9615621150625242e-19	1.3956922978773166e-06	3.5934752246219636e-21	3.033235127930165e-05	1.1722349960295284e-28	3.798949192193701e-18	2.3212865028042644e-30	1.6960986064966928e-57	7.870820708072094e-61	0.0008991944374841	2.1826549276320668e-11	0.00031664041649	1.0952169548687568e-14	1.1436042967966242e-17	2.7454062832653203e-24	4.7041483905412986e-11	3.474950563538707e-23	0.0008988722693915	1.720291038276036e-33	9.43765030999e-52	3.626399464480578e-16	7.120389795701264e-23	9.55893615110873e-32	1.0316036299483945e-43	2.969384703388055e-68	1.958629703598248e-24	8.235521583789895e-25	0.0074506651305925	5.753127677119686e-13	6.29197548409378e-34	0.0	0.0
139.97075063848817	3.521005487370228e-05	10441719.510900753	288797547.3135039	40.98687101536223	1.2401212664003252e-09	0.0008220478471705	0.0004151446766189	0.0119857415708388	9.761468436316038e-08	0.0182193477683203	0.000585107023947	0.001509088657033	2.6811905250226773e-13	2.744589063118518e-13	1.5639277668857025e-11	6.47538178907445e-08	1.4204778822948513e-15	2.7105656993255563e-17	1.3108500592241294e-17	1.6935480932516115e-14	4.093088357543421e-31	3.499501807599156e-32	0.1176924648232645	0.8406602981583814	3.06071949053794e-17	4.119823309833514e-06	2.0847321119719813e-08	5.7235401777344376e-27	4.248568162349141e-25	7.000322980732024e-28	0.0002680955410195	1.5893531742232317e-19	2.447776416258876e-25	1.6550862928751136e-05	1.818712706078756e-08	1.332733118176204e-05	2.8022758133165823e-11	4.421869330625132e-09	4.418139892229105e-07	0.0005639271311589	7.776562882628695e-07	1.2674424250234291e-14	6.298317239412043e-17	6.653476256417783e-23	2.346119090650889e-22	3.779772822195372e-09	2.2330303136312885e-18	1.230031316965358e-12	2.6423407697170245e-23	4.4400881567744034e-18	3.947235809769577e-27	9.86094821883476e-30	8.763249165693561e-36	9.482203394405952e-26	1.2009162829807096e-32	1.3258242600130972e-22	6.847993858986782e-07	2.407366331349236e-13	8.016668976730096e-17	1.0612425459383952e-19	2.4895514431090923e-24	2.757320135785924e-19	1.1699807918525393e-18	1.2979364576284708e-06	7.745826818848249e-21	2.827517718721952e-05	1.8732647843407947e-28	6.174485544263707e-18	5.487972557705333e-30	9.585783475315153e-57	4.429593430718866e-60	0.0008777130201207	3.626371091573195e-11	0.0003600737606054	1.7606303239003546e-14	2.309720159785436e-17	7.365602164033023e-24	6.198092021695535e-11	5.776065509718903e-23	0.001143869626196	1.4818791342473926e-32	0.0	5.714824064483e-16	1.9151500749319137e-22	2.222472192472478e-31	3.3890595626828288e-43	9.33943851376513e-68	3.4280420248994786e-24	1.3505705127258834e-24	0.0048313952456074	4.26101423699499e-13	8.876295573007728e-34	0.0	0.0
141.9838878057318	6.606935284181629e-05	10376126.25371606	224343148.4886184	41.3058001420961	2.31186254109882e-09	0.0007224352579633	0.0002878198230827	0.0102221223754633	5.904615111793994e-08	0.0177409122304649	0.0004948906295235	0.0012668178994143	3.136133067509824e-13	2.416790392716816e-13	1.314049261000452e-11	8.271879296054423e-08	1.9776384017157265e-15	4.486075841674778e-17	1.6370995524473986e-17	2.1623025668556536e-14	1.5679669541110608e-30	7.412282619381116e-32	0.1082973950664359	0.8545459203209061	5.835239923832349e-17	5.355507141744948e-06	3.2677720958781336e-08	1.1268796862956811e-26	9.096393158519994e-25	2.1292398941885928e-27	0.000274435261955	3.3627044067842096e-19	6.486946629592358e-25	1.347902043632817e-05	1.5137323662638307e-08	7.383205946142876e-05	1.6674185691137167e-10	5.898639941205404e-09	3.7014142091883177e-07	0.000516446265777	6.592540218143166e-07	1.62669177698705e-14	1.167571621576708e-16	1.247930703949627e-22	4.746649152863728e-22	5.463044607544772e-09	2.947249547175337e-18	2.2977035526619773e-12	1.2768928985398976e-22	9.087094543270879e-18	3.6179896387457726e-26	2.594231871254548e-29	3.641169518809488e-35	1.8675146636035216e-25	6.305803178365115e-32	4.349800278202321e-22	4.8011548186329785e-06	5.475779166098248e-13	1.643002454668653e-16	9.046199865360066e-19	1.3729342888729068e-23	1.9229197268444002e-18	1.0078844016002648e-17	1.2317404545766632e-06	1.9490582706202787e-20	2.690105481831186e-05	3.796030522540861e-28	1.2854266770899882e-17	1.7110162581544193e-29	7.224101236240431e-56	3.106359289269763e-59	0.0009287073852273	6.7122557254735e-11	0.0003980412828278	3.008311326522859e-14	1.9696062518935182e-16	1.5019827979378774e-22	9.284905336931847e-11	1.0397370952273062e-22	0.0013376961656671	1.604611659730431e-31	1.5525125288169886e-49	1.1194772414906313e-15	5.199791407270564e-22	6.861845322523596e-31	1.468283474503171e-42	3.5251247111872464e-67	7.100663730060069e-24	2.6226884174124523e-24	0.0028395288173822	3.3543343935165883e-13	1.6616644519368228e-33	0.0	0.0
144.1653695574406	0.0001239747964209	10309740.34111194	174237235.59799612	41.45237509131441	4.2875762181563926e-09	0.000673260415536	0.0002265298394808	0.0094460756189272	3.99209194016309e-08	0.0177585656072546	0.0004654581350246	0.0011142694254109	4.2297561416263997e-13	2.3151661360125015e-13	1.2040804314158878e-11	1.203202628518738e-07	3.259872153121864e-15	1.1028823042050052e-16	2.333262384367888e-17	3.2037843403228264e-14	7.786878538143794e-30	1.862510184752394e-31	0.1037983716737036	0.8602535316065221	1.3266791939298307e-16	8.090669654502654e-06	5.7404398152531314e-08	2.5888715393567557e-26	2.283166033307617e-24	7.932860503420108e-27	0.0002840372862033	8.186698966950507e-19	2.053054385389228e-24	1.1235411657336975e-05	1.4487653582997785e-08	0.0006030676221981	1.3986876060171208e-09	8.587070179920854e-09	3.3448210458793173e-07	0.0004943158827143	6.080313814763855e-07	2.4347245633792825e-14	2.4843976180537513e-16	2.7417114337914023e-22	1.1241384407167516e-21	8.730379019892476e-09	4.2820351145163814e-18	2.981604317306111e-12	7.5449099240479935e-22	2.1873583465107442e-17	4.692268430172424e-25	8.467442646012514e-29	1.8758668239844887e-34	4.310589932707236e-25	4.236790664980671e-31	1.639494950304743e-21	4.671759436533097e-05	1.460535028304948e-12	3.854402387878964e-16	1.0858539584282108e-17	9.328737676030636e-23	1.8697600627578322e-17	1.2057771794482838e-16	1.1941337853077785e-06	5.802546668167547e-20	2.6199601367918053e-05	9.405559588570394e-28	3.267779421337864e-17	6.805038535722447e-29	7.112914190397479e-55	2.590372774500128e-58	0.0014102683511593	1.8405171388664926e-10	0.0004202962349927	7.149204847922201e-14	2.089577152597235e-14	2.2025908817906606e-20	1.78526064511891e-10	2.035953387017385e-22	0.0014394518277581	4.3644419754699376e-30	2.1572167729617384e-48	3.240408957204834e-15	1.4451228426343809e-21	2.7498488130085847e-30	8.070678729668156e-42	1.5756861209091384e-66	1.6679383912490834e-23	5.793369959134917e-24	0.0015178693192783	2.766733727410784e-13	3.868693267124216e-33	0.0	0.0
146.2948067515766	0.000232630553903	10242242.083315896	135294817.83799464	41.374701846154736	7.913392411711281e-09	0.0006221135794024	0.0001942086170545	0.0090667549787498	4.0172242505204366e-08	0.0170654850810448	0.0004967712487403	0.0008989367954818	6.735776316836853e-13	2.288163758658407e-13	1.1501449354180872e-11	1.769871756464851e-07	5.953253326584995e-15	4.153370731682828e-16	3.5117992410106455e-17	5.058096157485688e-14	4.396307904744109e-29	5.018862247071479e-31	0.1010108197164394	0.8517729012925767	3.376892915309491e-16	1.3464722572100024e-05	1.1258303687476365e-07	6.343188215800529e-26	6.0894825992900694e-24	3.271218131556533e-26	0.0002888966472744	2.051010406473413e-18	6.974274740967365e-24	8.353931526204832e-06	2.2566620467025384e-08	0.0071317467328147	1.46135479782963e-08	1.1394180415617705e-08	3.0491617082371295e-07	0.000475444119108	5.817445747542908e-07	4.3010594686894415e-14	5.181279644252795e-16	6.485127676271234e-22	2.8332203170523488e-21	1.3920377307650781e-08	5.594768296440836e-18	3.261842449637719e-12	4.3495714748380704e-21	5.854785524463416e-17	7.700433850214224e-24	3.104864042429012e-28	1.0699395322522445e-33	1.0652092621662926e-24	3.1512296355430903e-30	5.8441530209726274e-21	0.0005687305185328	4.288455423525901e-12	9.346693106317577e-16	1.721751450182309e-16	7.420502160373536e-22	2.2930685202606257e-16	1.8357287876112844e-15	1.1560118817674735e-06	1.9771299680333409e-19	2.5594112777582272e-05	2.6647364714818623e-27	9.324819992182348e-17	3.245769448987696e-28	8.366111722776517e-54	2.2807817257808275e-57	0.0077068262425337	1.5367288171249723e-09	0.0004260034734905	1.217582318089889e-12	3.603559778479045e-12	4.547990148043003e-18	8.030103575426397e-10	4.2185326143433767e-22	0.0014546792901361	1.0745526275194091e-27	0.0	2.232626147247628e-14	4.013945213908491e-21	1.3607260096996257e-29	5.050401755113941e-41	7.68469827677492e-66	4.133243477408316e-23	1.3583583630608506e-23	0.000769831625071	2.227925190217192e-13	1.0974700678758428e-32	0.0	0.0
148.56016761520746	0.0004365159384936	10168703.555003691	105035574.01829876	38.5619872364692	1.362847027779099e-08	0.0003591628883635	0.0001327265138548	0.0068088418343289	2.8587764923650465e-05	0.0118850801654107	0.0007007324519643	1.5995814742128035e-06	2.109520702307178e-12	1.7536146582682892e-13	8.582601432298052e-12	1.1696259673435757e-07	8.864693887655215e-15	2.5651772848344426e-15	3.965017896885425e-17	4.777887625726247e-14	2.5107551623037676e-28	9.120311017129989e-31	0.0825008899501184	0.6491505284754501	7.446425649184333e-16	1.9875972339313373e-05	2.244142594355553e-07	1.1668697920563913e-25	1.1667305519282341e-23	9.922789947422276e-26	0.0002221985112848	3.534250068084766e-18	1.744832170685827e-23	3.7739311415843456e-10	8.481964427427557e-08	0.1176755063752379	1.3540071589560754e-07	6.17441172004876e-10	1.7180376713403184e-07	0.0002857639196327	4.054410976601423e-07	8.854046403204412e-14	4.957046590418043e-16	1.1645867020878084e-21	5.025942006862949e-21	1.5137084165043902e-08	3.96628840027674e-20	1.6208803341164697e-12	2.275927311015664e-21	8.103241222789184e-17	1.0413337225177748e-22	8.616205285234209e-28	5.8338501690157244e-33	1.910283541018377e-24	1.7484324086976847e-29	6.029089804094631e-21	0.0070062981927635	1.0726968247110759e-11	1.5501899995775909e-15	3.0719243431048106e-15	1.3716277606886463e-20	2.8734306686537115e-15	2.802541048709605e-14	8.468248708613741e-07	6.201826998126289e-19	1.951479645505944e-05	6.902514440664723e-27	2.196089021397964e-16	1.5318874563859242e-27	8.776374384008891e-53	1.515857936683983e-56	0.1213356157945788	2.5537920729566773e-08	0.0003699628907403	6.03535325457734e-06	8.06580230563194e-10	1.221749039505441e-15	1.2059967897799516e-08	6.953812895071252e-22	0.0011315590440222	6.658195299282985e-25	4.4496711978481344e-43	3.9353801095430723e-13	9.452576026174075e-21	6.70201458653954e-29	2.4464478383419e-40	2.8546581683264044e-65	7.603254950281417e-23	2.441574484590381e-23	0.0003574792965363	1.3108490296345894e-13	3.5971662706851714e-32	0.0	0.0
150.8688322305166	0.0008190934568225	10069559.522523426	81528531.59990412	29.045172983081518	1.8966966408300092e-08	1.705323227092616e-07	1.1591771512995749e-07	3.4585007374074847e-06	5.773087762490613e-06	6.082417673694601e-06	1.0138169411908909e-07	0.0	9.429032405323153e-16	9.115689550539751e-17	4.426698915393622e-15	5.187951577048071e-11	3.786914441878703e-18	1.5308859034806973e-18	1.9372593152799446e-20	1.953708293066368e-17	1.3907607584805386e-31	4.194559937674758e-34	4.1314123626119525e-05	0.0003116479798733	3.5778559641396425e-19	9.538978483404145e-09	6.640549128574844e-11	5.659629970983112e-29	5.6118869285239236e-27	4.733087787064802e-29	1.0671903053571237e-07	1.6784054669817057e-21	8.29726438331633e-27	0.0	4.013088248225475e-11	0.4999350414793383	7.126978482659419e-11	0.0	9.584051404301127e-11	0.0	2.0167751428544728e-10	4.188967866166955e-17	2.411570576440408e-19	5.648790335224731e-25	2.4207428644253032e-24	7.290573620071104e-12	0.0	2.131206817627042e-19	1.0592778703906134e-24	3.887588080039672e-20	4.803833615197181e-26	4.149707209536978e-31	2.9846248758325295e-36	9.20848941549617e-28	8.310949241911566e-33	2.8951248555473964e-24	4.46855163067918e-06	5.099178490589159e-15	7.446847965097001e-19	1.949349882913976e-18	9.560553367033176e-24	1.906241854276377e-18	1.696445199977991e-17	4.014078004970879e-10	2.9923827572437404e-22	9.423532447401973e-09	3.482175581198881e-30	1.041951406058686e-19	7.247990503243772e-31	4.260551735687155e-56	7.554653498023346e-60	0.4996907555922844	2.0552962318042984e-11	1.855950725554817e-07	0.0	0.0	0.0	8.433231290674086e-12	3.411528964775305e-25	5.548255390164902e-07	1.240438133662706e-28	3.0499866545324748e-46	2.5709686462735483e-16	6.79265029368153e-24	3.167705644771761e-32	1.1674017295275993e-43	1.4342830961957403e-68	3.651480627071924e-26	1.178716135896173e-26	2.0336828925269774e-07	6.930329301767239e-17	1.8437066516755732e-35	0.0	0.0
153.2472705823626	0.0015369750147606	9968867.542028204	63270832.75521568	29.04039715402514	3.5032133779255295e-08	1.3737776603185116e-11	1.5340661920910437e-11	2.8660100906779984e-10	1.5021323981358416e-06	5.088624484920211e-10	0.0	0.0	7.608182373096667e-20	7.704421715604624e-21	3.713592997102828e-19	3.997272222034587e-15	2.870277506113609e-22	1.3071668641546753e-22	1.5581500042144692e-24	1.4452239653806285e-21	1.1600498519475726e-35	3.2849783463889396e-38	3.3574766354245983e-09	2.4870999456339293e-08	2.8561215944178535e-23	7.616872444849674e-13	4.558748522684145e-15	4.529209582640647e-33	4.479026288496472e-31	3.7715925858364406e-33	8.503165939673547e-12	1.3353720343393663e-25	6.601600727976111e-31	0.0	2.535071543651139e-15	0.5001747097605522	6.010122987888183e-15	0.0	8.273706503317543e-15	0.0	1.6600057187285142e-14	3.3321354053937613e-21	1.93399576677717e-23	4.5205821813688176e-29	1.9327616971917246e-28	5.823677469287915e-16	0.0	4.052576351964104e-27	8.40195117449427e-29	3.104131337419399e-24	3.808324906270352e-30	3.3165944731711967e-35	2.4298806898328157e-40	7.357197403654065e-32	6.619717021960264e-37	2.315790075141822e-28	3.9600973665306924e-10	4.0556979586438826e-19	5.938000402194316e-23	1.72818998807704e-22	8.348254710960592e-28	1.7173435440250528e-22	1.4817888082732637e-21	3.1774782973963996e-14	2.3996290569064e-26	7.524470684560849e-13	2.822013041063282e-34	8.279728352878555e-24	5.75747912475658e-35	3.5151182270854153e-60	6.284144450302045e-64	0.4998237585699719	1.0328032118628208e-13	1.5130567578399304e-11	0.0	0.0	0.0	7.364941670807606e-16	2.8446482823675976e-29	4.5256127972205305e-11	7.439991578357435e-33	3.430694308726381e-50	0.0	7.985631493675027e-27	2.529788298339581e-36	9.360927779728715e-48	1.1983967555002231e-72	2.9226978682498616e-30	9.441865404657156e-31	1.7467574493024642e-11	5.916410473040765e-21	1.5612753366963206e-39	0.0	0.0
155.72025233255675	0.0028840325561413	9866575.603845237	49093144.38942959	29.03820618672115	6.468667440138547e-08	2.8582131227334033e-16	0.0	6.080288450991235e-15	7.322975572350465e-05	1.0887415048229963e-14	0.0	0.0	0.0	1.6618918513241791e-25	7.958409739186956e-24	1.1358041240920353e-19	5.70250004564778e-27	1.0240588937036756e-26	3.2258112957258725e-29	2.817766445168177e-26	4.2728363190659595e-40	6.6785295207533865e-43	7.00047759730524e-14	5.117010441243208e-13	5.882470829963123e-28	1.5696737402019485e-17	8.87062802559879e-20	9.338059907030888e-38	9.221148956127364e-36	7.758070647176888e-38	1.7475145939849214e-16	2.7447343403476677e-30	1.3566759206555083e-35	0.0	0.0	0.5001685987706409	5.312041975821455e-15	0.0	1.80446835331789e-19	0.0	3.5074941493229484e-19	6.857246452651091e-26	3.994026936547395e-28	9.319264899308124e-34	3.9795652863353866e-33	1.1997652302998415e-20	0.0	2.3011807231113244e-35	1.726815047773894e-33	6.39131813116885e-29	7.835958517151836e-35	6.837025846511649e-40	5.718242176908746e-45	1.5157794982011507e-36	1.3617633640201908e-41	4.775333144925611e-33	8.727764125859838e-15	8.336624325372977e-24	1.2214228157526615e-27	3.808848488000024e-27	3.2528278998922395e-32	3.8368469564750766e-27	3.234483690529895e-26	6.360603034700932e-19	4.976091093390977e-31	1.5485085692909837e-17	8.009746255312713e-39	1.700351175500512e-28	1.1823801266337206e-39	7.4573507964887335e-65	1.3381555640507464e-68	0.499758171472862	1.585639560011695e-13	3.1618439397592177e-16	0.0	0.0	0.0	0.0	1.0564993346699816e-28	9.478092336251532e-16	1.5547942274106932e-34	9.419349492486263e-55	0.0	2.172363776829012e-26	5.22381670518352e-41	1.9366889313972172e-52	2.5597576232330067e-77	6.03046903415216e-35	1.948033308876736e-35	3.7745534217771775e-16	1.2856299177374423e-25	3.382930877254422e-44	0.0	0.0
158.2879652243048	0.0054116974609233	9762628.090435855	38085884.64479245	29.037486555926687	1.1940832732210466e-07	1.3319268975929136e-21	0.0	2.869524525788279e-20	7.7414403962861e-05	5.1746882748409976e-20	0.0	0.0	0.0	7.972363771873264e-31	3.786377105401601e-29	7.414588939606353e-20	2.567776613889867e-32	4.681141655696099e-27	1.4932633529721023e-34	1.250529031897738e-31	3.069124585459977e-45	3.0532882551418296e-48	3.255577611026064e-19	2.356872551031649e-18	2.712109327286102e-33	7.241959820637639e-23	4.008396128675402e-25	4.308171617243912e-43	4.25004698668976e-41	3.5738852326642866e-43	8.042739493504341e-22	1.2638796445865316e-35	6.245938063173507e-41	0.0	0.0	0.5002661129377447	4.454604516832639e-15	0.0	8.68036239194748e-25	0.0	1.6516275814433435e-24	3.162272396645525e-31	1.844874349853712e-33	4.298534415398125e-39	1.834267228416561e-38	5.532767537873941e-26	0.0	5.605727606383151e-44	7.95830997005993e-39	2.945768030506844e-34	3.616732955480235e-40	3.1547333881191145e-45	2.864579026237133e-50	6.990110668650836e-42	6.274564690733788e-47	2.2036473925112363e-38	4.206890097599656e-20	3.839446891413617e-29	5.6254912598162964e-33	1.836286565412925e-32	2.04484198748692e-37	1.871128383611389e-32	1.549202585777778e-31	0.0	2.3113887004039746e-36	7.133041619036003e-23	4.994864299358506e-44	7.824478293723996e-34	5.4417271080626346e-45	3.524211854965202e-70	6.335596251467657e-74	0.499656472658128	1.5993759558516034e-13	1.4726602376852397e-21	0.0	0.0	0.0	0.0	1.270168843886464e-28	4.427427979964703e-21	2.331618847663119e-34	5.491890794525702e-60	0.0	2.7631722717333964e-26	2.4156118238056383e-46	8.965061541261297e-58	1.2146670068705363e-82	2.7842720713929283e-40	8.991300285228251e-41	1.800838070008474e-21	6.183889934699987e-31	1.6257520203639898e-49	0.0	0.0
160.89342759407467	0.0101546944559279	9656934.663599111	29541705.79257938	29.018321685982524	2.2028799359302e-07	1.1317683719012e-27	0.0	2.4525499304546474e-26	0.000704590940193	4.448349808923856e-26	0.0	0.0	0.0	1.4048538370349626e-30	3.2566743232523e-35	8.691378363127521e-19	1.4785321211619918e-32	2.0009997392276813e-25	1.2577422288527038e-40	1.025437451336839e-37	9.26780764523169e-51	2.5508851290893545e-54	2.7480667991823133e-25	1.97693465260837e-24	2.2644053937118885e-39	6.08097690342596e-29	3.2045250191231997e-31	3.626547948700099e-49	3.566615609078676e-47	2.9981768757025858e-49	6.743085645683547e-28	1.0600150427089952e-41	5.2374383323089505e-47	0.0	0.0	0.5002142935657952	2.7199779687441264e-14	0.0	7.513206023402141e-31	0.0	1.410734282133597e-30	2.655729896587492e-37	6.498510335267464e-40	3.609028063413508e-45	1.5393240784873944e-44	4.6450388233296704e-32	0.0	0.0	6.681718188487009e-45	2.471993083866991e-40	3.040517882749566e-46	2.649797408903941e-51	3.09898679983748e-56	5.868487049176242e-48	5.2650135520127355e-53	1.85099926609192e-44	3.623642022977685e-26	3.220688517997526e-35	4.7181737329228383e-39	2.763449911207335e-34	1.4149604056862155e-38	1.1587122468227748e-33	1.330377703567922e-37	0.0	2.023976152488809e-42	5.982322835530362e-29	0.0	0.0	4.560076641312663e-51	3.0168050200840835e-76	5.427489818274499e-80	0.499081115493841	1.4353831606247492e-13	1.244116490963682e-27	0.0	0.0	0.0	0.0	7.445710029617568e-28	3.754059094550361e-27	1.7854171896543606e-34	0.0	0.0	2.325363314859703e-26	2.0394314586917443e-52	7.549968872403937e-64	7.664228472730575e-89	2.3396618665790976e-46	7.553007418437411e-47	1.5502562298777054e-27	2.7941632729319126e-35	1.4097698388655527e-55	0.0	0.0
163.60830844017934	0.0190546164558985	9549350.846975436	22910667.00737904	28.979741250222936	4.0595635114717437e-07	0.0	0.0	0.0	0.0019648554292812	0.0	0.0	0.0	0.0	1.477042558287169e-28	3.762451366227677e-39	2.1470089170327376e-18	1.6296758640209545e-30	1.4856616453569978e-24	3.175364681431517e-45	0.0	0.0	0.0	0.0	0.0	0.0	0.0	0.0	0.0	0.0	0.0	0.0	1.293595837237348e-48	0.0	0.0	0.0	0.5001217520613253	9.088598772928969e-14	0.0	1.2135084005823854e-33	0.0	0.0	0.0	0.0	0.0	0.0	0.0	0.0	1.6198099763863825e-49	0.0	0.0	4.1227966500400414e-53	0.0	0.0	0.0	0.0	0.0	0.0	0.0	0.0	1.7801514268659274e-32	1.282986972493776e-36	7.110675474094615e-32	1.1697598475802125e-44	0.0	0.0	0.0	0.0	0.0	0.0	0.0	0.0	0.4979133925091341	1.687083106403076e-13	0.0	0.0	0.0	0.0	0.0	2.829071937708181e-27	0.0	2.4881639661993806e-34	0.0	0.0	3.084023226958579e-26	0.0	0.0	0.0	0.0	0.0	1.9400676440301075e-34	7.565427928091383e-34	0.0	0.0	0.0
166.4109114561423	0.0357547349018904	9439713.74861057	17765308.987236634	28.914231344917823	7.472284423476161e-07	0.0	0.0	0.0	0.0040854464185384	0.0	0.0	0.0	0.0	6.895436650341733e-27	0.0	3.683917176872424e-18	7.960301155169517e-29	1.13472054269187e-23	7.986084792606476e-43	0.0	0.0	0.0	0.0	0.0	0.0	0.0	0.0	0.0	0.0	0.0	0.0	0.0	0.0	0.0	0.0	0.500063989692558	4.3814890732880203e-13	0.0	0.0	0.0	0.0	0.0	0.0	0.0	0.0	0.0	0.0	1.2305591621115367e-40	0.0	0.0	0.0	0.0	0.0	0.0	0.0	0.0	0.0	0.0	0.0	1.142204361687216e-30	2.051497324036399e-34	4.3565113617425375e-30	0.0	0.0	0.0	0.0	0.0	0.0	0.0	0.0	0.0	0.4958505638881073	3.579705666337247e-13	0.0	0.0	0.0	0.0	0.0	2.917782389858673e-26	0.0	2.209770371712126e-33	0.0	0.0	1.3878238487257388e-25	0.0	0.0	0.0	0.0	0.0	0.0	2.0089557266553142e-32	0.0	0.0	0.0
169.30969630249314	0.0670914091009541	9327779.682227552	13773451.954134136	28.80414779728085	1.372872143943066e-06	7.960007783531217e-22	0.0	6.490687567425997e-19	0.0076355641485334	1.074119828699867e-19	0.0	0.0	0.0	2.213563564958223e-25	8.361626922023712e-28	6.062190363424995e-18	2.6994792705112427e-27	9.549158288166388e-23	1.0806190746670092e-36	0.0	4.359155701697201e-40	3.4203244124925867e-43	6.2155462304300634e-18	5.4762156870566967e-17	0.0	0.0	0.0	1.1312892720114559e-38	2.4106109251240165e-36	1.3343632125608275e-40	1.309429324815514e-20	4.33945632050175e-37	3.27177354376685e-39	0.0	0.0	0.5000354699815855	2.529498102591285e-12	7.965815992963463e-24	2.4576742621647395e-25	0.0	5.066665928439485e-23	1.91214160029406e-29	7.855144308521685e-30	6.520219531949106e-34	2.02610449347504e-33	1.7154035325636233e-24	0.0	1.2148203109249035e-31	2.782510641052425e-32	1.0350556837964889e-29	9.008461484724531e-47	7.44785243199633e-43	2.0622836519026885e-43	3.0006508586432545e-37	1.1696713251879694e-40	3.456741049838819e-32	4.570080984448043e-19	5.1091864903923476e-27	7.50608546883882e-29	6.539315816396114e-29	3.7275292056092016e-32	2.361645932463201e-28	0.0	0.0	2.6932725640439856e-32	1.7421781916316374e-21	0.0	0.0	2.0752291293315904e-41	5.335114139269396e-67	8.330723087700784e-65	0.4923289658663142	1.0370365935328718e-12	3.155462416416914e-20	0.0	0.0	0.0	0.0	5.1386570117422845e-25	9.74565986538422e-20	5.451019531893236e-32	1.7794249407789665e-44	0.0	1.2180090163146875e-24	0.0	3.3900789389815785e-55	1.469524543585474e-70	2.3882264406438688e-35	1.4488701115470142e-35	1.681423670367273e-23	5.479903887259084e-31	5.5507744578340666e-45	0.0	0.0
172.35369624400366	0.1258926177890246	9213118.351800652	10677015.624485929	28.614316933080747	2.5139291026160213e-06	1.2127609600920612e-14	0.0	1.0401080048177686e-11	0.013751330407126	1.7094215940986472e-12	0.0	0.0	0.0	1.2903332903228745e-23	1.3304338112921383e-20	1.0032667557908124e-17	1.6616050513171747e-24	8.455732497043396e-22	1.7636810683418846e-29	0.0	7.485233384364245e-33	5.652680717089637e-36	1.016269386611956e-10	9.201693134117367e-10	0.0	0.0	0.0	1.8672639447403808e-31	3.982432998216608e-29	2.240397581313056e-33	2.164812849209695e-13	7.273613692923873e-30	5.481368922833772e-32	0.0	0.0	0.500017861589688	1.5274254955402354e-11	2.8627954712379753e-16	4.3015302108552135e-18	0.0	8.093545285944564e-16	3.1484846757975383e-22	1.2911358948713862e-22	1.075453377013186e-26	3.3471811728257644e-26	2.8290314461684226e-17	2.9767672644558783e-25	1.9260585556424512e-22	4.662027755849548e-25	1.7395887213675581e-22	1.5252944107004677e-39	1.2264030339440484e-35	3.389635166855931e-36	4.9492732071108416e-30	1.965691920099713e-33	5.8270257842040715e-25	7.300083487665197e-12	8.454094554823402e-20	1.2438527911673538e-21	8.911501898026058e-26	5.761566784923503e-27	5.599731491785923e-26	0.0	0.0	4.465798298477233e-25	2.887211596502653e-14	1.9900283565187264e-33	0.0	3.47375394481368e-34	9.314477663265445e-60	1.4506309616752373e-57	0.4862308069409849	3.2574846062789053e-12	5.307310952527298e-13	0.0	0.0	0.0	0.0	1.3507595511689053e-23	1.6725809579365872e-12	2.297227194791861e-27	3.5727084598661546e-37	0.0	1.2347978402405162e-23	0.0	5.760192412107477e-48	2.559767662569419e-63	4.030802507417378e-28	2.442612159406533e-28	4.525931150794499e-16	3.387080741316092e-25	8.774486773040386e-38	0.0	0.0
175.45273438595973	0.2362292195998605	9133713.28165682	8275532.891753612	42.04721070195611	6.809271413796384e-06	1.1128121630682056e-05	0.0001855811498676	0.0095961837129382	0.0017194022631119	0.0015711185639461	6.815525208079427e-07	1.6183190496016394e-10	9.198163890835224e-12	5.710111190068055e-15	1.2216704229285835e-11	8.021592992378822e-17	1.5198974359176669e-15	1.1976790843940529e-17	1.6445447601150627e-20	6.25572524172815e-17	7.137388374912247e-24	5.353790510222806e-27	0.0945814918757052	0.8770385415213684	3.043572235816469e-16	1.8138611386341636e-08	2.0730606767413143e-08	1.7575726603285206e-22	3.751339672072293e-20	2.1325414179088348e-24	0.0002042631882571	6.916418274677045e-21	5.2128407541698133e-23	0.0006807533003637	2.5148774199449733e-08	0.0001200744340002	1.2746141687975897e-07	3.207489698498337e-07	6.290596091739846e-10	8.335901075965072e-09	7.485679062926205e-07	2.959172198641716e-13	1.2121162833142872e-13	1.0119480066790016e-17	3.152959759714468e-17	2.6618664724531665e-08	3.768675867780231e-16	4.3388936379589394e-11	4.44098906691812e-16	1.656907373736809e-13	1.4595581196969422e-30	1.1527672526210804e-26	3.181320748473352e-27	4.657069465167297e-21	1.872263963305252e-24	5.562445164569225e-16	0.0062256484238869	7.972407438197775e-11	1.1740819296893799e-12	3.631673893812168e-17	5.452950857650052e-18	3.335109168766924e-17	2.620417976972017e-17	3.737625062227066e-07	4.1210163664055644e-16	2.725420641410146e-05	1.9718488621346144e-24	3.1151582903010685e-20	3.2978330693617807e-25	9.063343460292844e-51	1.4125791523674398e-48	0.0059145529277751	1.6977368310557938e-07	0.0005060067738435	0.0	0.0	0.0	4.959668739018564e-08	3.3445438911926616e-15	0.0016150324625255	2.2949898792483768e-18	3.784841052689785e-28	9.129018299100727e-12	3.544430429624386e-17	2.952525941062645e-29	5.523810939094898e-39	2.494689575428724e-54	3.850823228100303e-19	2.3317809847428415e-19	3.956917979280282e-07	3.090274383584777e-16	8.01663503293481e-29	0.0	0.0
178.62909476292756	0.4432685980545586	9053337.033309978	6457017.781516361	42.28053692263769	1.261958991807528e-05	6.500039154733593e-06	0.0001871888304397	0.0097812731221072	0.0003827060955016	0.0013623167345773	1.7759759429827915e-11	9.917228971925544e-16	5.311910281330983e-17	3.306173088013913e-15	1.2458723430708587e-11	2.509383932540882e-20	1.3391536830977897e-19	1.422958270795971e-21	3.2733472846110844e-23	1.155248859977819e-18	5.299304671117899e-26	3.5641470646309905e-27	0.0893381717931058	0.8953931827854	2.053648144351688e-18	2.7180159768859213e-10	1.215340761785546e-11	7.421756233613814e-23	2.9146616793866396e-20	3.327149593982275e-27	0.0001717212648156	4.873174135617964e-22	2.579787627274933e-26	3.575939907381552e-08	1.6067866809022482e-10	1.317518857265062e-09	1.328342491317651e-11	1.189915426348376e-07	1.2820091434957056e-08	0.0005049429479078	8.08354850068177e-07	1.28084940484534e-13	1.5059824212919086e-13	1.2059033208089649e-17	3.9977953338658616e-17	1.6896382239640812e-08	3.154972921257044e-20	3.215006611154824e-11	6.720977567352508e-16	1.5351333279805242e-14	3.9829150945669154e-35	2.4995160613008137e-27	1.2132131190319855e-27	3.969544601044076e-21	4.20257191655097e-25	9.147925960688777e-16	7.894744474777924e-07	6.101300048405672e-13	9.329490225744021e-13	1.3777200904054969e-21	4.6868202541472845e-22	3.421128938977732e-21	2.111819175343733e-21	3.451855846549e-07	1.309631399292927e-16	2.811397267608645e-05	1.7127976244565563e-28	5.5028169238460295e-24	1.493450524320051e-29	2.603311741054808e-55	2.6315450767851104e-53	0.0006737099614262	6.346132573832453e-08	0.0005073690903854	5.513189771480802e-16	1.2574114365205884e-14	0.0	2.7749786865269155e-09	7.764136835509952e-15	0.0016606039234084	1.0616575839631585e-18	1.0685632411848383e-26	5.508375760979508e-16	1.889165796811436e-17	1.2919610434757805e-33	1.7325546384397228e-43	3.142121929240743e-53	4.0158750004178173e-19	2.8676323399623256e-19	3.880822445740798e-09	7.796636548672791e-17	8.025499244347928e-31	0.0	0.0
181.99538834422208	0.8317643784882989	8971481.229610862	5040170.107374428	42.28787631364695	2.3245869165869254e-05	2.529644233128033e-06	0.0001835642102677	0.009837689122005	0.00028333226206	0.0013029913525341	2.1525893626014797e-13	1.0794540282095601e-17	3.0544732814787053e-18	8.722400994817551e-16	1.2527194083805482e-11	1.0118209029385412e-24	1.1605029578073932e-21	1.968212586752113e-24	4.4512563893210645e-25	3.779247502035221e-20	2.8848982197997456e-27	1.2623879225902576e-27	0.0893119878650471	0.8955912761759118	4.683419234507919e-20	8.395448924586617e-12	2.660828397504895e-13	1.6435793529105918e-23	1.475204515439638e-20	3.1933687865823875e-28	0.0001105626457094	1.4666362466491466e-23	1.0552216565048382e-27	9.143016258446315e-10	4.7427381829333355e-11	7.993275926249009e-15	6.565190084398922e-16	1.2466341907830456e-07	7.120059834904325e-09	0.0005050964653983	8.179310239095203e-07	4.801926081442841e-14	1.3173382584355678e-13	1.2095819772935229e-17	4.6593863441910636e-17	9.11622154497106e-09	2.655152937651685e-21	4.4682754354210105e-15	2.0306826520914643e-15	1.147078938833899e-14	6.2713975878272045e-40	1.995882324544815e-28	1.4606953303883214e-28	2.3393730079816002e-21	4.739202483877574e-26	1.2489087301691697e-15	4.004950170754218e-11	5.71414284674008e-13	5.860910794313544e-13	3.308748278961325e-26	2.29429574862824e-26	1.4119059732471683e-25	7.307980652879546e-26	2.2056494030649658e-07	2.3418880973764437e-16	2.878855419510705e-05	1.925350892935314e-32	1.8143843714901794e-28	2.9296835150224616e-34	3.29918671054629e-60	2.5938191674600426e-58	0.0006167705890241	6.301813970666225e-08	0.0005288715010124	4.593603988872604e-17	3.1968018988486984e-14	5.3510088771515845e-22	1.361539736636703e-09	1.3778430415356876e-14	0.0016952939329818	3.1736230378592477e-18	3.0121283382015347e-25	3.1499265156001106e-18	3.337266084665644e-17	3.411813564316947e-38	9.053030863970783e-47	3.968214621478181e-52	2.849005744699892e-19	2.4386124271142203e-19	8.796806810292946e-10	1.8845798242203205e-17	2.439487179792977e-31	0.0	0.0
185.5203172420627	1.5607511661290152	8888076.68165387	3932641.212618605	42.295439300896376	4.279822028525669e-05	9.204393803632978e-07	0.0001815541147638	0.0098838751389751	0.0001984084225922	0.001217905859374	7.673849664947766e-17	4.970637809688556e-21	5.819219873573574e-19	1.3825999412295783e-16	1.2570409245713184e-11	1.6651977797957166e-29	5.385288055653806e-24	3.954828594117589e-27	8.858077608612647e-28	2.1848680327997723e-22	2.5303579388844016e-29	1.868944197464793e-28	0.0893021513697314	0.8957772564742436	7.345414067522273e-23	5.474524480201517e-14	1.6426674199903013e-13	2.0150168476683585e-24	4.360274440117513e-21	1.566300809436907e-28	6.125093604547191e-05	6.442726622000275e-26	8.499379000911817e-30	7.75399075802809e-10	1.6662272193763466e-11	1.0984222456155145e-18	2.7488782668492832e-19	1.2066997474946348e-07	3.880237290503622e-09	0.0005051868311719	8.304410691993168e-07	1.4354892517417622e-14	8.949478038651708e-14	9.990870637268422e-18	5.0658393415239386e-17	4.8868167236884225e-09	5.327292188835859e-22	1.414916936628612e-17	5.369766085880337e-15	7.76919241864943e-15	2.572628056437056e-44	2.2179496798639378e-29	1.1851009708413685e-29	8.371781885183343e-22	7.363632579188818e-28	1.4814635314365242e-15	5.450770584004878e-15	4.570648548194e-13	3.094930197912659e-13	4.847854357129515e-31	3.8831256154403416e-30	2.9272998972798764e-30	1.3477933794065061e-30	1.3633876852220512e-07	3.938262657640987e-16	2.973566272765389e-05	2.952342870383148e-35	1.0210960631985528e-32	2.6786625382683703e-38	2.721931527593642e-65	1.5349919131488929e-63	0.0005555766935562	5.6564451067950046e-08	0.000534526428217	2.706147276090837e-20	1.1427647399682912e-13	9.643975760822188e-24	6.543734826129815e-10	1.913540847899583e-14	0.0017504972348569	7.63953038892065e-18	8.641615872413274e-24	1.1868085629115501e-18	5.436493126901883e-17	4.169821672790015e-43	6.615246650971684e-50	4.8962175351189256e-51	1.1963481393977732e-19	1.2701788677668482e-19	1.5279731566601803e-10	2.7207572162473523e-18	7.400723191867218e-32	0.0	0.0
189.1416401821824	2.9286469408563995	8803084.439964311	3067305.233743579	42.30428096931211	7.87869277915167e-05	3.255213595804889e-07	0.0001810094860569	0.0099180383309779	0.0001331382130663	0.0010750076621507	6.810379411580536e-19	6.3790652360347545e-25	9.798946853862398e-20	9.90406300646237e-18	1.2587347654760462e-11	1.4128649991729156e-34	1.7335460508001934e-26	5.440056766230168e-30	1.6043824715686773e-30	1.4674171356956714e-24	2.511171264325212e-31	7.773827090770669e-30	0.0893076095049541	0.8959777215835723	3.26845696946783e-24	1.398094977411409e-15	3.820654376906681e-13	1.3200414239124307e-25	6.162831517971157e-22	5.606014028172005e-29	2.9756886509981425e-05	1.782913010166057e-28	4.597338550979538e-32	5.76355425839581e-10	7.277406616169367e-12	9.367350925946124e-21	3.868262946161157e-21	1.0529644648992637e-07	2.062950404195651e-09	0.0005052924522807	8.506720925277248e-07	4.4536803215752576e-15	4.915793504344231e-14	6.545547207188758e-18	4.977930143899844e-17	2.580100313458505e-09	4.586117330466026e-23	2.1707129261449693e-19	1.1813444152036751e-14	5.666345879618666e-15	7.426628865779089e-48	5.79379160165855e-30	3.6199393187234974e-30	1.4564518491791673e-22	1.0924482604529569e-29	1.5204015319312145e-15	3.553974494213634e-17	3.179878712650327e-13	1.39213683606219e-13	4.3683173452887245e-36	4.1152205335333726e-33	4.431390870797653e-35	1.6708183164921398e-35	8.466117994894535e-08	6.368345083232663e-16	3.11812332316024e-05	3.6197583885069407e-38	4.743188439764019e-36	4.5340120148497526e-41	1.1292503755559538e-69	8.620959315834508e-69	0.0004845501371489	4.7357944157565554e-08	0.0005127152543043	4.827804431972898e-22	4.034772908454747e-13	3.503237958551837e-25	3.3008800407322115e-10	2.1085917531180088e-14	0.0018425601584374	1.5785301437107818e-17	2.551466190125234e-22	2.7310743608422795e-19	8.446676527095956e-17	1.4451153036335475e-47	2.889144142171349e-53	5.681132824510582e-50	2.40723961457724e-20	3.30042345544242e-20	1.7588664342350315e-11	1.7297267420849372e-19	2.6086755681743725e-32	0.0	0.0
192.88537573900408	5.495413420359756	8716456.797049912	2391499.888388134	42.31571435054075	0.0001450082546238	1.0876694740391133e-07	0.0001810231861357	0.009943422597916	8.352435609825515e-05	0.0008487064518646	1.075142428085586e-20	1.0593471955685522e-26	4.3121587495130105e-21	2.083290561166765e-19	1.2592987077964896e-11	6.690169843558909e-40	2.45393830159798e-28	3.4668430316023674e-32	1.1089320859541844e-32	5.096442481961745e-26	1.3440506156326303e-32	5.630517743508554e-32	0.0893265948466745	0.896225019342062	1.5399502802334365e-25	8.54770313792292e-17	8.337016327766989e-13	3.1591241843018663e-27	2.934974563161624e-23	7.686639170892303e-30	1.3286267726527255e-05	1.6120990579156563e-30	1.0495655855409606e-33	3.2780892587689463e-10	3.692112122031623e-12	1.4591626064297726e-22	1.043704208440199e-22	7.718696070209121e-08	1.049113114000552e-09	0.0005054290202702	8.817376519227504e-07	1.616657812011428e-15	2.2742231991869086e-14	3.4336187548300367e-18	4.178168346004202e-17	1.3090442525391868e-09	9.84336949802386e-25	2.0058209094465096e-19	1.975079707944104e-14	3.867488032479122e-15	1.7387959009406382e-51	5.312009758246827e-31	3.9325884108699165e-31	8.786564566355543e-24	9.579904547775464e-31	1.2185691820546477e-15	1.315008306899045e-18	2.0967963455353294e-13	4.8680648329368383e-14	2.9860720146706235e-41	3.263039706179091e-36	9.40483073287622e-39	1.0086840811506436e-39	5.5186899014602776e-08	9.902229626676529e-16	3.342535235768746e-05	2.5010697774320643e-41	1.6818372186114985e-39	5.754242284396183e-44	1.5729009321106815e-73	4.3562400835172816e-73	0.0003965722747891	3.9215112510481214e-08	0.0004527520620522	2.0321562370426805e-23	1.3692394119464893e-12	1.1743216517827563e-25	1.7188177839354147e-10	2.1492290740393114e-14	0.0019890792707123	3.1720700053163115e-17	7.83329105919253e-21	1.6568969748264847e-20	1.3470553610369915e-16	2.770517515105512e-51	7.876693407810266e-57	6.552800294610438e-49	1.734285693991781e-21	3.070099882018908e-21	1.1025013435644597e-12	2.835925108859308e-21	9.964499526597711e-33	0.0	0.0
196.7971009360081	10.311781949325416	8628124.79185302	1863936.7711696187	42.32915248198345	0.000266774661431	3.3182125963133976e-08	0.0001811356120327	0.0099606503399099	4.9065102998176535e-05	0.0005598646345324	6.972052571368043e-23	7.372766230055302e-29	8.452232131118832e-23	6.104587398007012e-21	1.2597095966843807e-11	1.8414292188952888e-45	1.5707427750288957e-30	1.091436840276594e-34	2.1064430616748013e-35	8.163168704163314e-28	3.683214353816877e-34	2.3710636988663697e-34	0.0893535037061222	0.8965110834644183	3.852691448556997e-27	9.925765386402812e-17	1.7105036567147785e-12	4.664185829814142e-29	7.8404295552672515e-25	9.302506886837744e-31	5.273183726364227e-06	4.489417749533577e-33	9.607799622171576e-36	1.1806790904876448e-10	1.7122299840283689e-12	1.170393451977002e-24	1.0557655525925255e-24	4.231957271775279e-08	4.823520692817581e-10	0.000505589528588	9.184795877857036e-07	4.917680064730539e-16	8.201036574661701e-15	1.4553524122937345e-18	2.6821576212949185e-17	6.009798345658976e-10	2.0357773888134407e-26	2.4210055044150943e-19	2.1852430698572623e-14	1.7392600338563994e-15	2.6957580370208496e-55	2.6858326622417514e-32	2.160251643906092e-32	3.09577899916908e-25	3.3539046509760585e-32	6.596476527585733e-16	2.816572990310874e-20	1.3662004086282508e-13	1.1942320427133047e-14	1.2021490886324525e-45	1.900603046796576e-39	6.4169914825219e-42	2.218293743732384e-43	3.946567419784716e-08	1.503261702919507e-15	3.65460743080047e-05	1.0099551820298369e-44	3.678633519796207e-43	3.8487247976728844e-47	1.5645627944324086e-77	4.23925833170785e-77	0.0003011072149322	3.5811784902254864e-08	0.0003481736506894	6.963676426414997e-25	4.508062914143318e-12	1.613407074310977e-26	9.073833376503182e-11	2.606414274562986e-14	0.0021869369160973	7.879025266254761e-17	2.555368340676379e-19	4.772614198674577e-22	2.5720757060029153e-16	4.1675135905530234e-55	1.3832792611514375e-60	8.451964557812213e-48	8.559303422941936e-23	1.7363343984464709e-22	2.3449704702199092e-14	1.986319521803735e-23	3.1889320835555404e-33	0.0	0.0
200.82604128028703	19.349380808454736	8538035.979674991	1452264.7059285063	42.34145945105724	0.0004906850742631	8.9371999274117e-09	0.0001812849840849	0.0099703316047739	2.819019665158861e-05	0.0002870833348756	1.2793190805770577e-23	1.4418818197463954e-29	5.456253717661878e-23	4.758763698628141e-21	1.2600760423535164e-11	4.267928617719272e-50	6.076058990462364e-32	1.995659012859593e-36	1.5890758697215412e-37	1.27563078185912e-28	1.2203283425441363e-34	7.09285625789314e-35	0.0893792226374387	0.8967719926747829	4.698369328004821e-27	3.754876991794563e-16	3.435814332215037e-12	6.297429919946915e-29	1.9054254932351903e-25	1.959812940083645e-30	1.5197644350343335e-06	2.3442778791549576e-35	4.163169578349749e-37	2.1226336975140084e-11	5.88256777709445e-13	3.968704919175203e-25	1.4853779983730296e-25	1.4969273614685925e-08	1.7987087903242723e-10	0.0005057365245154	9.469292917179616e-07	8.999302946894534e-17	1.8619156859294928e-15	4.62694720999518e-19	1.1004269514736784e-17	2.2360083259555655e-10	4.890136709194448e-27	2.352947914590657e-19	1.3376087010530042e-14	3.613666719414319e-16	2.793634831191724e-59	1.296735121252933e-32	1.0688037496587007e-32	1.0929688586970677e-25	9.174429616869512e-33	2.008920519495788e-16	1.0194812911032616e-20	8.051441133348871e-14	1.884054986971885e-15	1.6143918620710426e-49	2.4873263179815444e-41	8.88098489070829e-43	8.452398462606371e-47	3.2200041186833896e-08	2.3138723958425518e-15	4.009336558343141e-05	2.591667417937532e-48	5.145048203506286e-47	1.3406313175481808e-49	1.0458192751140223e-81	2.9911551226488587e-81	0.0002269000451283	4.3455722833391375e-08	0.0002163138214471	2.0113397604879505e-24	1.504660558715854e-11	3.910337769480411e-26	4.9731778112435305e-11	4.514505844933408e-14	0.0023902840485049	3.611640416549773e-16	9.279912328856604e-18	4.222843486753868e-22	7.780912087631689e-16	4.182520499994154e-59	2.2557365768311043e-64	1.2888969500376754e-46	5.609597625868803e-23	9.671748775870072e-23	5.978914308823251e-17	4.316352632664358e-24	6.6248691581050194e-34	0.0	0.0
205.06430583387927	36.3078408281402	8446089.918970868	1131149.9495314404	42.34954535934079	0.0009018806783357	1.7898684396530807e-09	0.0001814843611645	0.0099746862450168	1.6602619976571225e-05	0.0001064737723467	2.8253347816602834e-24	3.418511483245177e-30	4.792844609000685e-23	5.499710115420979e-21	1.2603167207273126e-11	2.4064243409746864e-51	5.410421658067625e-33	8.263980187614815e-38	8.66960439747962e-40	5.066539800096427e-29	1.4204606535760023e-34	1.0579882852857103e-34	0.0893963178948745	0.896943217463261	2.0651998748216432e-26	1.5038229129586965e-15	7.047608355065474e-12	9.323886759624502e-28	6.01963108313316e-26	7.825186163166081e-30	2.438639819032087e-07	7.796244248871278e-38	2.959547404972198e-38	1.4668693729987165e-12	1.1282120310336329e-13	2.4595547193250886e-25	8.247883597294971e-26	3.0796719979060942e-09	4.851090885788768e-11	0.0005058331035061	9.593376204613928e-07	7.024613734350282e-18	2.0126163662215664e-16	9.859881041890165e-20	2.428897615269123e-18	6.001719920342094e-11	6.642678344138352e-28	1.6913913086173965e-19	3.803434104041127e-15	2.3836772481695864e-17	2.1201757110292205e-63	8.759369709738225e-33	7.340723233178353e-33	5.450040453338564e-26	7.13713508317388e-33	2.596574553031578e-17	1.1702753243157148e-20	3.6369504596314614e-14	1.4732049111864951e-16	1.1969259995345104e-51	3.281139371703339e-41	1.5646796743902333e-42	2.370293514281804e-47	3.0238259723326593e-08	3.960989904057443e-15	4.326857309848112e-05	5.744835894938307e-51	3.1700693146062408e-50	1.7144290636990086e-50	4.79674840938859e-86	1.4763265973173539e-85	0.0001887588599592	8.29562717844348e-08	0.0001054226592921	2.7720012747937e-23	5.274533232087647e-11	1.2030656585288255e-24	3.0177365812057796e-11	1.1816494233815284e-13	0.0025366129689751	4.277044893726359e-15	3.9467686144091973e-16	5.307105409596493e-22	4.519811866818904e-15	2.8116294562611245e-63	5.692904710433789e-66	2.3776248550418972e-45	7.510473971209086e-23	7.490217106671556e-23	3.9564561510784565e-21	1.3789503357668592e-24	5.76342947743371e-35	0.0	0.0
209.55907052919736	68.12927600378544	8352164.37892537	880764.96474092	42.35327647666398	0.0016561676731808	1.9254134087485128e-10	0.0001817671062699	0.0099761560523611	1.0275953259718915e-05	2.4234684195442945e-05	6.159075610595187e-25	8.097312951011363e-31	3.135737011750633e-23	7.561612876154377e-21	1.2604277920547333e-11	1.3154960915704857e-52	2.080679640572162e-34	1.4440582259604475e-39	4.758638302716357e-41	1.818071993076959e-29	2.295466372185001e-34	2.9032316180245863e-34	0.0894042454799993	0.8970221871938264	1.5649352576020645e-25	6.593996021046953e-15	1.5080853948675194e-11	2.1661832143777192e-26	1.5441808507548232e-26	4.2223013038338564e-29	1.8430403207531562e-08	1.5324473201987508e-39	5.3034797364716e-40	2.7642225985755683e-14	8.181411790136748e-15	7.703046656634495e-26	2.1806043479749223e-26	3.9193752638522745e-10	9.341947726493304e-12	0.0005058776685959	9.6220390060457e-07	1.5821994958110326e-19	8.226843587129035e-18	1.3068955739699832e-20	2.8342242521269324e-19	1.1375909009805586e-11	2.781108039399781e-29	8.962081339886345e-20	4.1838622551436316e-16	3.301696324423014e-19	3.067880800572312e-67	6.513923657860639e-33	5.697844642702734e-33	2.9267268403925075e-26	4.362389607931604e-33	1.042245860412722e-18	3.41113993343651e-21	1.1490785187225736e-14	3.187335887053934e-18	1.768272045163836e-53	2.233395664061356e-41	2.213959698132508e-42	2.7350235169187848e-48	2.907867613697341e-08	1.016260888012078e-14	4.557596352840647e-05	1.326190346523247e-52	3.35144619677872e-52	7.214024787940713e-52	1.532082691469663e-90	5.08263960081273e-90	0.0001753394909415	2.379365995464961e-07	4.491450354858825e-05	7.130463478618351e-22	1.8572524578892108e-10	2.902007281173665e-23	2.581348844663005e-11	4.41629905119657e-13	0.0026081774087913	1.1558509024311537e-13	2.0844976400276625e-14	5.180891747611809e-22	3.9248321694055686e-14	1.3097643320171743e-67	2.672874715523276e-67	4.774511160369826e-44	1.5324477917552553e-22	6.178588564611646e-23	1.9868924981269884e-26	4.94550207928129e-25	1.0327963168252548e-36	0.0	0.0
214.1637170022251	127.84010679044673	8256206.351104335	685599.8083474715	42.35439628796119	0.0030409529766054	1.0524507534023308e-11	0.0001821280824862	0.0099764879686134	6.513107265445117e-06	2.391496563097674e-06	1.7628333612137633e-25	2.4858029726608237e-31	1.487351218080549e-23	1.594244518814195e-20	1.2604611384024667e-11	1.163410648423538e-53	3.172757679157044e-36	6.011928478995159e-42	1.5028896730895738e-41	9.299679833149134e-30	6.56611092054586e-34	1.6013567676515718e-33	0.0894066240115309	0.8970458886552379	1.2935582647108455e-24	3.014741485539296e-14	3.2858344642404384e-11	4.925247427426724e-25	3.0240255475599487e-27	4.008650955203007e-28	5.938436838750155e-10	1.7138747595070674e-40	1.5718707144353718e-42	1.0857427996649931e-16	1.4517863948236722e-16	5.124352534673466e-28	1.698653150844514e-28	2.3069407762317323e-11	1.3701291937629833e-12	0.0005058910440347	9.626076227871276e-07	1.0731782873933945e-21	7.115927182097322e-20	8.542074087330865e-22	1.9743738852982107e-20	1.2786393075902956e-12	3.894907384501931e-31	3.660778381262196e-20	8.291146103896714e-18	3.960405383680653e-22	4.179885448166275e-71	6.086182321156167e-33	5.357712530533339e-33	2.0242820486168152e-26	1.640122061178998e-33	7.184778716994518e-21	3.316986503898772e-23	1.600691631669928e-15	1.3354735699100248e-20	3.6942919776783374e-57	7.52583672156983e-43	9.772127908023908e-44	1.094266240265432e-50	2.0177064760197694e-08	5.685679867093273e-14	4.703839732526592e-05	1.6492542648393348e-54	2.0826183043035823e-54	9.21050578008735e-54	3.4293565041060703e-95	1.2218730626727855e-94	0.000174099901492	1.476126107872935e-06	1.7718784942165447e-05	1.8517389070745694e-21	5.79856139031299e-10	1.0215661133124376e-22	3.4518455109691194e-11	3.619801120238405e-12	0.0026327583292137	1.425449772806834e-11	1.435650221792134e-12	3.811784159024692e-22	1.1769243663755729e-12	5.80893242362903e-72	4.802515998749007e-69	7.835591847953367e-43	4.5022768005000425e-22	7.421996858768719e-23	3.357563337719839e-34	1.939763248603452e-25	2.2660906793941337e-39	0.0	0.0
218.97082567736456	239.8835546598903	8158126.705196124	533528.0006537116	42.355327192769096	0.0055810028019502	3.116328231879929e-13	0.0001824855379316	0.0099767092344181	4.004332285093039e-06	6.373500496775627e-08	5.862249724919665e-26	8.86597493760919e-32	6.5021725130526555e-24	3.749610318604769e-20	1.2604888490767916e-11	1.578725801614137e-54	6.925788954823573e-39	1.1326724151741877e-45	4.826227240296163e-42	5.746793405653049e-30	1.0028473084395679e-33	4.424585033453366e-33	0.0894085897289073	0.8970656033221532	9.98920103099604e-24	1.2920778579320966e-13	6.951463642050709e-11	6.834281710455083e-24	6.716396640394491e-28	2.929620919982917e-27	9.008730550380303e-12	1.3422176791304058e-41	1.988386204863276e-46	2.6854580981022205e-19	5.866685208060763e-19	6.126587422090486e-31	7.2557557948891765e-31	1.8946496898214339e-13	1.576288378987349e-13	0.0005059021631683	9.626822991469909e-07	1.2904488601706445e-23	5.688265740233092e-23	2.6197237488941426e-23	8.588477714191663e-22	3.508549128450035e-14	3.7796750607122916e-33	1.1878900398743921e-20	6.079418599508056e-21	8.619228619195576e-26	2.307865327297012e-75	2.884840492533312e-33	2.573793675089851e-33	7.27641063853172e-27	1.330798436924843e-34	5.981173721254325e-24	1.6516787919426046e-24	4.8533990866346256e-17	7.071975765622776e-22	2.1018373412916508e-61	4.385618996405144e-45	5.177894312813412e-46	2.2151629534255593e-53	1.3367572071602676e-08	1.3991574295728725e-12	4.794173516791623e-05	5.361400415123225e-57	2.0457871428205052e-57	1.803195304147458e-56	5.393985663355344e-100	2.056387699562365e-99	0.0001418189463745	1.894972205119039e-05	8.212963248990244e-06	1.2291832988546869e-21	1.292175922313746e-09	9.619833168426614e-23	6.337565461876122e-12	6.455337818390732e-11	0.0026387334998321	7.0806495968857715e-09	1.0770892645359087e-10	2.169754462988978e-22	3.848094095395178e-10	3.2394444049803674e-75	2.626148940135344e-72	1.0931640061345371e-41	1.0176965344345848e-21	1.1071571860572105e-22	7.827490642196072e-45	7.498332676505738e-26	6.133328688059824e-43	0.0	0.0
224.0581667306531	450.1257175151597	8057804.936731428	415072.93796270736	42.35746561518281	0.0102351213292982	2.2626293125277387e-14	0.0001826409655969	0.0099772129586002	2.2017344764173418e-06	2.521305635628702e-09	1.957497284362834e-26	3.202069554811299e-32	3.1800053098368453e-24	2.826707658951463e-20	1.2605524912614885e-11	3.395981736784245e-55	4.233513097834867e-40	1.0278176324943072e-48	1.565673947701463e-42	3.4674384092994095e-30	9.22056053981714e-34	6.358801622785569e-33	0.0894131036244169	0.8971108940278179	6.326033420788718e-23	4.55934234598953e-13	1.334553746056328e-10	6.715978460454846e-23	1.3820525375074686e-27	1.0795804090665736e-26	6.181084930709173e-13	2.354409003612363e-42	6.940800057057673e-48	2.106611050616076e-21	7.836664825886283e-21	1.5744477578982447e-32	2.8602086032271236e-32	3.3271674964276107e-15	1.5965748005354736e-14	0.0005059277051119	9.62737269011513e-07	2.886142240415294e-25	4.007828226230772e-25	5.7020174959087735e-25	2.84086995011481e-23	2.0652816714639712e-15	4.995399341327662e-35	3.3981605841066106e-21	1.4580048568020182e-23	7.354289583884747e-28	8.333991975460074e-80	8.548012490232673e-34	7.589843851898201e-34	1.420704243544696e-27	2.678530772402375e-35	5.0386850484874863e-26	2.864790717686681e-25	5.202733372067788e-18	7.698134711404029e-22	4.817831759249333e-65	1.3319604487645192e-46	1.8766527709367839e-47	5.5536839567955166e-55	2.2760540818573974e-08	2.0016365365644647e-11	4.8694251846813306e-05	3.148744684637261e-57	4.905833692188362e-59	2.0720480565311315e-57	5.9692057465421326e-105	2.4291838799681086e-104	4.4855700222942987e-05	6.684255214146312e-05	6.671074102426296e-06	2.212101299427894e-22	1.4255912229245772e-09	1.405610717174017e-23	3.3291613833801106e-13	7.125016915978127e-10	0.0026396684930721	2.744307488209944e-07	6.482938646993927e-09	5.925909654973231e-23	1.5674170000269373e-08	1.597644244273912e-75	3.9645423141249484e-75	1.51701744383156e-40	2.727077617720822e-21	2.0947011457494096e-22	1.049057578846394e-53	2.717562763649408e-26	1.3587372848794242e-45	0.0	0.0
229.3436676899952	844.6313122873515	7955152.0151295075	322832.1991377257	42.35847454625145	0.0187633645041796	1.09261745439043e-14	0.0001821346107837	0.0099774507008159	7.051117504907205e-07	6.853213470464721e-10	5.6246412963073136e-27	9.8741517413601e-33	1.2162706595117263e-24	1.3465981075240246e-20	1.2605825190019414e-11	8.0543398398662965e-56	1.272313096049546e-40	5.608393545748416e-52	5.53169876807808e-43	1.8547708123610423e-30	5.541679772951445e-34	5.0609537104729e-33	0.0894152340935833	0.8971322627596328	1.6394470713330323e-22	6.860291318776081e-13	1.5925209505983883e-10	2.3686353739298914e-22	3.9577186305004045e-27	4.4337798447035777e-26	5.391693582352992e-09	3.724230253312029e-43	2.913373203999129e-47	1.6242406310357193e-22	2.0981424438417325e-21	2.519976150573759e-33	6.590132790215072e-33	1.4599714186789424e-16	1.1749825111306145e-15	0.0005059397560913	9.62760548898826e-07	5.113224429820891e-27	3.0161684297763444e-25	6.648583056778088e-27	5.2203245077170205e-25	1.5968374913928943e-16	1.7674037713981705e-35	7.2510355608021065e-22	1.0043615621356055e-24	4.7547427664333044e-29	2.546679856026108e-84	1.3885905122491834e-34	7.440653586006971e-35	1.5003059210466254e-28	3.062045987136559e-35	9.101137646891568e-27	3.514482034082863e-26	4.475494693801085e-14	4.7266358222723495e-21	3.6019914948963124e-66	1.7937028454033034e-47	4.2800298030625397e-48	8.261856211783796e-56	9.808184607220605e-08	2.722470647732964e-11	4.991446749493879e-05	2.989687684648399e-57	7.80518601549527e-60	1.270613841322984e-57	4.6519410851249196e-110	2.796996447104375e-107	3.6476285469440792e-06	8.358365416205436e-05	6.578292709916213e-06	8.049586419133389e-24	6.517263972505954e-10	2.2160908395150917e-25	5.0302564730839646e-15	5.155768832210598e-09	0.0026397732874082	1.3677689329923063e-06	2.3987629698038734e-07	5.3243426900454365e-24	9.506505435669397e-08	7.27255541484513e-76	2.4909697130138913e-78	2.0858913083572765e-39	9.036976281226814e-21	3.7653788517642425e-22	2.950037716256996e-53	8.770823595428555e-27	3.9876901148588905e-46	0.0	0.0
234.91770592985344	1584.895121377345	7850040.502251883	251026.0616651129	42.35917338458668	0.0343733795674202	6.139538104563695e-14	0.000181034565657	0.0099776156116619	7.85829160280523e-08	2.869871262997298e-09	1.3697385985399292e-27	2.4903005614581246e-33	3.2741777667265107e-25	4.5949306326298785e-21	1.2606033183694583e-11	2.9912346647423466e-56	2.04040735279092e-41	4.529525995307313e-55	1.351481009268146e-43	8.287907559016811e-31	9.80306134032143e-35	1.2841920803123232e-33	0.0894167099945062	0.8971470636961886	5.365166697003617e-23	1.6251185290165719e-13	6.564768677233957e-11	6.842028437802711e-23	1.0550303859941463e-27	1.8873376519021645e-25	1.8494258738544184e-06	1.9407756595840468e-44	2.97724417405668e-46	4.305256179306216e-23	6.631648221203117e-21	1.3207793534784343e-34	5.811609266462989e-34	6.964217410150822e-19	3.185580869784412e-17	0.0005059481032417	9.627764393528484e-07	1.5515038819719548e-29	9.76432462590366e-26	8.814957369665929e-30	1.3829427025804366e-27	2.438705465539828e-18	2.9607198405643292e-36	5.865449977093769e-23	3.485885929380364e-25	5.35984434862132e-29	2.59428170798827e-88	2.387379945779188e-36	2.7626876930707904e-37	3.4746537635024425e-30	6.15427105425455e-36	1.8944808729655795e-28	1.365875923737164e-27	4.0944745659186606e-12	4.0405292980302555e-20	5.6584038059162396e-68	3.3213979499273578e-49	4.211899883070261e-49	3.5770325956691365e-57	1.2250591949511084e-07	7.121828096666259e-11	5.13177981306999e-05	9.040007704776808e-58	1.1382697756737788e-60	1.2562911431540898e-58	2.57308247721574e-115	3.65444286883762e-108	1.2942620041082516e-07	6.69690475741217e-05	2.9193848191637065e-06	1.9056548250043228e-25	2.081046672384784e-10	2.120904971087818e-27	1.2991961387348588e-17	7.808411995575512e-09	0.0026398011264801	2.817203635587491e-06	4.290117094084301e-06	2.3838816170793517e-25	3.595934831719626e-07	8.503364412553246e-77	1.0608566717216726e-81	2.941282853702632e-38	7.432453273251048e-21	1.2171694578589805e-22	1.3049082597322112e-51	2.307635875176852e-27	1.615893048641817e-44	0.0	0.0
240.78017680504203	2973.951485368488	7742345.597535031	195143.6506673233	42.360510913857865	0.0629309546353025	2.6310656056808937e-14	0.0001807421917422	0.0099779307548009	1.5378484488041954e-08	1.115133148042217e-09	2.470359089989331e-28	4.0062324846578035e-34	6.135002372361479e-26	3.0688345136460936e-21	1.2606431241589879e-11	2.8712770865195664e-57	3.1961372235948626e-42	1.214531021417603e-56	7.549338827391352e-45	2.6809428924690416e-31	1.2211620018612968e-35	3.606242712545496e-34	0.089419533619418	0.8971753918463522	2.27358866365857e-23	7.155626259395115e-14	4.347955494600888e-11	3.0615803039980536e-23	4.316116505111027e-28	5.865522820104251e-25	2.973540960641766e-06	4.692656418129527e-46	1.1940065200840353e-45	1.607962449153805e-25	1.440913577822733e-22	1.5983513466528694e-36	1.1428769523754826e-35	2.2889365718124774e-21	4.684593589099628e-19	0.0005059640790429	9.628068400367694e-07	3.740138544744539e-33	5.530898699173303e-26	1.2346576234039045e-33	5.9075509810175085e-31	1.4675725178526435e-20	8.668944454728308e-39	1.802164413450289e-24	2.408008839113412e-27	9.347799443029019e-29	1.8515805636775735e-89	2.1171979019262406e-38	6.726904294095578e-40	4.5783689341677536e-32	4.493955338519532e-37	6.5937442999140596e-31	1.2249118114919005e-29	3.6786805408676834e-12	5.762092897875248e-20	1.6636496225332388e-70	1.5990650873734812e-51	7.333328358464759e-51	2.367392529164014e-59	5.7926491840941423e-08	1.71824982778085e-10	5.168374527858024e-05	9.282446812819064e-59	6.479242022187801e-62	6.272305843632711e-60	5.4190022160550656e-118	1.757012105943787e-107	1.3792693994580164e-08	2.72522887831311e-05	6.801591988992802e-07	1.722100051838628e-26	1.2488285661278926e-10	6.494926045516664e-29	2.873264212640418e-20	2.868331095608336e-09	0.0026398809154648	1.52699808959678e-06	1.5182310889199244e-05	1.4378408349743422e-26	2.03305434203407e-07	2.4987987414357883e-78	6.194625126475269e-84	3.981461358609668e-37	3.423393441940291e-21	1.756513179096425e-23	5.376850404016039e-51	4.318285622955261e-28	3.439948554529287e-46	0.0	0.0
246.73926270527505	5580.424419275947	7632025.170341501	151665.77295765266	42.36117077156778	0.1152356622989297	2.1338572566455326e-14	0.0001806305012978	0.0099780860576961	2.1034834894077936e-09	8.118348223897506e-10	2.5574902200982567e-29	1.7939938038662717e-35	6.563232319895456e-27	4.307434253413706e-21	1.2606627616646312e-11	6.240219949121947e-59	5.326881615302055e-43	5.193492286594039e-59	7.306005716011896e-46	4.96399369265609e-32	5.1154973051330085e-37	3.555707874998526e-34	0.0894209265933937	0.8971893673508333	2.751959717757793e-24	1.6650705286528764e-14	1.9550486721834514e-11	4.7213962798455895e-24	6.366674807081056e-28	2.7861332990399007e-24	3.2244522084160254e-06	4.497724565143857e-47	1.9127422567762693e-45	1.922440189263729e-26	1.2182406619541684e-22	3.322486988675352e-37	2.958797194628733e-36	1.2001854984056906e-21	3.4894993342254574e-19	0.0005059719605509	9.628218378955845e-07	1.997952253959759e-33	2.156241061014213e-26	8.311927817774124e-35	4.524681583790559e-31	9.202726427098594e-21	1.7340280934802247e-39	2.2080941160129392e-24	1.555374467042214e-27	3.2629066580040953e-28	1.3160692589220247e-84	4.029927489766893e-39	2.481848982648602e-41	5.484884577506322e-32	3.278176659042074e-38	6.420052300780175e-31	1.9055787055773536e-30	1.6230871533685461e-12	2.955259245792856e-20	7.04714130166342e-72	1.0253722095509618e-52	2.8912011911686023e-51	1.2363237608270336e-60	1.9056199399253452e-08	1.255904614591445e-10	5.182653019142119e-05	7.852056048902476e-60	1.785122189274155e-63	1.3856446665620956e-61	4.812732799355517e-113	1.8562787453166703e-102	2.559000055559618e-09	7.696792622359283e-06	1.794343790122205e-07	5.694803661593168e-28	5.064230426826458e-11	7.025910864360154e-31	4.216826927097794e-21	3.9040352812308146e-10	0.0026399217642531	3.932562278512994e-07	2.07538722963152e-05	8.110557760780853e-28	3.34812392021524e-08	2.5587137410868726e-80	1.995380564013903e-86	5.0977977725359903e-36	1.8817774431561905e-21	1.960055673779737e-24	3.846799360228257e-50	4.618768657829532e-29	5.2537570930749504e-46	0.0	0.0
255.51954223365195	10471.299499155306	7517820.34547758	117847.93993959612	42.361369979252345	0.2088028573144831	5.6944132925012046e-15	0.0001805953632323	0.0099781326773802	7.141042082311012e-11	1.7289739519318138e-10	9.974645928261196e-31	3.48852610962242e-38	2.677035287701038e-28	2.634493328026007e-21	1.2606686903911468e-11	9.715946039738719e-62	1.5883139265326628e-44	3.5026268312563903e-63	1.849037046453864e-47	3.398920965651245e-33	1.7862823859209988e-39	1.4990160814091892e-34	0.0894213472564685	0.8971935863860857	5.932751967676326e-27	2.318229506080211e-16	2.078197089075415e-12	1.2076594323046683e-26	1.7393141546014943e-28	6.3651249853333895e-24	3.30947005050823e-06	1.0272969115938874e-46	1.2408268640892605e-45	1.4110758389649384e-28	1.5749104026796764e-23	3.019698772216711e-38	4.105287027257829e-37	1.1877218059342376e-22	1.4053339101127297e-19	0.0005059743399256	9.628263656239742e-07	1.3373143194672362e-34	2.449037985145781e-27	1.5220658090285995e-36	1.5149964213027191e-31	1.0289254696629609e-21	9.699601854789424e-42	2.241550582130616e-24	6.450697164261166e-29	4.521486437116175e-28	1.2127068198778027e-79	3.8053654756580635e-41	1.1147355295207846e-44	1.7770756030550954e-32	1.3701855737741102e-37	3.655040583966123e-32	1.1585969967543923e-31	1.6699938212942867e-13	7.947265875800067e-22	2.704263356783929e-74	3.802326732756336e-55	2.284872860752169e-52	1.2121281262606944e-62	2.4953396068448994e-09	4.6862434681307405e-11	5.187260014257435e-05	6.253148866857543e-62	2.9796488899416097e-66	8.840698198942835e-65	5.645791761949604e-108	2.556620648247471e-97	1.1481301253580062e-10	1.779093068725948e-06	1.0612152848424776e-08	4.833686674676896e-31	5.062860409417147e-12	7.931703926062466e-35	9.44423437441604e-23	9.16654953620538e-12	0.0026399341448016	6.213493948298054e-08	2.2428919237237272e-05	3.4726799052050745e-30	1.2457387978328721e-09	1.3850667782844124e-83	3.071607575004579e-87	6.4877716166620285e-34	1.8032134038119657e-22	2.113492380034718e-26	1.955559654459383e-49	1.883859546380541e-30	5.515069344483436e-47	0.0	0.0
297.8710164544825	19648.705002125465	7384742.062514051	91550.60001143008	42.36140820159446	0.3360980970378769	9.484399771972107e-17	0.0001805929601885	0.0099781416153037	1.9574629215498859e-13	1.074372608389077e-12	6.038988623222346e-33	6.1261797611349554e-43	1.9467222488053368e-30	1.8479342073791641e-22	1.2606698281717368e-11	2.9485212689682337e-66	1.039523426941214e-47	5.120201613821256e-70	1.3223309763180757e-50	2.9560489678647164e-35	7.70879903499766e-44	1.1071206118024858e-36	0.089421428012268	0.8971943958527501	1.1484647138944169e-29	2.320565943714197e-20	1.6419085502315643e-14	1.6238847573432063e-31	3.439264981381971e-31	5.4751294733515935e-24	3.3149355772506023e-06	2.029712079141459e-43	3.1472332410432573e-44	2.879931397168963e-34	1.678488207199224e-26	2.327037551318633e-39	5.015084372415791e-38	9.035479508846356e-26	1.189372611001503e-20	0.000505974796466	9.628272343893345e-07	1.7400500217721214e-38	1.236848825275763e-28	1.887212588802129e-40	1.8643243408839484e-33	8.100764501302942e-25	3.330591537870349e-47	3.3300056227809436e-24	8.254751227724558e-34	9.540901397765789e-28	1.563176131358612e-74	2.209548087022118e-43	3.595947222104908e-49	1.663415831691346e-34	3.8430135620829964e-35	9.224536516878108e-37	1.8002521907587718e-33	1.2675953917443754e-15	9.039638421820876e-26	4.64230597184281e-74	1.442724776034326e-59	1.89349269535396e-54	1.251384847317178e-65	3.45475294633015e-11	8.928728923885217e-13	5.187657319252171e-05	1.2537235077078997e-65	3.333088255237657e-71	6.318274067285407e-70	9.956043815492406e-103	5.3994459241819395e-92	2.544141766270159e-13	6.17946018280332e-07	3.5050130459021193e-11	3.808405377789139e-36	6.506049703732191e-14	3.893517620636517e-40	2.671570032883951e-26	8.929415635187785e-15	0.0026399365264961	1.1888797043818632e-08	2.274597760566463e-05	1.2852319244459914e-34	3.388809345301764e-12	4.008669130479941e-81	4.3365041242225586e-82	1.7268525635878214e-29	2.5645180679661567e-25	3.390429830301871e-31	3.8805022022160015e-46	1.369954601085854e-32	8.452007138319663e-50	0.0	0.0
347.9592122862085	36869.50299642311	7229361.828555834	82266.3343401154	42.3614209627241	0.539882740455254	7.20472179662778e-21	0.0001805929926547	0.0099781446206486	1.4398720401212172e-17	3.433881312647649e-17	9.831441399057084e-37	7.638872754921043e-51	3.738244649574698e-34	4.802170164711619e-26	1.2606702080167448e-11	2.0076572537347095e-70	7.625338651699723e-47	5.500356953951429e-73	2.7662640605597115e-57	7.325881719252324e-39	8.168022524091054e-51	3.1904721558374357e-42	0.0894214549537859	0.8971946661242346	4.889592759236369e-33	1.9986189822114904e-25	3.228930834339072e-18	7.21352347455892e-37	1.107524139977579e-36	5.9390635807117675e-28	3.3149564973875617e-06	6.266166117945836e-43	7.681503725413017e-45	9.034916635603533e-43	1.2330201582205254e-30	5.542943535956985e-44	3.071775383712638e-41	4.020155200214545e-31	3.828204334439906e-24	0.0005059749488985	9.6282752447588e-07	4.3517997185395833e-44	1.1907654480695139e-31	5.377539300238467e-46	7.306464776527488e-39	3.013268747368116e-30	6.157025893188434e-53	1.874960562686951e-26	8.40974702281126e-40	6.361050093971197e-30	2.4823386044506487e-69	1.2251836361392891e-48	9.201766221551572e-55	5.583950736450408e-40	1.1333821213381976e-36	1.7274146969911177e-42	1.075426023326327e-38	2.446366482390913e-19	2.7812292026050456e-29	9.595528892119215e-69	1.844108600084953e-63	4.4514492315270736e-60	3.896803939589338e-71	1.071946488721168e-14	3.4936970466816364e-16	5.187662952590852e-05	1.3028467145087946e-64	2.261151076015621e-74	2.6807205261591013e-66	2.371407469440652e-97	1.5729261627498371e-86	4.949432984860135e-18	2.2253103841637458e-07	1.3546778525129108e-15	5.781450506645781e-39	9.10864175353576e-18	4.033888884166425e-40	1.0212858492236655e-31	9.873731729376338e-20	0.0026399373216999	2.586381075305372e-09	2.284949449101556e-05	7.328874669903551e-40	2.554619685040437e-16	7.693974532200116e-77	7.850255886049582e-77	2.593465928190476e-25	9.762244091190751e-31	1.7677227215801991e-37	7.45708860139416e-46	2.6310057390973767e-36	2.312642886548661e-56	0.0	0.0
403.2154779580737	69183.19813220276	7049408.549058146	98843.15050295528	42.36141990599767	0.8742264219028335	3.29019037403794e-25	0.0001805929881574	0.0099781443719483	4.367157034225705e-23	7.68027507618291e-22	1.853800908331105e-43	8.851383355372549e-62	8.090269717243213e-41	4.6407285612437465e-30	1.2606701765986554e-11	3.809621982878604e-67	9.951207176626668e-42	5.721008510666143e-70	8.499609682237415e-58	7.983792266140885e-44	3.374051987428859e-58	1.1673135153403156e-47	0.0894214527241008	0.8971946437426137	5.467648044901291e-38	4.597602041688096e-30	2.408627080639635e-23	1.3374085497726096e-42	3.103109985614075e-42	1.1768400961821606e-32	3.314956415938506e-06	8.677019512986393e-42	7.518542504502275e-49	1.7600065484693783e-49	5.607884128402952e-33	5.590351902141836e-49	9.46313899091338e-40	1.3202909982939113e-33	5.777857685337029e-28	0.0005059749362823	9.628275004794977e-07	1.3827141924386362e-46	3.180411201716884e-36	1.2275445863396172e-47	7.171164530657518e-42	7.1138596047253876e-34	2.3225414582043687e-50	8.415100436725311e-29	7.893208738988109e-46	3.049702286541044e-32	3.5388837347000115e-64	3.083133082855509e-49	2.1726807654472857e-53	2.788969590868749e-44	4.3912574280412125e-39	2.869878555012068e-48	3.535957154541606e-44	1.8137817346577e-24	3.3488991369841556e-32	1.970747861729952e-63	3.738869384688228e-58	5.736420197613206e-59	2.2883245180191274e-67	2.6757178905340854e-19	7.280365962292966e-21	5.187662824358765e-05	2.0164729324334097e-59	2.8199866503385555e-71	5.2205235489369455e-61	5.814670303848527e-92	4.7602691118171755e-81	1.9812556071162505e-22	2.5367174834644135e-07	2.42886645002688e-19	3.8277838395831614e-34	1.7936886353931397e-19	4.684281429240042e-35	3.279199853533301e-37	9.679187307752908e-23	0.002639937255814	5.765273152815282e-09	2.284011929506865e-05	2.8869911595370977e-44	7.2832644785529e-20	1.1064153770819965e-71	1.344407948270916e-71	9.276811978701081e-22	3.1178764396331634e-36	1.2526108555971112e-44	1.3060029053253504e-46	5.696194900941808e-43	1.170075903635974e-61	0.0	0.0
463.8996990679669	129817.72236701909	6842506.17577035	114894.26742810712	42.361377107808224	1.425837209799358	2.117897938200076e-22	0.0001805928057089	0.0099781342910248	1.9545109604767003e-20	2.7192094452881644e-19	2.2521730658145123e-53	1.224335314558549e-66	7.121221057064872e-46	4.820810952162508e-27	1.2606689029439835e-11	1.6092596477115084e-69	1.1308248284165935e-36	4.432751171737656e-62	7.269932215914696e-51	6.72117173560509e-46	1.6546735039219172e-53	7.149310711534647e-43	0.0894213623811648	0.897193737297047	2.281199481337297e-37	9.890672421115308e-26	2.011733602100044e-20	4.208706235261605e-39	6.716230654486228e-39	3.615726181473856e-30	3.3149530664415687e-06	7.158683245314927e-37	5.556362517468345e-45	1.3077404750086951e-43	3.443287001218571e-29	1.3900614263466857e-44	9.922024240670487e-35	1.9762776071921482e-29	1.1796415124051995e-24	0.0005059744250929	9.62826527734767e-07	2.785544097295677e-41	9.25024404472128e-33	2.608567165595798e-42	1.2016500924831207e-36	3.8342636290878484e-29	4.120967745401841e-45	1.4452444060642775e-24	5.277253495952801e-42	4.5968669533796785e-28	4.334553306724156e-59	5.21363011435234e-44	4.4615769942744817e-48	4.345708269858666e-39	5.609049577004952e-35	6.340950346808217e-44	3.510503050846044e-40	1.509319139766323e-21	9.600799589028696e-28	4.077353272299914e-58	7.574510037827481e-53	1.201578292562683e-53	6.468671221208514e-62	3.845884744901227e-16	6.792306369687044e-18	5.187657583194752e-05	2.6973206431840606e-54	4.872036474714178e-66	9.420045295415603e-56	1.622948969912361e-86	1.5125483366506806e-75	2.5059072899568537e-19	1.573938163161408e-06	6.196766940459225e-16	2.02042503196845e-29	3.639790561941207e-16	4.91131650585004e-30	6.924131918586585e-33	4.524999389770442e-20	0.0026399345886408	4.5985871246395824e-08	2.248991925208422e-05	3.442507989612258e-39	6.782642886971142e-17	1.3720821221476203e-66	2.1613420106340132e-66	9.222072180326099e-19	5.088636022422529e-32	2.2308917665526702e-41	7.444868267627301e-41	4.520907500685619e-48	6.539075850751219e-54	0.0	0.0
530.3089944591885	243594.4202573081	6606156.597869979	131472.20270888644	42.36076466476487	2.34041090987822	4.3992351374496214e-20	0.0001805901948318	0.0099779900313915	1.2905703700471393e-17	3.390347339177083e-17	8.063742067716326e-47	2.1843723985552095e-57	1.140548884564751e-40	3.750663128607588e-24	1.2606506767277656e-11	8.105781682776946e-65	9.990024733272904e-32	5.636777049064099e-54	1.102267231622813e-43	9.95802744103613e-41	5.3006249722016725e-47	1.034111190982645e-37	0.0894200695641519	0.8971807660457486	4.210106773470927e-32	7.684877442530194e-22	1.017538680637183e-17	3.3408457010206325e-35	1.045020190269234e-33	1.125271917337948e-27	3.314904697949293e-06	4.766657342492088e-32	7.302978563597051e-40	1.1027216629161094e-38	5.311840553360268e-26	7.808993557736588e-39	9.52398602969628e-30	5.699437815516567e-26	4.153901271861309e-21	0.0005059671099279	9.628126075972171e-07	5.521016914463461e-36	3.1378569006048577e-29	5.348347586693377e-37	1.9071978058998447e-31	4.428613907958441e-25	6.912158450614249e-40	1.818392933810947e-20	2.6396438697878576e-36	1.2914803338534455e-24	4.085771655578786e-54	8.327253926904304e-39	8.959742216822635e-43	6.763583143365283e-34	2.427546944883951e-31	1.6009196437143103e-38	9.225872395944155e-35	7.68242895109859e-19	7.442477408338823e-24	8.445025815434436e-53	1.4783600452967024e-47	2.4273135799737647e-48	1.8722170898610722e-56	6.445052326605852e-13	3.435409779410271e-15	5.187582543952649e-05	2.787005247959525e-49	7.892901372346995e-61	1.4723821258385405e-50	7.261868262603454e-81	4.999196079575068e-70	2.5218872710260234e-16	2.0665690855723645e-05	8.388454384193438e-13	5.477923022009988e-25	5.772600082877964e-13	4.250426093594968e-25	8.399488290485535e-28	2.239927654707825e-17	0.0026398964215623	3.23482871087238e-07	1.7577901176872056e-05	4.073362448951246e-34	6.586627017661297e-14	1.3315757790160857e-61	3.152931613414768e-61	3.266928059902546e-16	7.208756225876178e-27	4.2390953960867135e-35	4.320190385284202e-36	6.6792148078348424e-43	1.936748697934245e-47	0.0	0.0
602.8348387612452	457088.9128121799	6337696.004910624	148823.4527600371	42.35861348028983	3.863083184569125	3.267618309015008e-18	0.000180581090889	0.0099774833262313	1.2703833217422032e-14	1.4963264861091128e-15	5.336940613441512e-41	1.4528127343766454e-50	1.1124250757336168e-35	4.1667953713501815e-21	1.2605866572608958e-11	8.414207779970664e-59	5.1498247768629e-27	2.182964878416692e-46	2.301360343812084e-36	1.2278360919311666e-35	6.82397954760269e-40	1.347272929564386e-32	0.0894155283003443	0.8971352049910348	7.229963708670839e-27	4.0977217348754895e-18	3.852257289755728e-15	5.3682028418132815e-30	1.7275176663878595e-28	6.38414595712279e-25	3.314638389759296e-06	2.4536061978764297e-27	7.634959217991304e-35	1.2434324365962839e-33	6.839025219437511e-23	9.863786103716466e-33	6.304452231821351e-25	1.3676652270047832e-22	8.904816638879456e-18	0.0005059414156663	9.627637133996074e-07	1.0185283135359086e-30	1.3214098664420316e-25	1.0207384859547251e-31	2.6939309493202754e-26	2.4462573751029768e-21	1.0576022077756823e-34	1.8383739006030104e-16	9.5393041736134e-31	8.04837625246478e-22	2.312242402910984e-49	1.1908858000713578e-33	1.7106523440070456e-37	9.339247894447671e-29	1.3929381403495802e-27	2.989865290461961e-33	6.176471841590929e-29	3.0291840738136004e-16	4.067217504885599e-20	1.7238671159767844e-47	2.6846887944934658e-42	4.5656446806733694e-43	5.460756884361254e-51	2.1233534407267034e-10	1.99477900478912e-12	5.187301548538256e-05	1.7017307569388085e-44	1.1708354343241496e-55	1.662021616293244e-45	9.08930659031357e-75	1.69316559930626e-64	4.2791365746039895e-14	8.831373007445906e-05	1.8962551124511096e-10	4.1060166887336687e-22	2.8683533432241497e-10	7.657992798240153e-21	8.147249695995907e-23	4.389782023889469e-15	0.0026397623601228	4.145093725761561e-07	6.191482928198892e-07	3.602546720571107e-29	6.869867463295702e-12	2.1364090306107005e-56	3.9979896005998937e-56	5.0909563672226423e-14	8.197049880815257e-22	3.046558944442256e-28	3.3266643274999046e-32	6.135888018487614e-38	1.2468415966410738e-41	0.0	0.0
681.9687797712586	857697.2904187548	6034283.016479058	167418.56156231932	42.358519833819294	6.407672409077832	2.8468261067905955e-16	0.0001805916847828	0.0099774613303238	6.048361558569079e-13	6.567341906708662e-14	5.702205955699185e-37	7.836630753824206e-45	6.886019501842612e-32	2.436674225709975e-19	1.2605836520425147e-11	2.0917708230853782e-54	7.745910476406348e-26	1.7358356484063494e-42	2.0504723006962042e-33	1.7326984988047282e-31	1.8983709010121462e-34	1.3593984092898247e-28	0.0894153021688954	0.8971332223493541	7.104148431625178e-23	1.5378157932521426e-15	7.23754824323359e-14	4.4519925842337196e-26	1.2116188898253125e-23	2.327705994607909e-23	3.306930120586697e-06	1.2852475886474192e-23	3.084331602661576e-31	6.970116208861085e-30	1.0772593106803268e-20	7.13133976762799e-28	3.245400454746234e-21	7.163369796306661e-20	6.747129014625687e-16	0.0005059402971308	9.627614755262485e-07	2.4696936619372787e-26	2.331645171047688e-23	1.6138777489178727e-26	4.5836935512218475e-22	6.321551481094388e-19	6.027702585440048e-30	1.089118463111985e-13	8.79284171943348e-27	4.684618180970679e-19	2.565262747871724e-45	4.359822930539138e-29	2.7614933448861867e-32	1.3115151370231703e-24	7.918725378821018e-25	2.387513272614229e-28	2.613738764366988e-24	6.5119528891500015e-15	1.718712664578389e-17	3.3315530010508253e-42	4.062359572078736e-37	7.473186445074698e-38	1.5683371177651513e-45	2.993262190722879e-09	1.3690526669106728e-10	5.186038714064102e-05	1.195096148238459e-40	1.5107326752186973e-50	5.626193816540653e-41	3.951510032718342e-68	5.751353756015924e-59	1.9899185176618764e-12	9.14973466887181e-05	1.4905946615733747e-08	5.693448986033281e-20	2.799215219142348e-08	6.018708911440576e-18	7.228466845950358e-19	1.6893173490555274e-13	0.0026397563931944	5.186351883094428e-08	4.2612713186679164e-10	5.381907639504118e-26	1.3241300432930676e-11	8.017954256947252e-52	3.9706934678627003e-51	4.114029725985549e-12	1.908259986440257e-18	7.28763470650657e-24	1.164505761013574e-28	3.859476967225497e-34	8.933885935987874e-37	0.0	0.0
768.3068636737385	1609412.5702277836	5692823.9044182105	187441.48737968664	42.35853039430603	10.672435529520053	9.113361033737406e-15	0.0001809092047568	0.0099774607584506	7.316904134291617e-12	6.438082015746573e-13	7.487480938043126e-34	9.981828256538052e-41	4.27651795921019e-29	3.712369159540194e-18	1.260578383471663e-11	2.0172589205098323e-48	2.393520259211861e-23	5.761981272002703e-38	8.157619220162469e-30	1.9446247813907027e-27	5.731761916975727e-31	5.795586324629389e-26	0.0894144208255268	0.8971334750115882	8.41353231709623e-21	9.724457596203809e-14	4.132094570702554e-13	1.4832615716931766e-23	1.2005070510969134e-20	2.606516887566599e-22	3.1583784985154063e-06	8.279092434481596e-21	8.447673287086603e-28	4.8871417208581796e-27	2.3071215710695133e-19	1.7744500414970268e-24	1.998874583627164e-18	1.4603144422866216e-17	1.2277639426894704e-14	0.0005059404232659	9.62751637806376e-07	4.821911904082261e-23	9.330781975811933e-22	2.7052360186243546e-22	3.014818763438981e-19	1.2149612730648469e-17	8.131173207763557e-27	1.0174744904281714e-11	1.6176490633063678e-24	5.4096942631797077e-17	3.46053067464189e-42	2.0245535501766115e-25	1.8998029234818954e-27	7.558746674316532e-22	7.778653610866595e-23	7.7870656482516e-25	4.122740912278533e-21	4.8420448357873816e-14	6.629372740098029e-16	5.353592101376946e-37	1.4914870054238048e-32	3.6771147519957776e-33	4.299647230087889e-40	1.2939677762807146e-08	2.6924902532896387e-09	5.153973613378891e-05	1.563366175988898e-36	1.6702819359924932e-45	1.830470592920608e-36	2.3920345820356423e-61	1.9079201226598567e-53	2.152240287738502e-11	9.116912530024794e-05	2.74996623158701e-07	1.4742333771961378e-18	9.026172746026872e-07	1.6884292406939012e-15	2.805033203692658e-16	7.675347351431792e-12	0.0026397612145966	9.046875131625408e-09	1.0179789203471568e-12	5.1454432807463916e-24	2.063186540688884e-11	1.4553515177727252e-48	3.842671326564082e-46	1.9513164413613766e-10	5.298057629837349e-17	7.371973344314047e-22	4.845537523799317e-26	2.298461995433249e-31	2.559508350548684e-33	0.0	0.0
862.586888253744	3019956.866067018	5309927.176973134	208959.2888766993	42.35880409650297	17.83740026132638	2.4294803838007965e-13	0.0001861516615558	0.0099773119234071	5.933036997138773e-11	2.34722323233616e-12	3.7439805343595215e-31	5.119964242774879e-37	2.3116223915631446e-26	3.624884023510062e-17	1.26059273523035e-11	3.4170471257896773e-44	3.9126344265215473e-22	5.242777024799524e-35	6.766190932736346e-28	3.31506913338184e-24	1.30341319405332e-28	6.923253404481341e-24	0.0893974020810678	0.897139948977937	4.952488290584415e-19	3.461575180861495e-12	1.875623711955104e-12	1.8655543604632528e-21	4.796600552184706e-18	2.1442368873196298e-21	1.834954300248384e-06	2.115226216026427e-18	1.9144034277473524e-25	3.4786522417783834e-24	2.5899791169455346e-18	1.352977442457318e-21	6.717123480720522e-16	2.593018396276204e-15	1.3989847108223833e-13	0.0005059436924075	9.62270283500307e-07	6.130999363403716e-19	2.2859137232431242e-20	1.505601042754401e-19	4.140075621877333e-17	1.1017530490433235e-16	5.3474800503093935e-24	4.975801155404026e-10	3.0812580572488787e-22	2.3681338551079897e-15	1.25598571385615e-40	4.3211930151829e-22	5.840913471631046e-23	1.5858797154632054e-19	4.1673696880838455e-21	2.230953705744924e-22	2.126079263897369e-18	2.1657302836265442e-13	8.068569611655387e-16	1.1565835133280838e-32	1.8331138017715554e-28	2.952781726879216e-29	9.696185351698203e-35	3.984011885595335e-08	3.4193129927165135e-08	4.648317250004936e-05	8.889892246349084e-34	5.05348068861961e-41	5.12111511060702e-33	1.0511021449893919e-54	5.977422244126378e-48	1.4067635048230428e-10	8.443174847794503e-05	1.272668003295242e-06	4.796095848073821e-17	1.782150717404068e-05	3.076477690143248e-13	3.9064725106959524e-14	3.4797292234605107e-10	0.0026403524585847	1.9032000434353476e-09	5.682709491319023e-15	5.923632738087867e-22	1.59424001516764e-10	6.881427693403787e-47	1.6080439318632917e-43	5.721618873443489e-09	3.528388600072325e-16	2.4769557731316552e-20	4.491083194024246e-24	9.359950126310463e-29	2.6224509261294608e-30	0.0	0.0
965.6785319009316	5666750.491214649	4881866.899631968	231706.64932289347	42.36094720862064	29.89903397317488	3.3083129828315338e-12	0.0002150801105843	0.0099729420197754	2.2671426259258948e-10	4.288240691131807e-13	5.569813185537484e-29	5.108413403385112e-34	5.9217337606359636e-24	1.8495858424349722e-16	1.2658806874768682e-11	9.367219900513252e-37	1.4843140126977373e-21	7.966849643285056e-28	2.535822286017305e-27	4.12069798720798e-22	1.98594867166886e-27	1.3674457294434521e-22	0.089271195558075	0.8971945959700407	6.6129486828869414e-18	4.500337017931052e-11	4.633891646999889e-12	4.396221498527213e-20	5.513019425071183e-16	1.032518063720566e-20	2.1337309601481105e-07	1.8145182902004628e-16	6.390920043190251e-23	4.586583875100505e-22	4.9046230791766544e-18	2.353633887842716e-19	1.8165151144781485e-13	1.1086847000251177e-13	7.085668605099902e-13	0.0005059692901501	9.510514854725634e-07	1.1713723621204422e-17	2.453328275471745e-19	5.2167049347038965e-20	4.3348485130614646e-17	1.363770620636385e-16	1.7165580643877887e-21	1.1763143835885865e-08	1.2158569708304184e-20	1.8781930885267583e-14	3.2836880069167715e-38	5.771858617212788e-20	9.985907804623056e-20	9.478652970182814e-18	1.035376712532964e-19	1.1019727457230102e-20	2.640624875958089e-16	1.3691681572013588e-13	1.810758947862539e-16	1.5551980625228822e-29	8.545761739622077e-25	1.1404231103238436e-26	4.008381732097022e-30	4.0682557339718553e-08	1.3738338509233517e-07	2.2399312491403163e-05	2.6464782929400533e-32	5.042566957617098e-38	3.353540195654945e-31	1.689037670700661e-48	1.691770576605313e-42	2.0068217475222275e-10	3.590879600889317e-05	1.4467947808710376e-06	3.699545878454989e-15	0.0001392835533513	3.27681822720473e-11	1.1252773220767361e-12	2.353300180191546e-09	0.0026397411641467	1.1106491702203032e-10	3.6161579709314985e-18	2.2686585027756523e-19	8.913263994239106e-10	1.496919868415967e-44	2.0108567284131257e-43	7.92927490902061e-08	1.2649953823768293e-15	6.219226240049843e-19	1.3690165826617862e-23	2.5484969309452926e-26	1.9761529844299451e-28	0.0	0.0
1078.8040578468958	10633284.697043387	4404408.935494473	256894.0685921076	42.36362217277199	50.22361121072879	1.7603667792806456e-11	0.0002575433105337	0.0099379948552479	3.5478584347185027e-10	6.231015019281984e-14	2.332658955294576e-27	1.0973914969284385e-30	2.7751777800363743e-22	3.0892827002490157e-16	1.3223484522081232e-11	5.233400351680057e-36	3.364053311782505e-20	8.705200226738811e-28	2.2224293120408246e-26	4.892276489792711e-21	5.720368258290256e-27	2.0894918996077496e-22	0.0890769267035914	0.8973473305288483	9.830917847083622e-18	1.262351259266125e-10	5.289014368843059e-12	1.0275934933548532e-19	5.355109162241661e-15	1.790378143428935e-20	8.657550502646681e-08	2.627342128937916e-15	9.970829432506322e-21	2.199559353866868e-20	8.422433867027382e-18	5.2824357875949625e-18	1.2107586547927911e-11	1.4228766296912225e-12	1.1104860472664865e-12	0.0005060012401318	8.829949814779161e-07	2.7307769130285904e-18	1.0167083360428706e-18	1.157027860782345e-21	4.8322868417916084e-18	1.5124985456008646e-16	6.854773621578073e-20	7.986308160501252e-08	6.448707976693225e-20	3.3183190308799826e-14	4.7989983584966375e-37	1.5635421210496646e-20	1.1298368768289945e-18	2.8988356157122014e-18	6.007561370803825e-19	9.383576947862988e-20	4.421971176173013e-15	5.77044904854042e-14	3.912469011433371e-17	1.2892211765605383e-26	3.4010028736643893e-22	3.93894653122037e-25	2.2873880504964788e-27	2.5091722465339484e-08	5.016078364116417e-08	1.5647479712455704e-05	7.757276651249894e-31	5.851125791243581e-35	1.7286558236642257e-29	8.411293330125645e-43	4.02106053989084e-37	7.863722994878035e-11	1.614107196242051e-06	3.9042093072624665e-06	1.1746582262662864e-14	0.0002430499257385	3.3644468966651025e-11	4.837392270071866e-12	2.199697034260581e-09	0.0026084152617897	9.065018331303324e-14	6.238816609704665e-25	2.2926373899556377e-18	1.2766399191525662e-10	9.57906312719046e-44	5.034320121410297e-42	4.447153005838941e-07	1.0287113388366805e-15	1.82742661574004e-18	2.35019850156914e-23	1.788198240372132e-24	4.768662309320251e-27	0.0	0.0
1203.9707575299071	19952659.5751248	3872565.206144587	288988.4481365584	42.37310061937366	84.46272293963635	2.3652282482442145e-10	0.0005065472381607	0.009653048741094	1.6354137602451148e-09	3.7413736876869735e-14	2.1147961782008504e-25	1.0039499047188797e-27	1.2201630942062822e-20	1.5792282124908866e-15	2.309590682119058e-11	4.266948289041178e-34	1.6464855976705125e-18	8.260462544947498e-28	1.5010718112928795e-24	1.1023156422428346e-19	1.682132174967621e-25	4.521530494033358e-22	0.0881713123585106	0.898291302396836	6.416112214115319e-17	4.394571394284432e-10	1.946974836217968e-11	9.884473300850893e-19	2.6655968554711663e-14	1.0206411257153892e-19	5.3260182243097455e-11	1.6036051846311822e-14	4.0315919122048185e-19	3.888149939288788e-18	5.054430928427977e-16	1.9810482782319508e-16	1.277205135055761e-09	7.697541294766383e-11	3.555318218424855e-12	0.0005061144501397	6.099697684087504e-07	8.242909530200204e-18	1.1845822902474556e-17	1.349598726897889e-21	3.4658017523916144e-18	3.952069955272072e-15	1.5113220417848716e-17	3.517434552973188e-07	5.220855454735942e-18	6.002724462423987e-16	1.2507828583314256e-34	1.1253571314202531e-20	1.1097807792461088e-17	1.3783723357194332e-18	3.211433735891849e-18	1.1621097051497524e-17	1.292825763104674e-13	1.0568893773563118e-16	8.48584522894594e-17	9.576101665946472e-24	3.6013230153055244e-19	1.149930670471655e-21	6.552085954827171e-25	1.090991397401239e-07	4.705431726829602e-08	5.409966553949516e-05	1.4115743184710922e-28	7.984905161695682e-32	2.5834380833497308e-27	5.149177729305341e-37	6.96472249527743e-32	3.121283693120054e-10	2.75861193655126e-06	8.156287920523822e-06	2.1011216759563123e-13	0.0004251692174172	2.3494467696639697e-10	2.07364902191334e-11	1.4841306144879978e-08	0.0023779796855183	1.2820532866128354e-13	4.225801497430076e-25	7.442319654446939e-17	6.582275129005515e-10	3.9437238682386735e-41	2.884856345257364e-39	2.373647390114605e-06	2.287190827876727e-15	1.7209136305600542e-17	1.2641906653201167e-22	1.209391455721997e-22	9.383045964753654e-24	0.0	0.0
1344.7307009777458	37439853.7670598	3280020.880908012	334209.5300575086	42.39957022392973	141.98754752217974	3.092758008294357e-09	0.0004723531446315	0.0096254820211804	7.986218811947853e-09	2.2320146930579331e-13	1.5806701523036758e-23	3.033451745887075e-25	2.0900592266129528e-19	1.6568868038323533e-14	4.8694400281976496e-11	1.0064151151276152e-30	2.158557288037193e-16	2.3306818864952336e-24	3.4202711934159105e-22	6.268336659850817e-18	1.6294318188116758e-23	4.770714626526805e-21	0.0863630995435874	0.9001838168546643	2.3954203638195707e-16	7.15631488575709e-10	8.108208577332946e-11	7.624555352803876e-18	3.1273057994981873e-14	1.2601785468534553e-18	1.417975388456503e-11	1.5502906802568853e-13	5.2295527570898826e-18	8.57376288026087e-16	2.6092849442225052e-14	3.000463700537836e-15	4.5080241114680576e-08	5.901813518976026e-09	1.63545759105768e-11	0.000506431010918	4.1989061732987947e-07	2.145897280577463e-16	1.4108921776793176e-16	2.607868956689012e-20	7.145416445411105e-18	2.2382199845065885e-13	1.345747675642368e-15	4.909545964900856e-07	9.928246786968797e-16	2.6363879906881438e-14	1.1468059294985097e-29	7.232532798045867e-20	3.779674833317238e-15	2.9443068197205826e-18	1.4843306783166213e-17	2.529588044141136e-15	1.5833351141780922e-12	2.1964707462925102e-16	2.907808307941036e-15	2.299787002187622e-21	3.04247154455152e-16	5.369569652819484e-18	7.468193496546121e-23	7.144065156301081e-07	3.5263695293637473e-08	0.0001220420367987	6.054795755691098e-26	1.6439445892278974e-28	3.69025043404432e-25	3.491111413277602e-31	6.2783862125586076e-27	4.455076627034129e-09	2.457495104825083e-05	9.425459770533842e-06	2.5555040257990062e-11	0.0009571555332828	1.6813762376792622e-08	1.0441504138522295e-09	1.975098326454616e-07	0.0017286761676356	5.668073058924335e-12	3.464500206293335e-22	1.279638653536406e-14	2.15764607797284e-08	7.076483092932428e-36	3.3862311639189717e-35	4.978391248260134e-06	1.3455554649884898e-14	4.309844379186522e-16	5.485336393181863e-21	3.154192662331533e-21	1.445551425467149e-20	0.0	0.0
1507.7740449161804	70253423.85164467	2617010.279912991	395997.8934257493	42.39890509549036	237.6160943154001	4.1107470658208064e-08	0.0003581662834954	0.0097698564372377	4.3669977135661534e-08	3.690093133696969e-12	1.1760897483123552e-21	1.2073654463401261e-22	2.434507835964761e-18	2.0439336882048096e-14	8.178642836171577e-12	4.902101832820732e-28	4.669680903635842e-16	1.1240907219616634e-22	1.594344397923359e-21	3.1319508847176677e-18	1.7540263553768213e-23	6.499682038934244e-22	0.0864729905848731	0.9000889214224007	9.156545193146372e-16	9.70439048698625e-10	4.071168019087488e-10	4.1377545535626045e-17	2.2646857779800362e-14	1.965142014577638e-18	4.725027563549967e-11	1.438523988534549e-13	3.8740399290517044e-17	4.8811244898151247e-14	5.029681346012514e-13	3.240373120062863e-14	5.444520239733142e-08	1.177510812205666e-07	5.7221449369325455e-11	0.0005065030882209	1.750707055760487e-07	1.5845594558917814e-15	1.8327170177912708e-15	2.4168976975639205e-19	1.0754493382088344e-17	5.5156345119711446e-12	5.019594150402179e-15	4.347964839129908e-07	7.755274808628239e-14	1.2472927564577754e-12	9.202050558124011e-29	9.461878954250404e-20	1.5628495584240378e-14	7.543584152241796e-19	5.8242451612830825e-18	1.727433966136942e-13	1.3739777635555536e-11	1.0943845198522598e-14	1.2239092247326572e-13	5.189768786359372e-21	1.562228109123346e-16	1.4607663287910442e-17	3.7239174398874933e-23	2.2104683866116443e-06	4.005016751146123e-08	9.113375091839448e-05	1.9018538746257824e-25	1.7038924276784758e-27	2.7755707906388294e-25	7.637343012328506e-37	1.377796680336392e-33	4.40167780241508e-08	6.962635325638743e-05	1.2161069689364654e-05	7.172373471377666e-10	0.00092660521477	1.2930415083586545e-07	2.069119218578383e-08	5.243008735276555e-07	0.0016956531342432	2.7967856247526277e-11	4.155487509132852e-21	4.337604055821248e-13	9.07472979893757e-08	1.3835807354841108e-34	5.013825020377159e-35	4.453979903270451e-06	4.717504010479601e-15	5.33576978735933e-16	5.815306778508429e-19	5.247126664530445e-20	7.928750579966373e-18	0.0	0.0
1705.902051635435	131825930.56015643	1868002.0910380408	451291.84592599	42.36234693703936	393.7465365349554	4.820809562924398e-07	0.0002859895774351	0.0099094705351309	2.296744603892987e-07	2.66740891220004e-10	8.179982753746238e-20	2.1592247482420806e-20	2.9479133621785576e-17	3.056741625993849e-14	1.8617878955932788e-12	8.436226960951885e-26	5.5916383131124075e-16	2.583840180274632e-21	4.1800284158007456e-21	9.948074707082768e-19	1.2251287390288654e-23	8.290961501953385e-23	0.0891048586395915	0.8973278642852653	3.849644178058501e-15	1.4380879384780918e-09	2.0738449820927428e-09	2.473434009866415e-16	2.0073765728692932e-14	3.962302444910465e-18	4.146447184875553e-09	1.663966671848729e-13	3.0855698796820456e-16	1.9320178057059756e-13	7.757709044745144e-13	3.3856977155490393e-14	4.1010951536055905e-09	1.6670119002916213e-07	1.999751518600961e-11	0.0005063557997261	8.103343326338236e-09	9.366163314685912e-17	2.2516528107329763e-14	1.8964956213421663e-20	1.8336720066097507e-19	1.0253945331224452e-11	1.172537821834093e-15	4.118686276539329e-08	8.369650742863265e-13	5.529537921290446e-13	1.8597710542471663e-28	1.3993741352858126e-20	1.045951358132075e-15	2.746594599942773e-20	3.1760104279245164e-18	8.112730384469424e-13	1.1291590688609506e-11	1.2857824215710928e-12	4.400448759686514e-12	6.741463531320908e-22	4.1018837470238754e-18	1.828981647010236e-18	1.1393102285569702e-24	1.4567698913140594e-06	7.269569739976063e-08	1.5630829581276796e-05	3.7702308399110186e-25	9.989229392354695e-27	1.4341927027821242e-25	2.1951439800742017e-44	4.4699711811823996e-42	8.727800883034895e-08	9.16861275270652e-06	2.3673176433872583e-05	5.867654349877123e-10	0.0002049066579762	6.779768592437196e-09	3.127493636956889e-09	6.571000581660997e-08	0.0026080872296864	3.146113729224427e-13	2.88871745558296e-25	4.369219993796558e-13	3.832351090948891e-09	6.9028065593042695e-34	4.5557848793635645e-35	1.358050114613395e-06	4.853147388094844e-16	1.7755524286206718e-16	2.4226301558615217e-16	8.934721487577613e-19	3.033883614484749e-16	0.0	0.0
1959.744442496789	247362690.88818783	1009698.3881634584	390996.9697995036	42.353826621865366	643.0095000901358	5.452028578582116e-06	0.0002253453894215	0.0099793410490998	1.1747799289046405e-06	1.845055514631618e-08	5.206502374081416e-18	3.5176490868628845e-18	3.311740213828749e-16	4.3667361631155626e-14	4.216316065691148e-13	1.6167371175766346e-23	6.359730527634158e-16	5.419064291966493e-20	1.022178483448647e-20	3.051936251918359e-19	8.156999631988261e-24	1.0365674168241524e-23	0.0897449350575769	0.8966631012034927	1.5439354997875523e-14	2.075804811673945e-09	1.0085725841991291e-08	1.4254928710376277e-15	1.743557704625259e-14	7.680254852850812e-18	3.537584787209581e-07	1.8537375355838354e-13	2.3009942310911977e-15	7.815415036027627e-13	1.2493509064254476e-12	3.980694249485973e-14	3.6431786146648676e-10	2.4675960218900736e-07	8.11318391613211e-12	0.0005062392674783	4.4729861705726656e-10	6.501294866049474e-17	2.665719029562848e-13	1.7141714177072366e-20	4.439770085108465e-21	2.0018170383807118e-11	3.168898077031792e-16	4.614790649728601e-09	9.388185390167329e-12	5.099063144170479e-12	3.4363108745583567e-28	2.406440307303804e-21	8.294981964165829e-17	1.1848405127654089e-21	1.6887663988901397e-18	3.998786390393649e-12	1.0730257420633778e-11	1.4364350981795603e-10	1.5257360095107023e-10	9.88055641917164e-23	1.2739661296737726e-19	2.645872607424087e-19	3.981858527575399e-26	6.491340458044736e-07	9.0381973217051e-08	1.8456692477044304e-06	6.921647067478215e-25	5.307150420642042e-26	7.013593439841142e-26	3.182148683098491e-45	7.546633182408126e-44	1.1614298265393859e-07	5.726802308581276e-07	3.163162745982317e-05	3.130137414741965e-10	3.1191781829597136e-05	1.6597135858476884e-10	3.4957810132066536e-10	3.898299886857214e-09	0.0028074733870326	8.137370978812711e-16	1.147849502353451e-30	2.8511075848636454e-13	5.3027556049851656e-11	3.0950540321913574e-33	3.8326685066356367e-35	1.987261734987247e-07	3.3940360440167116e-17	3.974039151138403e-17	9.415775524022274e-14	1.401733201293955e-17	1.198233938263008e-14	0.0	0.0
2312.5724229	464159824.87999934	0.0	118787.66282622244	42.34962062886975	1022.3785030112128	6.550113358979345e-05	0.0001778623726188	0.0099949693988389	6.402753680583623e-06	1.4381556193532948e-06	3.7247160258600396e-16	6.617269380124232e-16	3.969773491078241e-15	6.32600128173564e-14	9.484971360033813e-14	3.570797048348042e-21	7.388428016213735e-16	1.249848426771591e-18	2.5816312837749583e-20	9.256327648375632e-20	5.469626655787842e-24	1.2605685318453957e-24	0.0899646324136149	0.8963723161268059	6.371212711656349e-14	3.028002215031337e-09	5.0814037137497246e-08	8.717571773700698e-15	1.5146116454621558e-14	1.5407839078623384e-17	3.369288105648753e-05	2.086250593875843e-13	1.8134405126009167e-14	4.657140136788502e-11	2.8603832736091e-11	6.610572685753348e-13	4.3053201626203023e-10	5.15364222314674e-06	4.4809601681034226e-11	0.0005037329490588	3.1944959147728357e-10	7.084029625975366e-16	3.3410916739483118e-12	2.4148937681521267e-19	1.90535090823337e-20	5.649670478695381e-10	1.1684520433354218e-15	6.785205594171388e-09	1.560769241207114e-09	1.5647587133538187e-10	6.626942256540674e-28	5.6091196856788334e-21	8.898795628198659e-17	6.67725443346135e-22	8.960198724934636e-19	2.870198826082518e-10	1.4347555129067282e-10	1.8001356762258986e-08	5.753544517620393e-09	1.971014020906132e-22	5.186020950045703e-20	5.191128325553813e-19	1.812794154273741e-26	2.678919608641423e-07	1.059980249726587e-07	1.953157617936304e-07	1.3167127811571062e-24	2.97178301885498e-25	3.458588170315664e-26	5.4159831151806524e-46	1.1197688929943845e-45	1.4865214634097062e-07	2.9728335499100053e-08	4.012223305564368e-05	1.5452739401224867e-10	4.279073524751447e-06	3.300231764897834e-12	4.883529662905692e-10	1.9137711025096028e-10	0.0028290360632533	1.424478963625164e-18	2.188480134507152e-36	1.7246692711930985e-13	5.460823354108664e-13	1.4758066178925024e-32	3.321735790368624e-35	2.4358535610479105e-08	2.1062250707082897e-18	8.176807422806452e-18	4.3075492404021976e-11	2.3619246550443114e-16	7.639599885227765e-12	0.0	0.0
